Id,Sales
1,5477.241235359563
2,7271.9737904512
3,9215.334090032558
4,6544.858846270191
5,7571.683240965337
6,5949.419452981676
7,7944.6236976512555
8,7772.496911757891
9,5260.923417052771
10,5961.483360879183
11,7403.557495038781
12,7716.871053020347
13,6645.141804660911
14,6867.898565392785
15,6588.804163142836
16,5755.115740736174
17,8273.106774771166
18,9655.660230511803
19,10561.119799855886
20,10602.825389319052
21,7597.305539831056
22,6503.50282530633
23,6617.652503524061
24,4901.338062929937
25,8615.008333716927
26,9921.692016153076
27,9274.238580016307
28,6027.198094657939
29,5396.623445196704
30,5867.746727282907
31,6643.084259464984
32,9479.211565020803
33,6726.545575598829
34,5858.124124245592
35,5607.982187761839
36,8075.55618858763
37,5020.024686643766
38,7339.564981852868
39,5444.482695526074
40,6808.47497775458
41,7031.917876721618
42,6185.852706919098
43,7091.746680978251
44,6911.292376348771
45,6250.760613517072
46,6541.503069706031
47,6960.940486349462
48,10516.43529005089
49,6422.718101542426
50,8824.157459496319
51,7669.541618968626
52,8208.938865583073
53,7313.8041624710295
54,8999.465503383555
55,5677.291664580698
56,6978.724486611745
57,6578.220361921195
58,6853.185016491649
59,8951.236470129616
60,7402.981447387058
61,5587.423819752233
62,6906.081149925808
63,6500.382652153135
64,10029.958451695155
65,5882.6961582945305
66,10921.112351478718
67,5683.267216999767
68,6375.520375789046
69,7405.860166440625
70,6326.018750129782
71,6556.598910301135
72,7267.62747913913
73,7126.652339726163
74,7056.47685427124
75,5808.038939361692
76,7269.961908603397
77,7023.479460691382
78,6981.566617639232
79,5904.979765622464
80,7127.303658608602
81,9448.185500887173
82,7289.216960937338
83,5625.117900291294
84,7178.242482827878
85,6218.359887186163
86,7679.8318886082825
87,7267.151438684583
88,5498.713990338065
89,7617.717011061922
90,7099.428864970606
91,6695.346750526747
92,6716.9560464571105
93,5516.4662008711975
94,6267.0996593246455
95,5758.961787811175
96,7291.0770037706425
97,8169.668914584661
98,5692.678446416655
99,5879.782919918744
100,6937.279557022271
101,6480.2119867666015
102,6738.338981611092
103,6852.157635820555
104,6706.461552483402
105,7318.06318757926
106,5826.552369138143
107,6033.864321563087
108,6705.08637138076
109,8575.384875428543
110,7174.356724745386
111,7992.663575123311
112,8284.773652742853
113,6389.181837328961
114,8294.500802161972
115,6849.597276778911
116,7656.216836219573
117,8684.077962038784
118,6537.749907920586
119,9242.437745402729
120,8144.607981062111
121,7857.401270657026
122,6518.877954307106
123,8147.306785846368
124,7612.547563722169
125,6021.982316125251
126,5107.7790722933505
127,6902.935034644132
128,7762.298682766477
129,6492.548467284075
130,6044.791339381775
131,8328.055769907964
132,7061.272525344188
133,6500.161174513807
134,6326.102081757801
135,6349.759876160487
136,7759.567781080793
137,7108.620902872579
138,6873.129334995158
139,5798.628278434417
140,6691.7881578548595
141,7206.75813269251
142,5610.0204764588725
143,6512.566130092799
144,5472.895859247418
145,7651.873957461338
146,6263.293307544851
147,6511.973300040242
148,8721.461776499022
149,6631.763846671993
150,6559.712396938923
151,10750.790914021003
152,6737.477716061457
153,6927.037856661883
154,6943.373239709643
155,5807.634738811319
156,7205.989571559122
157,6297.873935490273
158,7629.867067415048
159,9614.34531125643
160,6597.194089938703
161,4303.020144458213
162,5761.264712346072
163,7219.808516311715
164,7741.255842373327
165,6872.437220111606
166,6982.463105575809
167,5571.89609924937
168,5832.241420466442
169,5709.634333248757
170,5581.449425904788
171,6468.954717152087
172,7210.915692099957
173,7003.505113106985
174,6855.762200518743
175,7454.0528357977
176,7813.579149624871
177,7183.041040949332
178,6271.271571922515
179,8254.837017994694
180,9195.966021577084
181,6566.903011150794
182,7730.056552063814
183,6673.621279500663
184,7053.98676954813
185,5980.4675684022195
186,6937.037173727037
187,5927.282424502305
188,8098.4706330121235
189,6853.371360099965
190,9117.18872262181
191,8501.595731049834
192,6697.865854527879
193,7201.6235382905
194,17313.291462245907
195,10978.621053904933
196,7744.0972546469975
197,4454.772349583801
198,6485.629147516182
199,9554.15278522918
200,5848.914337278038
201,12397.340606174137
202,16849.06145307658
203,7030.459044169838
204,6378.333331772181
205,7642.208274647629
206,6672.28470455447
207,9813.734208106966
208,6900.8601082289415
209,7735.266895930052
210,4471.103912448797
211,6194.611666018032
212,6935.8809126798915
213,7528.755501990967
214,7791.428689746453
215,5678.987317848236
216,7353.679329167269
217,6820.862394391267
218,6120.75327729273
219,6806.181019018121
220,6876.706036340783
221,6065.517457253679
222,6481.8150097067755
223,6811.655104270179
224,6116.614300434667
225,6117.101885147563
226,6268.532973374858
227,6911.300047412287
228,8270.932153247819
229,6451.45365137219
230,8097.983040826319
231,7317.147880991933
232,5510.923318020408
233,7239.128699420015
234,6758.996933901295
235,5688.293704257317
236,6054.513050929536
237,6960.740698520853
238,6766.6755779241785
239,7109.4228917832925
240,7763.364436836955
241,6803.920792773146
242,5623.40974922128
243,5886.560712006667
244,8050.218942326658
245,6272.432676384921
246,6827.296411444934
247,14276.91274885996
248,7251.312028164358
249,6973.249298885063
250,6301.751905382534
251,6041.556602740768
252,6817.102458752177
253,5146.445379235493
254,7033.770921096402
255,8001.463465441873
256,5866.452883346859
257,17184.253275063726
258,10958.518832488868
259,6323.8654827796845
260,7123.022147790643
261,6285.511510825339
262,7488.925663024258
263,7321.789804047572
264,10452.991595511752
265,7280.628163124894
266,8223.229129330888
267,7015.126108137131
268,7479.297145241114
269,5896.729565085782
270,8891.617558285834
271,6723.185631344933
272,6668.197395522184
273,6287.990091598769
274,6280.905999909648
275,8759.643911941808
276,8144.957103591179
277,6600.276419004625
278,8887.266062208242
279,7383.075851821367
280,9860.686661089796
281,5487.969437075073
282,6007.006306201293
283,7241.340491066047
284,8617.801413796516
285,7351.15457620659
286,6899.374727094302
287,7440.584416528824
288,7215.421277883761
289,6044.411946189188
290,8649.231322880582
291,7649.262389812435
292,6186.06435057541
293,13297.673679331485
294,16436.30307144127
295,7858.740196337087
296,8014.027026137271
297,9574.301048771013
298,9974.503588768926
299,9671.055950964825
300,7385.955647186457
301,8308.006090470702
302,6904.353217529717
303,7690.054999570518
304,5925.456191053746
305,7266.929712290329
306,6240.796357824281
307,6245.426311602796
308,6616.116979365155
309,5445.44129744267
310,5718.78881057578
311,6419.197459467739
312,5562.572404248885
313,5485.553362323562
314,6405.3624266968645
315,7325.927715578272
316,8432.992930702421
317,8119.449442950609
318,8248.483798938847
319,6964.158090240097
320,7239.372884521661
321,8796.458368761152
322,7421.868696463082
323,5823.448613895235
324,6436.957451499702
325,8139.562583861193
326,6146.9629694471105
327,6741.788174092813
328,5839.678562653896
329,6494.117057589347
330,9230.247809389866
331,6181.845950988272
332,7322.500126738553
333,8086.251268809504
334,8809.079096438265
335,9842.900883504339
336,6626.079004666788
337,8793.06095478536
338,5518.16265678601
339,6351.681047834117
340,6647.607394320479
341,5816.449659845414
342,7668.202665784486
343,6057.070663519051
344,7583.732054431715
345,8127.170076570454
346,8684.357912920417
347,8298.536806742208
348,6200.18571184408
349,6589.250671666725
350,7788.747940033192
351,7455.724189746995
352,8294.925367272303
353,6711.032335833091
354,6846.682033291464
355,8231.40237138753
356,6675.76898979751
357,7247.1950985315125
358,7791.935848022795
359,8047.190220289364
360,12864.500281008472
361,7165.5699653750125
362,12375.335095364788
363,6731.112221495221
364,6876.612243816672
365,5307.190280127527
366,7458.166482334275
367,6832.71618996679
368,6048.165234799659
369,7829.140715075721
370,6508.854041716562
371,5219.900429138041
372,6597.896913525278
373,6468.842865056233
374,7259.728273904313
375,6698.868276566417
376,7495.199099621679
377,7170.408560006986
378,6512.029699553437
379,8088.2551591822585
380,6206.897751412147
381,6180.564222004284
382,6566.331230605513
383,7910.416204149923
384,10568.43188633768
385,7377.095601693648
386,5856.301257583709
387,6627.535798179144
388,7550.243946197195
389,7130.452486136346
390,6758.458084803122
391,7828.979346182114
392,6609.494334907227
393,6129.492726355447
394,6736.324901269892
395,7732.080499152067
396,6564.3785386682985
397,6929.07554510856
398,6621.808887496681
399,6328.337461121585
400,5861.795147634548
401,6238.8075720025345
402,7810.663581873298
403,8429.344458629244
404,9075.021319978514
405,11720.286143581574
406,8099.75599506904
407,6487.962128985132
408,6943.460896598283
409,9522.942436743011
410,8767.171699337005
411,7178.3004021792785
412,7433.92118055205
413,8691.584769003126
414,6449.6969964743785
415,5809.369503049146
416,9284.330623685835
417,6656.396407144545
418,7665.886987890978
419,6635.795011117164
420,4906.6206517845885
421,10553.01183173844
422,5999.9489676822695
423,6753.698532580213
424,6266.590722083343
425,6809.073037530032
426,6987.576555459849
427,7357.8586444671155
428,6865.572786193407
429,6697.975145458828
430,5722.252515897864
431,5873.419805224921
432,5904.221788008438
433,7346.726465475741
434,18385.157536392628
435,5662.557255042642
436,6356.366351042397
437,7593.052873293613
438,5623.960347368299
439,5489.582154825264
440,6258.955527181896
441,5619.479101299525
442,6872.690047131805
443,7424.670970493484
444,5723.678865053057
445,7947.924572577911
446,5294.788813370405
447,5695.3576651708245
448,7543.98323664326
449,8133.903145790188
450,9151.667467404683
451,6624.788747395434
452,7229.099602960223
453,5427.88985683528
454,6928.292735214691
455,12216.55537029317
456,8817.253506225812
457,7030.390463791161
458,5683.395693689481
459,6732.945989591983
460,5775.719150646419
461,5457.314043463337
462,8332.97829766405
463,7590.04065223669
464,5997.17467283484
465,7528.480830402405
466,6484.265078159229
467,6241.4162052618
468,6727.620110528455
469,7308.6437307222905
470,6738.20002119511
471,5656.256813456659
472,6443.9589149552585
473,6935.153324626845
474,8176.616786293477
475,6997.274369490336
476,7665.656215778499
477,5437.057221607595
478,7107.9218624620535
479,5775.661069693269
480,6605.384565299184
481,7005.083398700457
482,7669.730638069291
483,6186.838674519135
484,7246.167929887749
485,7263.036052524402
486,6242.890765988549
487,6247.122847663052
488,6865.460798712731
489,6601.846532926539
490,6260.3460319078395
491,7490.365505765059
492,6974.530027375099
493,6140.5429427197
494,9571.341248335282
495,5582.06928110768
496,5413.135105332584
497,7268.963647944577
498,8095.965079036177
499,10110.245314322172
500,6457.798799281522
501,7532.9234528792285
502,6320.249475083888
503,7814.892546686042
504,6852.469099288397
505,7076.1263353458025
506,4505.1124214363435
507,6978.038995886491
508,6965.783930434683
509,6554.689227278906
510,5410.068726643729
511,7344.428394382417
512,7724.556027990475
513,6705.735811617605
514,8518.063529513167
515,7119.576543956522
516,8754.0662102978
517,6432.661060252022
518,6426.299302669458
519,6501.48388050014
520,7787.979298466275
521,7619.447266012029
522,5749.797354174677
523,8349.018790018348
524,7169.721166818949
525,6905.880451136836
526,5940.036562826314
527,5334.256448249304
528,7150.514516890528
529,6149.808537467995
530,8911.898013354552
531,6840.237422913725
532,6563.457917690375
533,7874.223084515441
534,7089.0639819365615
535,6576.8310807485805
536,7496.736509033385
537,6551.091609421703
538,8454.433426553305
539,9143.928568416366
540,7745.990754313867
541,6768.076534219971
542,6416.302544724471
543,5633.623169639805
544,0.0
545,7855.0804679742405
546,6286.385121736059
547,8448.321724500141
548,6158.208682709711
549,7145.688159706926
550,6317.481258508883
551,10956.182980586951
552,6043.561604195589
553,6273.750450470269
554,6870.772208214537
555,7354.639566524409
556,6380.127237401512
557,7924.764116300936
558,7365.373758411505
559,9940.225010638249
560,7097.605128433123
561,7631.329642532534
562,7112.845849470374
563,6026.295301450626
564,6107.476214729491
565,9321.570837894726
566,9337.055618896233
567,6588.5076189354695
568,15341.871267270975
569,7072.646727017292
570,6705.137361524916
571,6201.618390806756
572,7791.6763082081
573,8475.46732372751
574,7212.865936462468
575,7809.346375033009
576,8094.001065042629
577,6480.1152233256125
578,6866.437566517046
579,5979.295533736462
580,6426.0833387626035
581,6284.4288532740675
582,5889.567771004849
583,5968.974608010153
584,7539.928174035109
585,15962.046300909624
586,7602.252998815205
587,6067.019920505009
588,7436.919551722631
589,5516.167009575899
590,6751.647340971766
591,4822.728949331717
592,9408.280007564388
593,7231.090152448674
594,7446.798634084144
595,11592.645639703756
596,10311.967600977952
597,7647.355011614007
598,7187.066005847176
599,5615.729285132358
600,6623.189065499834
601,7661.52816922323
602,7537.305804945665
603,5659.205913689679
604,5380.841389916412
605,5269.87127932449
606,6148.195876765545
607,6607.299456965215
608,6756.622043406805
609,5585.623156010787
610,7610.83516313908
611,7019.9032697552975
612,7070.191729647614
613,6037.797858272059
614,5713.451756623483
615,7409.44273290213
616,5263.134173906449
617,9291.557643854803
618,6099.788209327593
619,4989.885815845672
620,7341.258451012097
621,6340.141937654246
622,5831.787752643716
623,6224.39855041411
624,6626.346958371564
625,8904.554608490536
626,9000.220350976077
627,7089.85194892661
628,5325.8441933149315
629,6770.197260943662
630,7162.412663783474
631,6624.359322328384
632,6538.998297841362
633,7775.5390324283835
634,9830.121395147291
635,7101.833014249951
636,6953.970439773524
637,6991.157609215345
638,6481.577246510578
639,8953.781904010384
640,6535.8680580434975
641,11377.646266909282
642,6464.581044957812
643,5939.498561862429
644,5938.1999238912695
645,5927.707499056374
646,7568.643878440976
647,15492.06065768625
648,5108.901564235032
649,6017.760058819364
650,8947.083772141144
651,7537.913221795154
652,6994.079890862692
653,7914.263946698447
654,5963.93603642089
655,5639.3582792680445
656,5478.669869710603
657,8226.871845160937
658,6045.140184164952
659,7782.3519271879695
660,6771.649575331868
661,5979.853622738522
662,7762.692484713638
663,6547.2573441445
664,4765.376247356869
665,8592.01429124367
666,8124.2072913110605
667,5328.9865674901985
668,7772.166426388758
669,6469.769519774106
670,5866.308732306162
671,8481.14973303
672,6796.225050663001
673,7257.3017894017885
674,5875.635775424356
675,5826.246139794296
676,6961.183567350731
677,0.0
678,7959.086769172692
679,5470.904044981971
680,6308.058884047201
681,5563.351408866477
682,6855.941166519647
683,6218.890991089791
684,7171.261250650589
685,6684.636985884183
686,7213.622350203014
687,7002.773872412289
688,8006.417634414766
689,6972.705045912568
690,8994.330505093383
691,8470.549629639969
692,8887.060879506977
693,5138.6410865040025
694,6779.379770534444
695,7565.530190140512
696,6029.822929031655
697,8414.400616199462
698,6422.489452921467
699,8729.612999124382
700,9424.555640013104
701,8055.793113153537
702,5629.988837564657
703,8696.591763207214
704,9221.76340320933
705,6531.223764996897
706,7388.090137982792
707,8165.696080702142
708,6770.594263778922
709,7328.898061398543
710,7117.422983546914
711,6562.611611984459
712,6565.318184939854
713,6972.739895294837
714,6390.872369095944
715,6420.037103652441
716,7003.622032790129
717,6983.199311271021
718,7434.879702800422
719,7501.124375248533
720,7745.0168126565595
721,6935.059558800819
722,8317.399073751953
723,7041.779590528087
724,6539.050417303294
725,6740.352445668627
726,6859.05184368567
727,7832.365469581542
728,6783.78811013661
729,6281.377384504965
730,6813.124146012322
731,7090.176865715636
732,7157.282021277376
733,6589.979355055142
734,5906.571424975653
735,6890.838360640337
736,7262.53311322659
737,6658.7350295610295
738,7199.14751438658
739,7416.164166298037
740,6275.659169354798
741,6025.4768030355335
742,5019.898969005761
743,6687.1367259361205
744,7357.84198165257
745,6906.073762525147
746,8162.396743344387
747,8337.351126301108
748,6304.243918926596
749,7504.418221615274
750,5952.627268628699
751,5594.619668055865
752,7230.395741303744
753,10204.033948778251
754,7163.779170912796
755,7817.211741112452
756,6062.546171442085
757,7424.2777643601385
758,8900.060538449818
759,6359.7642943219425
760,7445.794358126874
761,5817.158283085595
762,5299.460082759109
763,5928.508158377776
764,6594.547339271262
765,6413.927265152771
766,5861.868580064882
767,6762.90584663829
768,5498.405663764515
769,6784.326815408698
770,7872.04517844503
771,5915.3724323477
772,7141.938589753783
773,7454.216284369358
774,5925.587692406125
775,6828.4915919108325
776,7738.967654432587
777,7677.946550435225
778,6965.080013500134
779,5753.454980770784
780,12344.616365132963
781,6220.845098728088
782,6074.072621384073
783,8416.267470098908
784,8203.686633875093
785,7879.90808898001
786,7009.613884408101
787,7299.949924746758
788,8591.869646380826
789,13566.750981077479
790,5961.815601371924
791,5813.023645231213
792,6037.1830791233
793,7697.515035625964
794,7023.267394066301
795,8353.345596594625
796,7884.883800780281
797,6276.262043461997
798,5785.225911085599
799,7046.033417725827
800,8067.155331774567
801,5750.351106221268
802,6951.637577696584
803,5251.000657392811
804,6643.6824429921735
805,7686.933580399847
806,7014.135101512706
807,8358.662652644183
808,6786.572491676318
809,5687.026658559958
810,7157.969526665762
811,7549.186051242591
812,7949.575797464862
813,7386.753535846172
814,7401.120692958122
815,6615.99677665135
816,6441.375513247331
817,9197.201220685565
818,5970.220363146805
819,9563.918674873792
820,7356.15375540477
821,5845.770110606294
822,8238.049967091425
823,6219.591570802043
824,6998.291000573045
825,7325.754784086116
826,4200.954509455321
827,5673.07617990952
828,7006.546146472889
829,8997.17282339605
830,8921.973065255164
831,6143.490914060102
832,7009.326869476351
833,7060.948589498115
834,7509.974934475101
835,7003.817381881394
836,10179.640964794919
837,8075.88348151484
838,10027.44813420172
839,5486.635131132975
840,5941.997294982442
841,0.0
842,9419.39045904066
843,6240.523222220383
844,9403.684515868053
845,6288.070439256047
846,6151.756529677143
847,5846.136588795399
848,6095.637600122795
849,5858.621842828837
850,5777.162639009749
851,5358.554542395051
852,5818.341374543252
853,9193.33771553147
854,7441.776010289536
855,20255.256268383746
856,6222.674216575933
857,5501.189404649691
858,7295.921959741328
859,9239.282259322685
860,6568.807015560318
861,7595.631410255464
862,5973.367622271803
863,7968.571866941383
864,7796.445081048018
865,5284.871586342897
866,5985.4315301693105
867,7427.505664328907
868,7740.819222310474
869,6669.089973951038
870,6891.846734682911
871,6612.752332432962
872,5779.0639100263015
873,8297.054944061292
874,9679.608399801931
875,10585.067969146012
876,10626.773558609179
877,7621.2537091211825
878,6527.450994596457
879,6641.600672814189
880,4925.286232220064
881,8638.956503007055
882,9945.640185443202
883,9298.186749306435
884,6051.146263948065
885,5420.571614486831
886,5891.694896573034
887,6667.032428755112
888,9503.159734310928
889,6750.493744888955
890,5882.072293535718
891,5631.930357051967
892,8099.504357877755
893,5043.972855933893
894,7363.5131511429945
895,5468.4308648162005
896,6832.423147044708
897,7055.866046011744
898,6209.800876209225
899,7115.694850268379
900,6935.240545638898
901,6274.708782807199
902,6565.451238996158
903,6984.888655639588
904,10540.383459341016
905,6446.666270832552
906,8848.105628786445
907,7693.489788258753
908,8232.8870348732
909,7337.752331761158
910,9023.413672673682
911,5701.239833870825
912,7002.6726559018725
913,6602.168531211322
914,6877.133185781775
915,8975.184639419744
916,7426.9296166771865
917,5611.37198904236
918,6930.029319215936
919,6524.330821443262
920,10053.90662098528
921,5906.644327584658
922,10945.060520768846
923,5707.215386289894
924,6399.468545079173
925,7429.808335730752
926,6349.966919419909
927,6580.5470795912615
928,7291.575648429257
929,7150.600509016289
930,7080.425023561368
931,5831.987108651819
932,7293.910077893525
933,7047.427629981508
934,7005.5147869293605
935,5928.927934912591
936,7151.251827898728
937,9472.133670177303
938,7313.165130227465
939,5649.066069581421
940,7202.190652118004
941,6242.30805647629
942,7703.780057898411
943,7291.099607974711
944,5522.662159628192
945,7641.66518035205
946,7123.377034260733
947,6719.2949198168735
948,6740.904215747238
949,5540.414370161325
950,6291.047828614774
951,5782.909957101303
952,7315.025173060769
953,8193.617083874788
954,5716.626615706783
955,5903.731089208872
956,6961.227726312399
957,6504.160156056728
958,6762.287150901219
959,6876.105805110682
960,6730.409721773529
961,7342.011356869387
962,5850.500538428271
963,6057.8124908532145
964,6729.034540670887
965,8599.33304471867
966,7198.304894035513
967,8016.611744413437
968,8308.721822032983
969,6413.130006619087
970,8318.448971452099
971,6873.545446069038
972,7680.165005509701
973,8708.02613132891
974,6561.698077210713
975,9266.385914692855
976,8168.556150352238
977,7881.349439947152
978,6542.826123597234
979,8171.254955136494
980,7636.495733012295
981,6045.930485415378
982,5131.727241583478
983,6926.883203934259
984,7786.246852056604
985,6516.496636574203
986,6068.7395086719025
987,8352.00393919809
988,7085.220694634315
989,6524.109343803934
990,6350.050251047929
991,6373.708045450614
992,7783.51595037092
993,7132.569072162705
994,6897.077504285286
995,5822.576447724543
996,6715.736327144987
997,7230.706301982638
998,5633.968645749
999,6536.514299382926
1000,5496.844028537545
1001,7675.822126751465
1002,6287.241476834978
1003,6535.921469330369
1004,8745.409945789148
1005,6655.71201596212
1006,6583.660566229051
1007,10774.73908331113
1008,6761.425885351583
1009,6950.986025952011
1010,6967.32140899977
1011,5831.582908101447
1012,7229.93774084925
1013,6321.8221047804
1014,7653.815236705175
1015,9638.293480546557
1016,6621.14225922883
1017,4326.968313748339
1018,5785.212881636198
1019,7243.756685601841
1020,7765.204011663455
1021,6896.385389401734
1022,7006.411274865937
1023,5595.844268539497
1024,5856.189589756569
1025,5733.582502538884
1026,5605.397595194915
1027,6492.902886442215
1028,7234.863861390083
1029,7027.453282397112
1030,6879.71036980887
1031,7478.001005087826
1032,7837.527318914999
1033,7206.98921023946
1034,6295.219741212643
1035,8278.785187284822
1036,9219.914190867212
1037,6590.851180440921
1038,7754.004721353941
1039,6697.569448790791
1040,7077.934938838258
1041,6004.415737692346
1042,6960.985343017164
1043,5951.230593792433
1044,8122.418802302251
1045,6877.319529390092
1046,9141.136891911936
1047,8525.54390033996
1048,6721.814023818005
1049,7225.571707580628
1050,17337.23963153603
1051,11002.56922319506
1052,7768.045423937125
1053,4478.720518873927
1054,6509.57731680631
1055,9578.100954519306
1056,5872.862506568165
1057,12421.288775464262
1058,16873.009622366713
1059,7054.4072134599655
1060,6402.281501062308
1061,7666.156443937755
1062,6696.232873844598
1063,9837.682377397092
1064,6924.808277519069
1065,7759.215065220179
1066,4495.052081738923
1067,6218.559835308159
1068,6959.82908197002
1069,7552.703671281094
1070,7815.376859036579
1071,5702.935487138362
1072,7377.627498457397
1073,6844.810563681394
1074,6144.701446582858
1075,6830.129188308249
1076,6900.654205630909
1077,6089.465626543805
1078,6505.763178996902
1079,6835.603273560307
1080,6140.562469724794
1081,6141.05005443769
1082,6292.481142664985
1083,6935.2482167024145
1084,8294.880322537943
1085,6475.401820662316
1086,8121.931210116456
1087,7341.09605028206
1088,5534.871487310535
1089,7263.076868710143
1090,6782.945103191422
1091,5712.241873547443
1092,6078.461220219663
1093,6984.68886781098
1094,6790.623747214307
1095,7133.371061073421
1096,7787.312606127081
1097,6827.868962063274
1098,5647.357918511408
1099,5910.508881296794
1100,8074.167111616786
1101,6296.380845675049
1102,6851.244580735061
1103,14300.860918150087
1104,7275.260197454484
1105,6997.19746817519
1106,6325.70007467266
1107,6065.504772030895
1108,6744.733561849884
1109,5170.393548525621
1110,7057.719090386529
1111,8025.4116347320005
1112,5890.401052636986
1113,17208.20144435385
1114,10982.467001778994
1115,6347.813652069813
1116,7146.970317080771
1117,6309.459680115467
1118,7512.873832314385
1119,7345.7379733377
1120,10476.939764801878
1121,7304.57633241502
1122,8247.17729862102
1123,7039.0742774272585
1124,7503.245314531241
1125,5920.677734375909
1126,8915.565727575964
1127,6747.13380063506
1128,6692.145564812311
1129,6311.9382608888955
1130,6304.854169199776
1131,8783.592081231935
1132,8168.905272881306
1133,6624.224588294753
1134,8911.214231498368
1135,7407.024021111495
1136,9884.634830379922
1137,5511.9176063652
1138,6030.954475491421
1139,7265.288660356174
1140,8641.749583086643
1141,7375.102745496718
1142,6923.32289638443
1143,7464.532585818952
1144,7239.369447173887
1145,6068.360115479316
1146,8673.179492170708
1147,7673.210559102562
1148,6210.012519865538
1149,13321.621848621611
1150,16460.2512407314
1151,7882.688365627215
1152,8037.975195427397
1153,9598.249218061139
1154,9998.451758059053
1155,9695.004120254951
1156,7409.903816476584
1157,8331.954259760827
1158,6928.301386819845
1159,7714.003168860646
1160,5949.404360343873
1161,7290.877881580456
1162,6264.744527114407
1163,6269.374480892923
1164,6640.065148655282
1165,5469.389466732797
1166,5742.736979865907
1167,6443.145628757865
1168,5586.520573539012
1169,5509.5015316136905
1170,6429.310595986993
1171,7349.875884868398
1172,8456.941099992548
1173,8143.3976122407375
1174,8272.431968228973
1175,6988.106259530224
1176,7263.321053811787
1177,8820.406538051278
1178,7445.81686575321
1179,5847.396783185362
1180,6460.90562078983
1181,8163.510753151321
1182,6170.911138737239
1183,6765.73634338294
1184,5863.626731944024
1185,6518.065226879474
1186,9254.195978679993
1187,6205.794120278399
1188,7346.448296028681
1189,8110.199438099632
1190,8833.027265728393
1191,9866.849052794465
1192,6650.027173956915
1193,8817.009124075486
1194,5542.1108260761375
1195,6375.629217124243
1196,6671.5555636106055
1197,5840.397829135541
1198,7692.1508350746135
1199,6081.018832809179
1200,7607.680223721843
1201,8151.118245860581
1202,8708.306082210544
1203,8216.23829726961
1204,6224.1338811342075
1205,6613.198840956852
1206,7812.696109323319
1207,7479.672359037123
1208,8318.873536562429
1209,6734.980505123219
1210,6870.630202581592
1211,8255.35054067766
1212,6699.717159087638
1213,7271.14326782164
1214,7815.884017312921
1215,8071.1383895794925
1216,12888.448450298598
1217,7189.518134665141
1218,12399.283264654914
1219,6755.060390785349
1220,6900.5604131067985
1221,5331.138449417655
1222,7482.114651624402
1223,6856.664359256918
1224,6072.113404089785
1225,7853.088884365849
1226,6532.80221100669
1227,5243.848598428168
1228,6621.845082815405
1229,6492.791034346361
1230,7283.67644319444
1231,6722.816445856545
1232,7519.147268911806
1233,7194.356729297112
1234,6535.977868843565
1235,8112.203328472386
1236,6230.845920702274
1237,6204.512391294412
1238,6590.2793998956395
1239,7934.364373440051
1240,10592.380055627806
1241,7401.043770983776
1242,5880.2494268738365
1243,6651.483967469271
1244,7574.192115487323
1245,7154.400655426473
1246,6782.406254093249
1247,7852.927515472241
1248,6633.4425041973545
1249,6153.440895645574
1250,6760.27307056002
1251,7756.0286684421935
1252,6588.326707958426
1253,6953.023714398687
1254,6645.757056786809
1255,6352.285630411711
1256,5885.743316924675
1257,6262.755741292661
1258,7834.611751163427
1259,8453.29262791937
1260,9098.96948926864
1261,11744.2343128717
1262,8123.704164359168
1263,6511.910298275259
1264,6967.409065888411
1265,9546.890606033137
1266,8791.119868627135
1267,7202.248571469407
1268,7457.869349842178
1269,8715.532938293252
1270,6473.645165764507
1271,5833.3176723392735
1272,9308.278792975963
1273,6680.344576434673
1274,7689.835157181106
1275,6659.743180407291
1276,4930.568821074715
1277,10576.960001028569
1278,6023.897136972396
1279,6777.6467018703415
1280,6290.5388913734705
1281,6833.021206820158
1282,7011.5247247499765
1283,7381.806813757244
1284,6889.520955483534
1285,6721.923314748954
1286,5746.200685187992
1287,5897.367974515048
1288,5928.169957298565
1289,7370.674634765867
1290,18409.105705682756
1291,5686.5054243327695
1292,6380.314520332525
1293,7617.001042583743
1294,5647.908516658426
1295,5513.530324115391
1296,6282.903696472023
1297,5643.427270589652
1298,6790.391537659206
1299,7448.61913978361
1300,5747.627034343184
1301,7971.872741868039
1302,5318.736982660532
1303,5719.305834460952
1304,7567.9314059333865
1305,8157.851315080316
1306,9175.615636694809
1307,6648.7369166855615
1308,7253.047772250351
1309,5451.838026125406
1310,6952.240904504817
1311,12240.503539583297
1312,8841.20167551594
1313,7054.338633081289
1314,5707.343862979608
1315,6756.894158882109
1316,5799.667319936546
1317,5481.262212753464
1318,8356.926466954177
1319,7613.988821526817
1320,6021.122842124966
1321,7552.428999692532
1322,6508.213247449357
1323,6265.3643745519275
1324,6751.568279818583
1325,7332.591900012419
1326,6762.148190485238
1327,5680.204982746785
1328,6467.907084245386
1329,6959.101493916973
1330,8200.564955583597
1331,7021.222538780463
1332,7689.604385068626
1333,5461.0053908977225
1334,7131.870031752182
1335,5799.609238983397
1336,6629.332734589311
1337,7029.031567990584
1338,7693.678807359418
1339,6210.786843809262
1340,7270.116099177877
1341,7286.9842218145295
1342,6266.838935278677
1343,6271.0710169531785
1344,6889.408968002858
1345,6625.794702216665
1346,6284.294201197966
1347,7514.313675055188
1348,6998.478196665225
1349,6164.491112009827
1350,9595.289417625407
1351,5606.017450397808
1352,5437.083274622711
1353,7292.911817234704
1354,8119.913248326305
1355,10134.193483612298
1356,6481.746968571649
1357,7556.871622169356
1358,6344.197644374015
1359,7838.840715976169
1360,6876.417268578523
1361,7100.074504635929
1362,4529.06059072647
1363,7001.987165176617
1364,6989.732099724809
1365,6578.6373965690345
1366,5434.016895933856
1367,7368.376563672543
1368,7748.504197280601
1369,6729.683980907732
1370,8542.011698803293
1371,7143.52471324665
1372,8778.01437958793
1373,6456.609229542149
1374,6450.247471959585
1375,6525.432049790267
1376,7811.927467756402
1377,7643.395435302156
1378,5773.745523464804
1379,8372.966959308476
1380,7193.669336109076
1381,6929.828620426964
1382,5963.984732116441
1383,5358.204617539433
1384,7174.462686180655
1385,6173.756706758122
1386,8935.846182644678
1387,6864.185592203853
1388,6587.406086980503
1389,7898.171253805567
1390,7113.012151226689
1391,6600.779250038709
1392,7520.684678323512
1393,6575.03977871183
1394,8478.381595843432
1395,9167.876737706492
1396,7769.938923603994
1397,6792.024703510098
1398,6440.250714014597
1399,5657.571338929933
1400,0.0
1401,7879.028637264368
1402,6310.333291026185
1403,8472.26989379027
1404,6182.156851999837
1405,7169.636328997052
1406,6341.42942779901
1407,10980.131149877077
1408,6067.509773485715
1409,6297.698619760397
1410,6894.7203775046655
1411,7378.587735814536
1412,6404.075406691638
1413,7948.712285591072
1414,7389.321927701632
1415,9964.173179928375
1416,7121.55329772325
1417,7655.277811822662
1418,7136.7940187605
1419,6050.243470740753
1420,6131.4243840196195
1421,9345.519007184854
1422,9361.00378818636
1423,6612.455788225597
1424,15365.8194365611
1425,7096.594896307419
1426,6729.085530815042
1427,6225.566560096884
1428,7815.624477498226
1429,8499.415493017636
1430,7236.8141057525945
1431,7833.294544323136
1432,8117.949234332757
1433,6504.06339261574
1434,6890.385735807175
1435,6003.24370302659
1436,6450.031508052731
1437,6308.377022564196
1438,5913.515940294976
1439,5992.92277730028
1440,7563.876343325235
1441,15985.99447019975
1442,7626.201168105332
1443,6090.968089795137
1444,7460.867721012758
1445,5540.115178866025
1446,6775.595510261895
1447,4846.677118621844
1448,9432.228176854514
1449,7255.038321738803
1450,7470.746803374272
1451,11616.593808993883
1452,10335.915770268077
1453,7671.303180904133
1454,7211.014175137303
1455,5639.677454422486
1456,6647.137234789961
1457,7685.4763385133565
1458,7561.253974235793
1459,5683.154082979807
1460,5404.78955920654
1461,5293.819448614618
1462,6172.144046055673
1463,6631.247626255342
1464,6780.570212696933
1465,5609.5713253009135
1466,7634.783332429206
1467,7043.851439045425
1468,7094.139898937742
1469,6061.746027562187
1470,5737.399925913609
1471,7433.390902192257
1472,5287.082343196576
1473,9315.50581314493
1474,6123.736378617719
1475,5013.833985135799
1476,7365.206620302224
1477,6364.090106944374
1478,5855.735921933844
1479,6248.346719704236
1480,6650.295127661692
1481,8928.502777780663
1482,9024.168520266205
1483,7113.800118216736
1484,5349.792362605058
1485,6794.145430233789
1486,7186.360833073601
1487,6648.307491618512
1488,6562.946467131488
1489,7799.487201718511
1490,9854.069564437417
1491,7125.781183540078
1492,6977.918609063651
1493,7015.105778505472
1494,6505.525415800706
1495,8977.73007330051
1496,6559.816227333626
1497,11401.594436199408
1498,6488.52921424794
1499,5963.446731152557
1500,5962.148093181397
1501,5951.655668346502
1502,7592.592047731103
1503,15516.008826976378
1504,5132.8497335251595
1505,6041.70822810949
1506,8971.031941431273
1507,7561.861391085282
1508,7018.028060152818
1509,7938.2121159885755
1510,5987.884205711016
1511,5663.306448558171
1512,5502.618039000731
1513,8250.820014451061
1514,6069.088353455079
1515,7806.300096478097
1516,6795.597744621994
1517,6003.801792028649
1518,7786.640654003764
1519,6571.2055134346265
1520,4789.324416646997
1521,8615.962460533798
1522,8148.155460601188
1523,5352.934736780326
1524,7796.114595678884
1525,6493.717689064232
1526,5890.25690159629
1527,8505.097902320129
1528,6820.173219953127
1529,7281.249958691916
1530,5899.5839447144845
1531,5850.1943090844225
1532,6985.131736640858
1533,0.0
1534,7983.034938462819
1535,5494.8522142720985
1536,6332.007053337328
1537,5587.299578156604
1538,6879.889335809775
1539,6242.839160379918
1540,7195.2094199407165
1541,6708.585155174311
1542,7237.570519493141
1543,7026.722041702416
1544,8030.365803704893
1545,6996.653215202694
1546,9018.27867438351
1547,8494.497798930095
1548,8911.009048797103
1549,5162.589255794131
1550,6803.327939824571
1551,7589.478359430639
1552,6053.771098321782
1553,8438.348785489588
1554,6446.437622211595
1555,8753.56116841451
1556,9448.50380930323
1557,8079.741282443663
1558,5653.937006854784
1559,8720.53993249734
1560,9245.711572499455
1561,6555.171934287026
1562,7412.038307272919
1563,8189.64424999227
1564,6794.54243306905
1565,7352.8462306886695
1566,7141.371152837041
1567,6586.559781274586
1568,6589.2663542299815
1569,6996.688064584963
1570,6414.820538386071
1571,6443.985272942569
1572,7027.5702020802555
1573,7007.147480561148
1574,7458.82787209055
1575,7525.072544538661
1576,7768.964981946684
1577,6959.007728090946
1578,8341.347243042079
1579,7065.7277598182145
1580,6562.998586593421
1581,6764.3006149587545
1582,6883.000012975798
1583,7856.313638871669
1584,6807.736279426738
1585,6305.325553795093
1586,6837.072315302448
1587,7114.125035005764
1588,7181.230190567504
1589,6613.927524345269
1590,5930.51959426578
1591,6914.786529930464
1592,7286.481282516718
1593,6682.683198851157
1594,7223.095683676708
1595,7440.112335588164
1596,6299.607338644925
1597,6049.42497232566
1598,5043.847138295888
1599,6711.084895226249
1600,7381.790150942698
1601,6930.021931815275
1602,8186.344912634513
1603,8361.299295591234
1604,6328.192088216723
1605,7528.366390905401
1606,5976.575437918827
1607,5618.567837345992
1608,7254.343910593872
1609,10227.982118068378
1610,7187.727340202923
1611,7841.159910402579
1612,6086.494340732213
1613,7448.225933650266
1614,8924.008707739944
1615,6383.712463612069
1616,7469.742527417002
1617,5841.106452375722
1618,5323.408252049237
1619,5952.456327667904
1620,6618.495508561389
1621,6437.875434442898
1622,5885.816749355009
1623,6786.854015928417
1624,5522.353833054643
1625,6808.274984698825
1626,7895.993347735157
1627,5939.320601637828
1628,7165.88675904391
1629,7478.164453659486
1630,5949.535861696252
1631,6852.43976120096
1632,7762.915823722715
1633,7701.894719725352
1634,6989.02818279026
1635,5777.403150060911
1636,12368.564534423089
1637,6244.793268018214
1638,6098.020790674201
1639,8440.215639389036
1640,8227.63480316522
1641,7903.856258270137
1642,7033.562053698227
1643,7323.898094036886
1644,8615.817815670955
1645,13590.699150367605
1646,5985.763770662051
1647,5836.971814521341
1648,6061.131248413426
1649,7721.463204916088
1650,7047.215563356429
1651,8377.293765884751
1652,7908.831970070408
1653,6300.210212752123
1654,5809.174080375727
1655,7069.9815870159555
1656,8091.103501064694
1657,5774.2992755113955
1658,6975.585746986712
1659,5274.948826682938
1660,6667.630612282302
1661,7710.881749689976
1662,7038.083270802833
1663,8382.61082193431
1664,6810.520660966446
1665,5710.974827850085
1666,7181.917695955888
1667,7573.134220532718
1668,7973.523966754989
1669,7410.701705136299
1670,7425.0688622482485
1671,6639.944945941478
1672,6465.323682537458
1673,9221.149389975692
1674,5994.168532436932
1675,9587.866844163918
1676,7380.101924694898
1677,5869.71827989642
1678,8261.998136381551
1679,6243.53974009217
1680,7022.239169863172
1681,7349.702953376243
1682,4224.902678745449
1683,5697.024349199647
1684,7030.494315763017
1685,9021.120992686176
1686,8945.92123454529
1687,6167.43908335023
1688,7033.275038766478
1689,7084.896758788243
1690,7533.923103765227
1691,7027.765551171521
1692,10203.589134085045
1693,8099.8316508049675
1694,10051.396303491847
1695,5510.583300423102
1696,5965.94546427257
1697,0.0
1698,9443.338628330786
1699,6264.47139151051
1700,9427.63268515818
1701,6312.0186085461755
1702,6175.704698967269
1703,5870.084758085525
1704,6119.585769412924
1705,5882.570012118964
1706,5801.110808299876
1707,5382.502711685179
1708,5842.289543833379
1709,9217.285884821596
1710,7465.7241795796635
1711,20279.204437673874
1712,6246.622385866061
1713,6163.255242424523
1714,8218.604076360338
1715,10176.119767296475
1716,7264.1382669298
1717,8243.793648564742
1718,6588.642137773039
1719,8415.641078614331
1720,8243.514292720965
1721,5988.007330055834
1722,6438.783538989517
1723,7808.94822620216
1724,8392.42338776108
1725,7162.267213275508
1726,7389.368138831778
1727,7124.279587052306
1728,6232.415918846508
1729,8981.448702453492
1730,10332.581874892203
1731,11605.754450015846
1732,11665.317670483284
1733,8186.671310345481
1734,7442.934601143668
1735,7177.11552418151
1736,5335.173259328793
1737,9281.248804852397
1738,10501.039480599353
1739,9721.030765762871
1740,6735.540022340261
1741,6272.833794552393
1742,6798.124187603576
1743,7046.430210350922
1744,9970.086386602012
1745,7297.500484909347
1746,6533.665987178651
1747,6107.123840583468
1748,8692.686626247196
1749,5702.712353146607
1750,7888.933593999814
1751,6120.024558459134
1752,7278.63982410282
1753,7522.843909653584
1754,6756.841067715123
1755,7630.734352401654
1756,7381.45722269701
1757,6709.272638252657
1758,7224.190736208872
1759,7198.614133650571
1760,11356.962666143869
1761,6911.3876102321565
1762,10596.34333488833
1763,8189.438840662108
1764,8589.95689585164
1765,7897.614830521656
1766,9709.6975545953
1767,6154.591842691032
1768,7644.964957747215
1769,7554.588500500004
1770,7402.553628638598
1771,9500.605082276556
1772,7891.208290555632
1773,6226.646504543596
1774,7581.6230128588695
1775,6977.6828302634685
1776,11054.66356776442
1777,6565.383824797372
1778,11596.664686219465
1779,6165.203725449325
1780,6852.820553899379
1781,8432.73482893905
1782,6825.160402951412
1783,7308.1685072776745
1784,8204.163356537778
1785,7686.11536038361
1786,7726.530775438897
1787,6253.465162274497
1788,7935.409363025959
1789,7479.165102543316
1790,7971.504917396199
1791,6422.105174237061
1792,7809.991325111443
1793,10122.432163684236
1794,7964.7692956780775
1795,6196.10626108732
1796,7550.833149241995
1797,6901.047553689004
1798,8273.821498498308
1799,7639.7421050986995
1800,6137.936675129428
1801,8209.980096468626
1802,7774.981199711352
1803,7216.816323965741
1804,7287.944407253136
1805,6199.15386737404
1806,6747.213662161226
1807,6280.431361250168
1808,7693.570420041737
1809,8646.96909269498
1810,6191.8200992382845
1811,6565.796926983704
1812,7340.625507908208
1813,6823.552531459466
1814,7219.729578029089
1815,7340.683564000646
1816,7194.9874806634925
1817,7800.3063186121
1818,6279.628175158008
1819,6724.335810994358
1820,7409.9863719217565
1821,9252.068551728547
1822,7986.0437320121
1823,8409.875239280505
1824,8844.236673400315
1825,6910.651410767954
1826,8843.869414308929
1827,7543.510693351509
1828,8648.59946143107
1829,9233.446574185733
1830,7059.21948135958
1831,9929.21583021324
1832,8475.843076873807
1833,8532.94313359007
1834,7068.246566454053
1835,8834.08487065687
1836,7985.1382301362855
1837,6510.508244305341
1838,5552.840018761964
1839,7565.069890776675
1840,8492.803853495827
1841,6972.662470120656
1842,6533.317267561866
1843,9021.969186480566
1844,8053.382259654239
1845,7025.278856850666
1846,7012.116088822761
1847,7000.208311021607
1848,8463.31533098913
1849,7784.162765805639
1850,7398.247017332017
1851,6254.313920286349
1852,7422.2933285842255
1853,7799.02121809922
1854,6421.707483725587
1855,7189.249806392802
1856,5953.009862083999
1857,8327.41582039439
1858,6751.819235724942
1859,7000.499228220333
1860,9208.836085052753
1861,7380.820117503443
1862,7313.591437882176
1863,12281.037980206185
1864,7423.491723126415
1865,7361.99193544279
1866,7633.844729140914
1867,6364.155602875786
1868,7620.123628219703
1869,6867.612615570212
1870,8458.926088659295
1871,10344.850481985799
1872,7078.584686356699
1873,4675.658627510971
1874,6448.042797156575
1875,7625.199247475094
1876,8229.925351063051
1877,7700.501848670494
1878,7788.1998135173335
1879,6257.910106314329
1880,6296.918762777415
1881,6403.547749821355
1882,6275.362842477386
1883,7028.417737809535
1884,7583.506358514073
1885,7770.564964626202
1886,7549.675617091341
1887,7785.287931609404
1888,8654.106525717852
1889,7742.504061606779
1890,6531.27313984099
1891,8948.750434567299
1892,10426.355733855036
1893,7092.020693487652
1894,8723.105465837858
1895,7190.00137003644
1896,7634.040676457285
1897,6513.758074835031
1898,7748.724180993751
1899,6448.751997941298
1900,8775.936854217354
1901,7553.260870426203
1902,9718.310536075935
1903,9021.840029774812
1904,7247.234466674824
1905,7814.5489168855365
1906,19259.185337254603
1907,11732.50009484819
1908,8422.959966295944
1909,4799.140024305021
1910,6841.211890721062
1911,10319.173619834548
1912,6879.655482855322
1913,13311.835923595703
1914,17666.881711815775
1915,7512.7021752026785
1916,6903.4510141090395
1917,8328.222281712586
1918,7402.789875283836
1919,11155.22842621225
1920,7848.621735697356
1921,8422.044980740555
1922,4562.514321087572
1923,6961.505687107468
1924,7267.1160084915955
1925,8215.53358680146
1926,8271.818654989018
1927,6431.207384159112
1928,7913.142349824717
1929,7309.388322571358
1930,6720.119399703201
1931,7500.0944355907195
1932,7375.847689162412
1933,6412.637089826694
1934,7157.356872639835
1935,7669.1813705591685
1936,6767.062735295787
1937,7127.66030360399
1938,6793.650655711716
1939,7605.2134639848855
1940,8936.379607670382
1941,7000.822263519135
1942,8760.117896958849
1943,8003.925965802437
1944,5896.139914531715
1945,8186.890326888442
1946,7452.910350473893
1947,6133.719927170121
1948,6579.630733266395
1949,7449.266626700944
1950,7213.989516011497
1951,7637.774050467648
1952,8440.830658042185
1953,7479.462655706207
1954,6065.028768548566
1955,6468.7748228724495
1956,8770.38180300279
1957,6698.043446199141
1958,7478.312908367829
1959,16304.473278936046
1960,7582.547123976062
1961,7493.493597610034
1962,6749.065843469852
1963,6688.563110460561
1964,7194.783396980259
1965,5863.539597767193
1966,7516.014052129242
1967,8688.241550252364
1968,6251.669479858166
1969,17921.019436303664
1970,11950.628566798914
1971,6551.066985948896
1972,7605.265278823484
1973,6813.862669509694
1974,8175.703747834769
1975,8313.899538357608
1976,11293.518971604728
1977,8237.234381493481
1978,8775.83622490149
1979,8007.2358424471795
1980,8166.075230051626
1981,6355.985081239341
1982,9839.379185754242
1983,7211.855140034664
1984,7193.3150778590425
1985,6730.593753486735
1986,6116.729272792451
1987,9502.475260105073
1988,8831.735188401679
1989,6827.4779221738345
1990,9728.189123962035
1991,7957.526653772847
1992,11484.39434296357
1993,5983.445775059041
1994,6464.79238842051
1995,7734.847457955697
1996,9296.008341824809
1997,7910.617596864037
1998,7432.665233527114
1999,8117.938809942275
2000,7767.498888066874
2001,6281.727513714786
2002,9311.366179013114
2003,8336.04047462293
2004,6861.606213508471
2005,13867.28426052109
2006,18759.71020936503
2007,8536.95084769659
2008,8495.269525994687
2009,10884.762084937995
2010,10668.41700534152
2011,10357.834035775324
2012,7929.6244296254
2013,9001.919507043298
2014,7459.349555800631
2015,8365.596862503575
2016,6575.904625914866
2017,7929.064568422876
2018,6569.1185161447775
2019,6770.543993939655
2020,7346.622150094521
2021,5973.792456127022
2022,6207.314738755871
2023,6783.713251676861
2024,6087.690086585743
2025,5931.999143197115
2026,6704.870255237652
2027,8220.00325371033
2028,8992.455951359876
2029,8434.877555030109
2030,8925.950020144068
2031,7284.052884706137
2032,7798.8359051791
2033,9483.236453571666
2034,7904.111827495923
2035,6311.974542075326
2036,6815.219262556275
2037,8677.682098070822
2038,6833.741054257611
2039,7041.2960026336
2040,6368.590219165974
2041,7432.059680934413
2042,10024.497486365966
2043,6614.00929175106
2044,8065.038866336148
2045,8645.714289466945
2046,9364.07543470919
2047,10814.881592381746
2048,7208.2931155325705
2049,9318.178637122217
2050,6212.0760733586085
2051,6769.3124989279595
2052,7304.807071605728
2053,6253.02993058971
2054,8606.145289129543
2055,6836.394873940141
2056,8261.198275636942
2057,8813.948161380951
2058,9346.49276905295
2059,8655.992486521385
2060,6688.711640024171
2061,7071.493802699565
2062,8370.962050898977
2063,8015.187210404442
2064,9504.304764534021
2065,7030.92713029913
2066,7532.696040356424
2067,9169.344994732604
2068,6975.276818338297
2069,8060.100367077426
2070,8351.39886868023
2071,8733.96830509985
2072,13629.353195979087
2073,7579.704022035594
2074,13716.829313470073
2075,7167.085858236875
2076,7290.746300477252
2077,6061.295560468219
2078,8450.276216644312
2079,7250.347641060633
2080,6368.060029265698
2081,8515.918799886218
2082,6705.051311641546
2083,5708.4263573181315
2084,6896.552207451222
2085,7155.620949866733
2086,7713.441911266772
2087,7157.089120333966
2088,7983.72502780177
2089,7582.09425439378
2090,6948.003336295091
2091,8765.721380387484
2092,6695.423679592238
2093,6517.024450883293
2094,6886.226025071553
2095,8587.882425355148
2096,11674.217548762317
2097,7934.821587985436
2098,6635.625468004801
2099,7116.061726359235
2100,8031.634542615192
2101,7612.695617169186
2102,7283.575767139981
2103,8515.757430992615
2104,7303.4077514798255
2105,6187.169207779588
2106,7064.64705959039
2107,8051.975293618107
2108,7183.652338364524
2109,7693.928460079175
2110,6776.084073317282
2111,6740.687977109874
2112,6390.146306318902
2113,6915.74232543191
2114,8130.558376339338
2115,9011.55856949503
2116,9634.484340635961
2117,12712.489923801735
2118,8659.219015726483
2119,7164.645805285136
2120,7630.238981408791
2121,10200.408657948237
2122,9453.949784147513
2123,7708.109719119128
2124,8084.369615413171
2125,9217.596363164203
2126,6943.921939529303
2127,6503.282919621744
2128,9842.229383114136
2129,7068.0821015313395
2130,8279.679392722823
2131,7160.912693454023
2132,5592.634658849547
2133,11034.402428156434
2134,6447.8641824901615
2135,7358.547249337732
2136,6953.368806893847
2137,7267.6999458326545
2138,7674.354640270352
2139,7965.376424620517
2140,7308.576639925632
2141,7255.701131750607
2142,6154.415856660652
2143,6420.076741002068
2144,6554.6702228695585
2145,8022.268328408801
2146,20567.81669668033
2147,6163.427792840167
2148,6676.261145508436
2149,8019.303488413553
2150,6069.021293836912
2151,5936.027935698817
2152,6518.5860518957425
2153,6220.303148041651
2154,7204.518414276557
2155,7744.565764959525
2156,6212.204793233148
2157,8695.0466277399
2158,5783.3147415504955
2159,6223.708823855179
2160,8219.525099576307
2161,8799.350600212749
2162,10028.469038732206
2163,7355.2939181248
2164,8280.474605909933
2165,5763.66918806263
2166,7396.582476274759
2167,13574.793651641146
2168,9168.336542573008
2169,7579.75907593811
2170,6288.957419218831
2171,7006.452017567107
2172,6304.070309330773
2173,6151.227460035935
2174,8915.192408529847
2175,8420.201123605839
2176,6433.754943579135
2177,8271.019569999995
2178,6920.238714900883
2179,6807.584859310084
2180,7409.583464680844
2181,7984.185593655352
2182,7174.173657936763
2183,6298.841023273312
2184,7013.697595035198
2185,7257.694140507751
2186,8945.994329424739
2187,7622.009537710125
2188,8225.119236435938
2189,5925.583149787686
2190,7427.816656928093
2191,6544.625411726947
2192,7292.162650109688
2193,7612.601178853858
2194,8356.508722879791
2195,6675.3646026992255
2196,7816.103094677095
2197,7949.814137334905
2198,6665.188596622082
2199,6691.468188169321
2200,7515.909233573851
2201,7037.820169668193
2202,6706.791812781392
2203,7810.260300231099
2204,7694.69288805124
2205,6871.048113449066
2206,10130.804268992739
2207,6143.130632954089
2208,5941.389109412963
2209,8171.662421254005
2210,8542.410859909724
2211,11067.11119859657
2212,7100.3830090981755
2213,8219.701537689727
2214,6808.775403263979
2215,8736.125998903482
2216,7172.3638937544365
2217,7487.812029732597
2218,5104.467720295483
2219,7502.565709723981
2220,7288.322834444207
2221,7235.77442651912
2222,5898.59465482382
2223,7906.53743645473
2224,8493.933571121719
2225,7392.513896428097
2226,9474.929413787568
2227,7561.3120486307225
2228,9386.409668824086
2229,7291.278642125216
2230,6914.8252308495485
2231,6982.874476918137
2232,8540.612446574365
2233,8107.97319419212
2234,6238.323282354768
2235,8564.370150253075
2236,7611.238139867755
2237,7352.326232010389
2238,6779.302743898985
2239,5798.933790560279
2240,7562.2002112773225
2241,6587.005258892141
2242,9544.24147188084
2243,7515.7792858467865
2244,7484.6913699078095
2245,8266.998316850317
2246,8010.2974341540175
2247,7207.898618805419
2248,8001.379684124529
2249,7074.362191277532
2250,9389.600212735033
2251,9655.679957919148
2252,8702.856638588266
2253,7250.319665252811
2254,6857.819517773277
2255,6203.361849719745
2256,0.0
2257,8462.598248127637
2258,6625.734327265034
2259,9131.657882169307
2260,6599.725655758517
2261,8004.305741580132
2262,6842.598940845742
2263,12024.740131030505
2264,6363.456398661629
2265,6785.501839973052
2266,7136.974352279097
2267,8048.552983097007
2268,6700.022031867551
2269,8828.798657850493
2270,7990.108926631295
2271,10861.458462855686
2272,7417.499922899163
2273,8190.792663189989
2274,7662.214461617319
2275,6720.208718023224
2276,6543.449851471145
2277,9881.033858552164
2278,10284.817246364642
2279,7170.721729801252
2280,16034.357248428545
2281,8112.279147316096
2282,7033.459519845414
2283,7158.484275081161
2284,8351.139328865547
2285,8953.12344834504
2286,7888.407799395528
2287,8368.809395690454
2288,8755.436334590062
2289,6968.641151505703
2290,7344.347454325184
2291,6420.812506785268
2292,6871.144285231217
2293,6765.023487758802
2294,6532.151980821503
2295,6457.500536190244
2296,8070.792013947556
2297,16314.61328602425
2298,8289.031083625703
2299,6743.703596805013
2300,8393.785435997033
2301,5960.512350082166
2302,7301.0159531187155
2303,5479.093754037267
2304,10445.104785527627
2305,7790.553173106122
2306,8133.576718894656
2307,12279.423724514254
2308,10445.065622619559
2309,8394.015032209265
2310,7995.646006736657
2311,6168.526463599394
2312,7544.422517717276
2313,8275.320574055064
2314,7857.200599411704
2315,6105.651694563231
2316,5828.756604724305
2317,5951.834633476879
2318,6468.090671231585
2319,7130.570038821043
2320,7253.188630076233
2321,6272.40124082128
2322,8170.298183796514
2323,7750.4084404846635
2324,7928.80931152082
2325,6718.883057512273
2326,6039.365577721578
2327,8096.22081771264
2328,5751.66010208654
2329,9978.335728665303
2330,6780.873408567805
2331,5832.782353811325
2332,7823.501582044937
2333,6675.921268881601
2334,6159.257376349371
2335,6819.105788098891
2336,7446.437676387741
2337,9717.459877036434
2338,9775.346519448529
2339,7649.314969584056
2340,6011.956315760731
2341,7464.11067751626
2342,7685.683245639302
2343,7172.219798490921
2344,6864.912118939457
2345,8453.005253633608
2346,10312.364526180127
2347,8189.64412470144
2348,7630.654116073528
2349,7711.56837143421
2350,7163.540600662967
2351,9640.559988820874
2352,7440.224369005259
2353,12349.626975786698
2354,6914.773965540436
2355,6413.966522529238
2356,6556.843221309724
2357,6614.485583866878
2358,8262.557295013567
2359,16218.031072326972
2360,5597.427492415123
2361,6453.733695561017
2362,9428.474368559147
2363,8062.4399356326485
2364,7809.393771647553
2365,8487.94625119686
2366,6493.7453533607395
2367,6083.703619774314
2368,5925.115650584155
2369,8957.377015890293
2370,6490.201130633565
2371,8432.800362049076
2372,7190.730936130688
2373,6424.914569207135
2374,8428.139939136192
2375,7106.720364801946
2376,5207.111752031069
2377,9073.404887661665
2378,8889.060206281683
2379,5817.512495670289
2380,8334.275468461063
2381,6905.743156515759
2382,6415.677344453109
2383,8889.423975808388
2384,7355.688071320446
2385,7882.036957621578
2386,6526.084210285477
2387,6276.43906037692
2388,7543.397678216514
2389,0.0
2390,8645.864853983194
2391,6427.769929256374
2392,7077.023226080879
2393,6213.799843727597
2394,7415.404187177094
2395,6911.916629281167
2396,7858.039335461082
2397,7543.254567757389
2398,7659.661194227078
2399,7527.891554749148
2400,8512.916792680335
2401,7929.570930186964
2402,9915.563957310822
2403,9157.327714450475
2404,9633.720900102227
2405,5245.641469908007
2406,7386.897550687845
2407,8252.308274950998
2408,6778.885083055044
2409,8973.863636856911
2410,6745.028356930993
2411,9650.846451341817
2412,10345.789092230541
2413,8850.124830235942
2414,6118.514765744748
2415,9178.834894240052
2416,9898.447079509328
2417,7065.131290875904
2418,8054.554227914962
2419,8874.87632603727
2420,7097.198917743459
2421,8250.13151361598
2422,7847.92815427628
2423,7051.13754016455
2424,7053.844113119945
2425,7653.825094535049
2426,6893.852613309007
2427,6932.836617054829
2428,7395.6101672962695
2429,7654.087511338601
2430,7904.439453386351
2431,8165.765021935252
2432,8644.112826750192
2433,7395.165251709864
2434,9243.023263096564
2435,7501.032748822288
2436,7303.903332273913
2437,7411.240645736208
2438,7428.677289387585
2439,8651.151093211534
2440,7464.873309376824
2441,6747.765874561261
2442,7190.892996677492
2443,7639.5454778625835
2444,7861.641214801296
2445,7254.620001741845
2446,6372.959915031948
2447,7391.97150437237
2448,7477.884473461303
2449,7411.723759909681
2450,7668.707264972507
2451,7975.627186955483
2452,7002.583885254391
2453,6561.260747042802
2454,5486.287459062056
2455,7180.984418876907
2456,7917.305002310018
2457,7774.608148980898
2458,9188.310036087785
2459,9061.873708772562
2460,6988.3645069928325
2461,7963.671379909475
2462,6349.059145164365
2463,6061.00815811216
2464,7621.570741438435
2465,11138.762394928857
2466,7623.032329206997
2467,8607.979571534548
2468,6563.6793151741185
2469,8132.645496965709
2470,9961.570192163872
2471,6856.0096166745725
2472,7925.35114125884
2473,6232.217566385945
2474,6046.286986668992
2475,6394.896648434072
2476,7266.323317720065
2477,7082.261316460246
2478,6328.257070121177
2479,7140.674697303461
2480,5977.1387634382445
2481,7243.579973702899
2482,8806.773624595633
2483,6417.5918290531
2484,7850.3063223593535
2485,8042.496635617664
2486,6497.8411646938175
2487,7709.052927096462
2488,8206.389761120156
2489,8160.452287402573
2490,7342.848864165306
2491,6189.864632807623
2492,13793.031704729914
2493,6726.634369735112
2494,6677.003347054518
2495,9015.067386608696
2496,9078.831897020616
2497,8556.587240797917
2498,7594.99692076412
2499,8005.420881549484
2500,9466.33308713958
2501,14175.18134554065
2502,6872.593296574427
2503,6493.254397985201
2504,6414.951929788472
2505,8519.083430789315
2506,7688.714848488862
2507,9181.441498633349
2508,8497.094005794012
2509,6798.9270669936395
2510,6234.979282414553
2511,7938.261122581812
2512,8649.369442640347
2513,6200.104477550222
2514,7387.745909029707
2515,6004.755236276541
2516,7149.471713999198
2517,8633.328396220812
2518,7500.218122791043
2519,9057.26849407711
2520,7272.655512954656
2521,5961.400928000545
2522,7687.854961191091
2523,8381.20523264411
2524,8653.934990988766
2525,7872.836557124509
2526,7960.583713615559
2527,7444.734080607053
2528,7132.846022918172
2529,10204.15923159864
2530,6355.968710033538
2531,10219.059534595253
2532,7915.616776062218
2533,6134.363663887851
2534,9227.168274841704
2535,6706.590173383149
2536,7484.374021851382
2537,7812.690339979297
2538,5268.58594665616
2539,6102.4953481543125
2540,7339.990587589126
2541,9949.62687572479
2542,9415.191418295599
2543,6417.8651835006885
2544,7970.885178611092
2545,8022.506898632857
2546,8072.083976547419
2547,7533.6274890785935
2548,10869.402111568947
2549,8767.353991185668
2550,10966.406424877421
2551,5882.631579156328
2552,6475.040878527136
2553,0.0
2554,10537.802510173738
2555,6768.486228936553
2556,10331.77226921413
2557,6781.28879229648
2558,6514.510247430076
2559,6620.7067817861225
2560,6952.873546193746
2561,6344.704864107174
2562,6270.380992050181
2563,5777.82498470211
2564,6311.5597275836835
2565,10147.136760492358
2566,8466.721842513887
2567,20826.489991645183
2568,6608.417052092784
2569,7901.905716441711
2570,9519.099381923754
2571,11455.917428143928
2572,9048.10105494831
2573,9731.11353360398
2574,8376.919327491765
2575,10032.788925946916
2576,9860.662140053546
2577,7947.1133607084785
2578,8224.982490324022
2579,9430.259626148665
2580,9879.743272800319
2581,8707.607503466774
2582,9206.294246481473
2583,8740.02935885182
2584,8009.1829833028305
2585,10566.043436389886
2586,11913.73423164534
2587,12209.821729478617
2588,12829.92403886435
2589,9714.150238578091
2590,8971.696620017949
2591,8704.594452414125
2592,7237.188771746685
2593,10709.927018190638
2594,12122.350880545866
2595,11328.746726217263
2596,8524.568931002548
2597,8176.079675714531
2598,8584.599988829641
2599,8694.305213998687
2600,11673.402050518853
2601,9119.544077737006
2602,8357.787818390556
2603,7915.709624866469
2604,10353.734670738131
2605,7451.582218615519
2606,9404.24063702059
2607,7944.146389671033
2608,8850.36029397777
2609,9170.718913301358
2610,8339.944282173095
2611,9216.233685786307
2612,8953.177692571953
2613,8353.259759484905
2614,9012.467925927605
2615,8877.107788929114
2616,12282.127950687556
2617,8733.431203059818
2618,11086.464985186572
2619,9357.36312472074
2620,10205.70666765116
2621,9419.013641600903
2622,11023.431516480141
2623,7931.358907147359
2624,9073.643171085458
2625,9501.745340498117
2626,9048.77856493569
2627,11029.639811976513
2628,9548.515181081584
2629,8014.923694262341
2630,9368.650247078167
2631,8717.355297727183
2632,12004.908812692034
2633,8316.566417523498
2634,13071.81268604686
2635,7988.408971282082
2636,8607.841184520965
2637,10320.796047520273
2638,8524.782875578761
2639,8972.30777628932
2640,9583.241242500193
2641,9201.422403404376
2642,9030.213914887623
2643,7829.532608780969
2644,9615.519100645553
2645,9064.664435927976
2646,9597.606026017285
2647,7967.445464428349
2648,9499.765569163443
2649,11640.479205038664
2650,9452.089180717307
2651,7779.209475545285
2652,9172.144549188512
2653,8590.821797741004
2654,9744.352954845228
2655,9251.621618167024
2656,7855.789600226196
2657,9737.459024701237
2658,9262.30108475058
2659,8957.995915319534
2660,8820.024601406401
2661,7888.928111426053
2662,8428.262044694284
2663,8075.611035065151
2664,9314.881819988257
2665,10338.557753977224
2666,7891.442571865641
2667,8226.218127736363
2668,8988.500511555978
2669,8560.41772111304
2670,8796.541115282644
2671,9032.272225282875
2672,8950.008111285088
2673,9417.454165944679
2674,7865.127508542666
2675,8414.110055046362
2676,9179.32698341697
2677,10705.6617297789
2678,9625.538195245723
2679,10031.186639227028
2680,10371.715601632934
2681,8705.831084582926
2682,10408.289415438045
2683,9169.85296806415
2684,10151.655350863477
2685,10748.75361720651
2686,8790.967185835187
2687,11416.535715252478
2688,10085.957744674084
2689,10225.105487167531
2690,8583.55360947483
2691,10321.404755696109
2692,9606.4496300828
2693,8265.528874926935
2694,7359.963975517846
2695,9159.339112716685
2696,10142.06716554626
2697,8667.925928823506
2698,8234.337815722283
2699,10687.71878544305
2700,9619.999322866457
2701,8700.381231220832
2702,8667.937135110838
2703,8621.950431269672
2704,9891.99354432737
2705,9515.254009379109
2706,9073.349391702184
2707,7839.813253671008
2708,9074.296638968299
2709,9326.500146331839
2710,8147.362246299777
2711,8733.173329743935
2712,7772.206522023275
2713,10029.010060850036
2714,8506.839866346532
2715,8692.087889502562
2716,10820.715598121084
2717,9007.162392216087
2718,8618.249730396506
2719,12676.098231318489
2720,9079.312769414497
2721,8947.491268827447
2722,9323.618973192913
2723,7851.847561613704
2724,9147.602556452319
2725,8618.318844491581
2726,10009.40618338515
2727,12006.285679248063
2728,8659.737043109846
2729,6558.287256789594
2730,7923.190796983985
2731,9246.510647421617
2732,9966.790540716645
2733,9308.896378767373
2734,9435.219432500333
2735,7957.73863131683
2736,7832.827166090508
2737,8029.890024534013
2738,7965.137086529399
2739,8543.724780830311
2740,9204.817758460595
2741,9396.907239338845
2742,9215.425216053816
2743,9407.574484621518
2744,9957.789665166589
2745,9269.982989839396
2746,8148.243720287939
2747,10575.092709279945
2748,12088.256897296485
2749,8788.726839947856
2750,10218.059309155293
2751,8701.370338701683
2752,9145.409645122527
2753,8314.055233827974
2754,9277.118199276641
2755,8189.931589295107
2756,10204.615067555595
2757,9248.774993728473
2758,11055.58066887835
2759,10650.783017867761
2760,8762.541509695599
2761,9366.947919615815
2762,17798.341491355215
2763,12710.537358856585
2764,9928.737954997452
2765,6585.83073257449
2766,8519.705545999619
2767,11509.720844450563
2768,8702.77429930488
2769,12433.546116693222
2770,16274.087809124992
2771,9120.418135657075
2772,8600.157160569237
2773,10028.050806715082
2774,9064.225072546096
2775,12290.43393750402
2776,9291.131590999135
2777,9909.364865779797
2778,6152.571225880861
2779,8769.513409309051
2780,8879.970674625523
2781,9702.853471840712
2782,9883.698168057354
2783,7767.8539805697255
2784,9440.62127805733
2785,9000.976983853587
2786,8451.867104178815
2787,9165.844034553196
2788,9021.34838044224
2789,8109.532466837256
2790,8922.383082434832
2791,9354.355460146597
2792,8496.244303597625
2793,8778.437318729142
2794,8614.334805641905
2795,9300.460066065196
2796,10803.114315927074
2797,8573.061500865788
2798,10323.11512439101
2799,9491.245850841677
2800,7481.639247916372
2801,9566.943365916448
2802,9079.252625186537
2803,7719.219260554781
2804,8330.336962187768
2805,9213.719144200724
2806,8951.829858730669
2807,9183.114340658927
2808,9869.508871380425
2809,9181.056896161843
2810,7933.918765663466
2811,8000.855017025731
2812,10535.408012797794
2813,8429.791150674748
2814,9023.653198559112
2815,16684.968801352523
2816,9204.83367698817
2817,9127.527653081595
2818,8486.906186189019
2819,8417.744678762396
2820,8924.383587014981
2821,7448.414895984319
2822,9133.161899461826
2823,10175.561435291602
2824,7837.168813242825
2825,18111.19995813531
2826,13026.021800026268
2827,8232.924420026031
2828,9222.413126156069
2829,8359.202959700973
2830,9663.023632874005
2831,9772.751954425346
2832,12964.855246729749
2833,9688.311299963088
2834,10464.107755679039
2835,9521.598662136279
2836,9653.395115090862
2837,7941.4844146240075
2838,11188.04293582321
2839,8927.738080672976
2840,8870.014128369565
2841,8316.093086871399
2842,7154.070242229112
2843,11013.84422877032
2844,10319.055073440917
2845,8449.764475185943
2846,11357.003188714598
2847,9485.005582005459
2848,10912.699222816165
2849,7516.614180038482
2850,8232.740099212893
2851,9262.326386188306
2852,10958.406299729379
2853,9438.096525096653
2854,9132.594888970769
2855,9780.336767846842
2856,9388.810288013385
2857,7903.038913661301
2858,10902.35245976938
2859,9823.360359662169
2860,8542.218204948842
2861,15571.543608221049
2862,17901.426180411632
2863,10251.251043083981
2864,10211.649792540513
2865,12396.311394
2866,12372.257731308602
2867,11904.227296834422
2868,9746.75317337588
2869,10705.760233010375
2870,8986.828484033242
2871,10046.208853943952
2872,8272.775301996362
2873,9520.050849179133
2874,8184.868287944298
2875,8436.836004506396
2876,8987.075098341511
2877,7519.132746318304
2878,7871.399752706366
2879,8465.570685753997
2880,7798.574846088468
2881,7709.378740867689
2882,8362.177145763613
2883,9727.64565522472
2884,10519.934879592494
2885,10046.757068098439
2886,10345.196346604118
2887,8905.364284652653
2888,9326.314833411714
2889,10970.556338610904
2890,9521.259674828503
2891,8054.076624611289
2892,8380.97340382217
2893,10263.181431455485
2894,8321.060939296849
2895,8698.602893159563
2896,7879.959187831224
2897,8900.973284569958
2898,11462.390532703972
2899,8289.922419746339
2900,9359.290118906685
2901,10151.589445609528
2902,10891.554362941803
2903,12420.241618079132
2904,8740.373309685847
2905,10956.345477282472
2906,7817.436099055995
2907,8481.883230838248
2908,8989.733464746314
2909,8030.409528260292
2910,10075.0588927651
2911,8501.462612817324
2912,9689.876488975182
2913,10301.26804642019
2914,10909.48999648511
2915,10212.94795069129
2916,8352.796653974661
2917,8693.732717410752
2918,9903.042245052244
2919,9542.666138637045
2920,10711.63891195769
2921,8630.63475815561
2922,9263.645642477937
2923,10633.310146240625
2924,8632.583708864255
2925,9660.86023831022
2926,9878.87779691285
2927,10221.288190139092
2928,14334.355562546809
2929,9101.102833114837
2930,14527.802303709894
2931,8874.512065062587
2932,8812.145111556494
2933,7660.868440996667
2934,10087.881514331824
2935,8990.610099638807
2936,8046.553684544266
2937,9991.066799713615
2938,8316.930824709863
2939,7388.464656463283
2940,8517.863607397729
2941,8642.940834905967
2942,9384.048323533732
2943,8742.588453718625
2944,9638.378154874074
2945,9239.401144919739
2946,8663.886276933401
2947,10194.399593725724
2948,8366.030091859198
2949,8231.513596741295
2950,8498.105538139875
2951,10007.128751815198
2952,12627.806116134661
2953,9397.578727363685
2954,8316.646492076638
2955,8735.968816683646
2956,9612.786899368328
2957,9229.843464501766
2958,8943.34637939026
2959,10003.077316031853
2960,8932.221816232379
2961,7533.318669064592
2962,8670.964944511712
2963,9674.261846630214
2964,8632.18678175964
2965,9299.994353182898
2966,8387.963586385602
2967,8320.442258329938
2968,7935.48659651019
2969,8331.966916436459
2970,9742.437889407654
2971,10543.6387636483
2972,11161.963268868574
2973,13592.99935030979
2974,10174.526058747251
2975,8708.569328636264
2976,9117.558866448024
2977,11629.086871286478
2978,10941.269669186751
2979,9402.921889384814
2980,9765.287006300006
2981,10697.621350692907
2982,8608.006953479795
2983,8138.139948436961
2984,11512.8357953811
2985,8715.957105179112
2986,9708.357606061063
2987,8827.204704020758
2988,7232.07361058694
2989,12514.427415685142
2990,8023.931628996631
2991,8886.026177570347
2992,8440.688691933083
2993,8831.919758069826
2994,9161.674525309589
2995,9585.453959856599
2996,8863.141714534362
2997,8718.45827112887
2998,7830.3289846559455
2999,8046.638861630505
3000,8228.934575934603
3001,9690.708434637323
3002,20598.76314244858
3003,7843.466091985323
3004,8297.57254545495
3005,9710.407643475906
3006,7801.162919116358
3007,7713.40753336939
3008,8139.897451842259
3009,7909.273093346152
3010,8966.28036532439
3011,9365.877164906036
3012,7882.811205500119
3013,10335.965542166081
3014,7504.917649404953
3015,7769.049114046455
3016,9887.965205804845
3017,10468.684708791483
3018,11266.297792459252
3019,8995.746866371794
3020,9754.400971413568
3021,7449.014202936108
3022,8907.951444940001
3023,13673.686103338763
3024,10885.244736554447
3025,9095.066118958883
3026,7863.320228933005
3027,8627.763417513617
3028,7849.410599522059
3029,7846.9913055706475
3030,10447.272602683117
3031,9818.83712568781
3032,8102.9632803130435
3033,9575.677862514322
3034,8636.121655539197
3035,8503.767326577665
3036,9134.14746563055
3037,9655.36569821753
3038,8941.053094162562
3039,7955.197544558186
3040,8730.98610118943
3041,8869.573653576073
3042,10642.509893902989
3043,9167.349827901402
3044,9752.598164668558
3045,7725.203126227606
3046,9039.696169996416
3047,8485.167291771833
3048,8779.482535148922
3049,9248.6319992846
3050,9843.82860791903
3051,8433.419970429852
3052,9337.501905756342
3053,9437.134022374139
3054,8341.10172461737
3055,8276.96752155398
3056,9190.173586638895
3057,8795.2677190158
3058,8318.874781294084
3059,9423.114966365018
3060,9416.86948820091
3061,8562.497557283545
3062,11658.283197225352
3063,7688.47092314537
3064,7526.888442797621
3065,9651.726670749082
3066,10110.486349708002
3067,12485.092902250339
3068,8696.311147917364
3069,9707.021422728965
3070,8479.381815530945
3071,10210.05236440712
3072,8794.650446766544
3073,9150.20998763717
3074,6892.593033262881
3075,8992.239425347398
3076,8945.62972497017
3077,8881.293495409882
3078,7620.1975626782705
3079,9434.01636468734
3080,10139.452640012489
3081,8879.833781467341
3082,11008.310010308682
3083,9146.811382015387
3084,10913.888597056703
3085,8692.343639540406
3086,8525.300434295774
3087,8554.594946793086
3088,9845.270739088692
3089,9778.876780104021
3090,7918.361581499935
3091,9426.966874046844
3092,9261.872386507357
3093,9030.966455622478
3094,8313.305531069638
3095,7344.27408075156
3096,9210.075214925091
3097,8267.043558037298
3098,11071.720400113456
3099,9235.215887662796
3100,9008.65634037424
3101,9888.309716796839
3102,9555.487430530098
3103,8928.095961143956
3104,9609.095644578927
3105,8754.400490422691
3106,10515.638853844703
3107,11195.768955135305
3108,10085.12452042521
3109,8867.467512585392
3110,8549.364418818232
3111,7981.19639000461
3112,0.0
3113,10079.301113622598
3114,8278.112499144707
3115,10618.97776720855
3116,8361.487606806357
3117,9456.367234582802
3118,8559.887446999968
3119,13379.528591708078
3120,7972.595913396305
3121,8547.263791020881
3122,8863.314433138728
3123,9634.692454378994
3124,8369.083800267923
3125,10093.297907171444
3126,9535.449216822579
3127,12179.794104202794
3128,9039.786475911276
3129,9718.2715914226
3130,9177.521504638093
3131,8415.97256355793
3132,8227.940352482216
3133,11471.819808931145
3134,12132.53617960479
3135,8702.801923954525
3136,14230.3706063632
3137,9495.048159552041
3138,8639.777404766744
3139,8873.938801219812
3140,9878.618257098162
3141,10565.002961413358
3142,9549.799236420507
3143,9884.116438711228
3144,10282.915262822677
3145,8620.02700935728
3146,8929.84678770985
3147,8170.506852241646
3148,8584.065356095265
3149,8522.471037106412
3150,8188.508502106378
3151,8200.348260679906
3152,9656.291347332228
3153,17219.155015952383
3154,9776.35096866494
3155,8287.627120156143
3156,9920.922683150657
3157,7546.011683466826
3158,8873.255190465366
3159,6805.047986680255
3160,11759.64417396012
3161,9308.600214460539
3162,9608.724718722035
3163,13766.74360955349
3164,11886.54030377354
3165,9992.583224677432
3166,9639.99115956945
3167,7679.895432264656
3168,9029.96461799757
3169,9699.95025901009
3170,9469.080112480025
3171,7780.344284231842
3172,7414.255938108965
3173,7666.966747548399
3174,8047.844952451667
3175,8822.224072742867
3176,8915.586587980808
3177,7759.721125860536
3178,9697.77711202913
3179,9441.857884319139
3180,9379.035640314425
3181,8454.805946240349
3182,7736.326327371721
3183,9583.54070275187
3184,7433.88224913018
3185,11465.655613704539
3186,8477.415536485065
3187,7878.162545985024
3188,9445.740496756129
3189,8372.88201853174
3190,7729.579770691261
3191,8357.736811267183
3192,9230.800318248917
3193,11369.216243856725
3194,11454.624078071161
3195,9176.793897816666
3196,7405.837262810504
3197,9120.467198801127
3198,9367.905392682933
3199,8651.166226116595
3200,8561.872868589599
3201,9897.872755219283
3202,11920.080486634517
3203,9687.108309895699
3204,9105.802115900922
3205,9351.46516924602
3206,8839.291953923655
3207,11127.879873860116
3208,8970.172718522992
3209,14005.98349707157
3210,8642.165240435015
3211,7999.465855913905
3212,8253.025688577303
3213,8089.633583694285
3214,9918.913816298442
3215,17132.51655432252
3216,7371.111506096838
3217,8220.61313178681
3218,11009.62672531228
3219,9680.641886868834
3220,9378.66551398311
3221,10009.345062276108
3222,8264.939191286769
3223,7659.771066280782
3224,7599.808240252762
3225,10597.27381370211
3226,8315.988470449565
3227,10107.064715114133
3228,8867.813915360446
3229,8146.517477061595
3230,10150.509127337657
3231,8628.119175881191
3232,6792.611085415727
3233,10654.5572444148
3234,10332.641504532625
3235,7591.196509352003
3236,9861.754396693681
3237,8634.216984996323
3238,8092.748598969912
3239,10546.730866334345
3240,8883.166999553054
3241,9427.377247812861
3242,8182.46729500935
3243,8043.211096082329
3244,9075.477872369785
3245,0.0
3246,10133.184739022425
3247,8024.996882090262
3248,8956.711828658552
3249,7909.563689262305
3250,8933.451228531516
3251,8568.273150566036
3252,9333.187335288474
3253,9021.900506198306
3254,9312.614465162806
3255,9166.10622307836
3256,10233.551465266039
3257,9450.123526330342
3258,11401.106057591127
3259,10644.647599489712
3260,11126.483153845724
3261,6924.135125186556
3262,9064.492979827877
3263,9739.628159990245
3264,8454.636436315732
3265,10491.910678211341
3266,8392.903360578757
3267,11135.953036957219
3268,11761.656424401492
3269,10092.683950980356
3270,7828.050068007749
3271,10791.641922073062
3272,11373.595079336728
3273,8586.53010195514
3274,9833.119010087968
3275,10460.37565942193
3276,8745.073921391224
3277,9861.278637811432
3278,9517.878105641097
3279,8815.389666968065
3280,8736.066260163569
3281,9389.747983263122
3282,8581.192245530601
3283,8607.529206723428
3284,9016.921567242778
3285,9271.063271812634
3286,9566.837411290915
3287,9653.08490697447
3288,10216.414457880413
3289,9012.313099042442
3290,10603.3027479422
3291,9082.185105575416
3292,8940.815543597324
3293,9067.597167021066
3294,9160.490366502765
3295,10346.91493874623
3296,9122.008113044238
3297,8429.988021604886
3298,8812.204396624
3299,9223.628044407082
3300,9512.695901315346
3301,8729.768001569233
3302,8064.613948953776
3303,9083.625538294187
3304,8342.11481736002
3305,9065.85395047084
3306,9326.014155498457
3307,9493.674228309903
3308,8687.767125393262
3309,8146.760080427475
3310,7259.9714727437695
3311,8909.458247357465
3312,9444.78393054262
3313,9586.401325982637
3314,10748.904299704864
3315,10554.635962516058
3316,8694.149316007344
3317,9544.823736662609
3318,7966.206992496952
3319,7752.662192033983
3320,9400.675658663215
3321,12659.314991072244
3322,9204.184685960121
3323,10220.355177544017
3324,8334.710510758223
3325,9747.08261051268
3326,11407.218280081808
3327,8546.265575063318
3328,9541.100913058348
3329,8005.901580067667
3330,7925.975589246657
3331,8165.927844018185
3332,8883.299078194093
3333,8827.45344972459
3334,8019.911104043005
3335,8761.98609724997
3336,7839.631825660433
3337,8815.300443577842
3338,10336.758107617214
3339,7993.65927555957
3340,9502.375005382999
3341,9563.895446696908
3342,8384.74992073468
3343,9131.220556419381
3344,9726.57379184225
3345,9782.691202113765
3346,8954.72837723362
3347,7963.548646489347
3348,15367.22695158744
3349,8312.133703119769
3350,8262.502680439173
3351,10626.946899677023
3352,10556.624214023452
3353,10001.454742383594
3354,9116.395731843362
3355,9711.205690563991
3356,11163.29383678972
3357,15859.293246786676
3358,8402.577779595988
3359,8239.198250193102
3360,8036.263329734984
3361,10027.981058295567
3362,9338.44648160247
3363,10272.063623096956
3364,10147.025824028038
3365,8479.751138504198
3366,8060.766622230556
3367,9494.294503296378
3368,10111.935217921937
3369,8025.891817366227
3370,9045.05279955566
3371,7680.506589537237
3372,8722.799162172005
3373,10282.651487066212
3374,9082.345632609768
3375,10674.244254551164
3376,8842.611137561531
3377,7573.280441068878
3378,9215.333889423695
3379,9582.053555458182
3380,10344.397001752668
3381,9459.07998125625
3382,9488.062641848175
3383,9053.193983343539
3384,8620.16590795741
3385,11350.435689338958
3386,8003.338529612113
3387,11875.442619319134
3388,9421.491932204788
3389,7755.675063834373
3390,9754.195367954751
3391,8363.391879839906
3392,9066.501531670108
3393,9429.838187311865
3394,7347.054897149077
3395,7900.209429285843
3396,8997.29747811508
3397,11281.930433461037
3398,11097.413565339228
3399,8040.151736512808
3400,9500.86966163267
3401,9580.480434978548
3402,9599.562904780025
3403,9272.368355853087
3404,12526.28353133593
3405,10254.673876224912
3406,12072.726064186363
3407,7605.012769393333
3408,8020.38116871842
3409,0.0
3410,12137.599840037205
3411,8460.140262858362
3412,11859.251197446752
3413,8463.510939340102
3414,8176.90820533465
3415,8377.0803703232
3416,8805.296092513323
3417,7925.85722086031
3418,7952.60313909381
3419,7510.752382346967
3420,8003.213761505501
3421,12694.18916911949
3422,10011.349522624047
3423,19415.743636079656
3424,8193.916385477436
3425,0.0
3426,0.0
3427,0.0
3428,0.0
3429,0.0
3430,0.0
3431,0.0
3432,0.0
3433,0.0
3434,0.0
3435,0.0
3436,0.0
3437,0.0
3438,0.0
3439,0.0
3440,0.0
3441,0.0
3442,0.0
3443,0.0
3444,0.0
3445,0.0
3446,0.0
3447,0.0
3448,0.0
3449,0.0
3450,0.0
3451,0.0
3452,0.0
3453,0.0
3454,0.0
3455,0.0
3456,0.0
3457,0.0
3458,0.0
3459,0.0
3460,0.0
3461,0.0
3462,0.0
3463,0.0
3464,0.0
3465,0.0
3466,0.0
3467,0.0
3468,0.0
3469,0.0
3470,0.0
3471,0.0
3472,0.0
3473,0.0
3474,0.0
3475,0.0
3476,0.0
3477,0.0
3478,0.0
3479,0.0
3480,0.0
3481,0.0
3482,0.0
3483,0.0
3484,0.0
3485,0.0
3486,0.0
3487,0.0
3488,0.0
3489,0.0
3490,0.0
3491,0.0
3492,0.0
3493,0.0
3494,0.0
3495,0.0
3496,0.0
3497,0.0
3498,0.0
3499,0.0
3500,0.0
3501,0.0
3502,0.0
3503,0.0
3504,0.0
3505,0.0
3506,0.0
3507,0.0
3508,0.0
3509,0.0
3510,0.0
3511,0.0
3512,0.0
3513,0.0
3514,0.0
3515,0.0
3516,3405.789695466801
3517,0.0
3518,0.0
3519,0.0
3520,0.0
3521,0.0
3522,0.0
3523,0.0
3524,0.0
3525,0.0
3526,0.0
3527,0.0
3528,0.0
3529,0.0
3530,0.0
3531,0.0
3532,0.0
3533,0.0
3534,0.0
3535,0.0
3536,0.0
3537,0.0
3538,0.0
3539,0.0
3540,0.0
3541,0.0
3542,0.0
3543,0.0
3544,0.0
3545,0.0
3546,0.0
3547,0.0
3548,0.0
3549,0.0
3550,0.0
3551,0.0
3552,0.0
3553,0.0
3554,0.0
3555,0.0
3556,0.0
3557,0.0
3558,0.0
3559,0.0
3560,0.0
3561,0.0
3562,0.0
3563,0.0
3564,0.0
3565,0.0
3566,0.0
3567,0.0
3568,0.0
3569,0.0
3570,0.0
3571,0.0
3572,0.0
3573,0.0
3574,0.0
3575,0.0
3576,0.0
3577,0.0
3578,0.0
3579,0.0
3580,0.0
3581,0.0
3582,0.0
3583,0.0
3584,3615.3856225074114
3585,0.0
3586,0.0
3587,0.0
3588,0.0
3589,0.0
3590,0.0
3591,0.0
3592,0.0
3593,0.0
3594,0.0
3595,0.0
3596,0.0
3597,0.0
3598,0.0
3599,0.0
3600,0.0
3601,0.0
3602,0.0
3603,0.0
3604,0.0
3605,0.0
3606,0.0
3607,0.0
3608,0.0
3609,0.0
3610,0.0
3611,0.0
3612,0.0
3613,0.0
3614,0.0
3615,0.0
3616,0.0
3617,0.0
3618,0.0
3619,0.0
3620,0.0
3621,0.0
3622,0.0
3623,0.0
3624,0.0
3625,14354.149623496462
3626,24200.336309384154
3627,0.0
3628,0.0
3629,0.0
3630,0.0
3631,0.0
3632,0.0
3633,0.0
3634,6368.6128001162615
3635,0.0
3636,0.0
3637,0.0
3638,0.0
3639,0.0
3640,0.0
3641,0.0
3642,0.0
3643,0.0
3644,0.0
3645,0.0
3646,0.0
3647,0.0
3648,0.0
3649,0.0
3650,0.0
3651,0.0
3652,0.0
3653,5145.191059782403
3654,0.0
3655,0.0
3656,0.0
3657,0.0
3658,0.0
3659,0.0
3660,0.0
3661,0.0
3662,0.0
3663,4233.031927614272
3664,0.0
3665,0.0
3666,0.0
3667,0.0
3668,0.0
3669,0.0
3670,0.0
3671,0.0
3672,0.0
3673,0.0
3674,0.0
3675,0.0
3676,0.0
3677,0.0
3678,0.0
3679,0.0
3680,0.0
3681,8992.945497047709
3682,0.0
3683,0.0
3684,0.0
3685,0.0
3686,0.0
3687,0.0
3688,0.0
3689,0.0
3690,0.0
3691,0.0
3692,0.0
3693,0.0
3694,0.0
3695,0.0
3696,0.0
3697,0.0
3698,7455.981353575298
3699,0.0
3700,0.0
3701,0.0
3702,0.0
3703,0.0
3704,0.0
3705,0.0
3706,0.0
3707,0.0
3708,0.0
3709,0.0
3710,0.0
3711,0.0
3712,0.0
3713,0.0
3714,0.0
3715,0.0
3716,0.0
3717,0.0
3718,0.0
3719,0.0
3720,0.0
3721,0.0
3722,0.0
3723,0.0
3724,0.0
3725,0.0
3726,0.0
3727,0.0
3728,0.0
3729,0.0
3730,0.0
3731,0.0
3732,0.0
3733,0.0
3734,0.0
3735,0.0
3736,0.0
3737,0.0
3738,0.0
3739,0.0
3740,0.0
3741,0.0
3742,0.0
3743,0.0
3744,0.0
3745,0.0
3746,0.0
3747,0.0
3748,0.0
3749,0.0
3750,0.0
3751,0.0
3752,0.0
3753,0.0
3754,0.0
3755,0.0
3756,0.0
3757,0.0
3758,0.0
3759,0.0
3760,3054.8744085880044
3761,0.0
3762,0.0
3763,0.0
3764,0.0
3765,0.0
3766,0.0
3767,0.0
3768,0.0
3769,0.0
3770,0.0
3771,0.0
3772,0.0
3773,0.0
3774,4151.985250881375
3775,0.0
3776,0.0
3777,0.0
3778,0.0
3779,0.0
3780,0.0
3781,0.0
3782,0.0
3783,0.0
3784,0.0
3785,0.0
3786,0.0
3787,0.0
3788,0.0
3789,0.0
3790,0.0
3791,0.0
3792,0.0
3793,0.0
3794,0.0
3795,0.0
3796,0.0
3797,0.0
3798,0.0
3799,0.0
3800,0.0
3801,0.0
3802,0.0
3803,0.0
3804,0.0
3805,0.0
3806,0.0
3807,0.0
3808,0.0
3809,0.0
3810,0.0
3811,0.0
3812,0.0
3813,0.0
3814,0.0
3815,0.0
3816,0.0
3817,7252.645700407658
3818,0.0
3819,0.0
3820,0.0
3821,0.0
3822,0.0
3823,0.0
3824,0.0
3825,0.0
3826,0.0
3827,4237.8181547265185
3828,0.0
3829,0.0
3830,0.0
3831,3342.179858667155
3832,0.0
3833,0.0
3834,0.0
3835,0.0
3836,0.0
3837,0.0
3838,0.0
3839,0.0
3840,0.0
3841,0.0
3842,0.0
3843,0.0
3844,0.0
3845,0.0
3846,0.0
3847,0.0
3848,0.0
3849,0.0
3850,0.0
3851,0.0
3852,0.0
3853,0.0
3854,0.0
3855,0.0
3856,0.0
3857,0.0
3858,18538.040701756185
3859,0.0
3860,0.0
3861,0.0
3862,0.0
3863,0.0
3864,0.0
3865,0.0
3866,0.0
3867,0.0
3868,0.0
3869,0.0
3870,0.0
3871,0.0
3872,6559.855761604067
3873,0.0
3874,0.0
3875,0.0
3876,0.0
3877,0.0
3878,0.0
3879,0.0
3880,0.0
3881,0.0
3882,0.0
3883,0.0
3884,0.0
3885,0.0
3886,0.0
3887,0.0
3888,0.0
3889,0.0
3890,0.0
3891,0.0
3892,0.0
3893,0.0
3894,0.0
3895,0.0
3896,0.0
3897,0.0
3898,0.0
3899,0.0
3900,0.0
3901,0.0
3902,0.0
3903,0.0
3904,0.0
3905,0.0
3906,0.0
3907,0.0
3908,0.0
3909,0.0
3910,0.0
3911,0.0
3912,0.0
3913,0.0
3914,0.0
3915,0.0
3916,0.0
3917,0.0
3918,0.0
3919,0.0
3920,0.0
3921,0.0
3922,0.0
3923,0.0
3924,0.0
3925,0.0
3926,0.0
3927,0.0
3928,0.0
3929,0.0
3930,0.0
3931,0.0
3932,0.0
3933,0.0
3934,0.0
3935,0.0
3936,0.0
3937,0.0
3938,0.0
3939,0.0
3940,0.0
3941,0.0
3942,0.0
3943,0.0
3944,0.0
3945,0.0
3946,0.0
3947,10829.107981399637
3948,0.0
3949,0.0
3950,0.0
3951,0.0
3952,0.0
3953,0.0
3954,0.0
3955,0.0
3956,0.0
3957,0.0
3958,0.0
3959,0.0
3960,0.0
3961,0.0
3962,0.0
3963,0.0
3964,0.0
3965,0.0
3966,0.0
3967,0.0
3968,0.0
3969,0.0
3970,0.0
3971,0.0
3972,0.0
3973,0.0
3974,0.0
3975,0.0
3976,0.0
3977,0.0
3978,0.0
3979,0.0
3980,0.0
3981,0.0
3982,0.0
3983,0.0
3984,0.0
3985,0.0
3986,0.0
3987,0.0
3988,0.0
3989,0.0
3990,0.0
3991,3420.4347653328
3992,15975.384976124065
3993,0.0
3994,0.0
3995,0.0
3996,0.0
3997,0.0
3998,0.0
3999,0.0
4000,0.0
4001,0.0
4002,0.0
4003,0.0
4004,0.0
4005,0.0
4006,0.0
4007,0.0
4008,0.0
4009,0.0
4010,0.0
4011,0.0
4012,0.0
4013,0.0
4014,0.0
4015,0.0
4016,0.0
4017,0.0
4018,0.0
4019,0.0
4020,10423.0900064627
4021,0.0
4022,0.0
4023,0.0
4024,0.0
4025,0.0
4026,0.0
4027,0.0
4028,0.0
4029,0.0
4030,0.0
4031,0.0
4032,0.0
4033,0.0
4034,0.0
4035,0.0
4036,0.0
4037,0.0
4038,0.0
4039,0.0
4040,0.0
4041,0.0
4042,0.0
4043,0.0
4044,0.0
4045,0.0
4046,0.0
4047,0.0
4048,0.0
4049,0.0
4050,0.0
4051,0.0
4052,0.0
4053,0.0
4054,0.0
4055,0.0
4056,0.0
4057,0.0
4058,0.0
4059,0.0
4060,0.0
4061,0.0
4062,0.0
4063,0.0
4064,0.0
4065,0.0
4066,0.0
4067,0.0
4068,0.0
4069,0.0
4070,0.0
4071,0.0
4072,0.0
4073,0.0
4074,0.0
4075,0.0
4076,0.0
4077,0.0
4078,0.0
4079,0.0
4080,0.0
4081,0.0
4082,0.0
4083,0.0
4084,0.0
4085,0.0
4086,0.0
4087,0.0
4088,0.0
4089,0.0
4090,3886.8169901842684
4091,0.0
4092,0.0
4093,0.0
4094,4159.6830462788
4095,0.0
4096,0.0
4097,0.0
4098,0.0
4099,0.0
4100,0.0
4101,0.0
4102,0.0
4103,0.0
4104,0.0
4105,0.0
4106,0.0
4107,0.0
4108,0.0
4109,0.0
4110,0.0
4111,0.0
4112,0.0
4113,0.0
4114,0.0
4115,0.0
4116,0.0
4117,0.0
4118,0.0
4119,0.0
4120,0.0
4121,0.0
4122,0.0
4123,0.0
4124,0.0
4125,0.0
4126,0.0
4127,0.0
4128,0.0
4129,0.0
4130,0.0
4131,0.0
4132,0.0
4133,0.0
4134,0.0
4135,0.0
4136,0.0
4137,0.0
4138,0.0
4139,0.0
4140,0.0
4141,0.0
4142,0.0
4143,0.0
4144,0.0
4145,3806.914809888647
4146,0.0
4147,0.0
4148,0.0
4149,0.0
4150,0.0
4151,0.0
4152,0.0
4153,0.0
4154,0.0
4155,0.0
4156,0.0
4157,0.0
4158,0.0
4159,0.0
4160,9549.858591611923
4161,0.0
4162,0.0
4163,0.0
4164,0.0
4165,0.0
4166,0.0
4167,0.0
4168,0.0
4169,0.0
4170,0.0
4171,0.0
4172,0.0
4173,0.0
4174,0.0
4175,0.0
4176,0.0
4177,0.0
4178,0.0
4179,0.0
4180,0.0
4181,0.0
4182,0.0
4183,0.0
4184,0.0
4185,0.0
4186,0.0
4187,0.0
4188,0.0
4189,0.0
4190,0.0
4191,0.0
4192,0.0
4193,0.0
4194,0.0
4195,0.0
4196,0.0
4197,0.0
4198,0.0
4199,0.0
4200,0.0
4201,0.0
4202,0.0
4203,0.0
4204,0.0
4205,0.0
4206,0.0
4207,0.0
4208,0.0
4209,0.0
4210,0.0
4211,0.0
4212,0.0
4213,0.0
4214,0.0
4215,0.0
4216,0.0
4217,0.0
4218,0.0
4219,0.0
4220,0.0
4221,0.0
4222,0.0
4223,0.0
4224,3903.8695090595324
4225,0.0
4226,0.0
4227,0.0
4228,0.0
4229,0.0
4230,0.0
4231,0.0
4232,0.0
4233,0.0
4234,0.0
4235,0.0
4236,0.0
4237,0.0
4238,0.0
4239,0.0
4240,0.0
4241,0.0
4242,0.0
4243,0.0
4244,0.0
4245,0.0
4246,0.0
4247,0.0
4248,0.0
4249,0.0
4250,0.0
4251,0.0
4252,0.0
4253,0.0
4254,0.0
4255,0.0
4256,0.0
4257,0.0
4258,0.0
4259,0.0
4260,0.0
4261,0.0
4262,0.0
4263,0.0
4264,0.0
4265,12204.389793879824
4266,6672.912834276265
4267,0.0
4268,0.0
4269,0.0
4270,0.0
4271,0.0
4272,0.0
4273,0.0
4274,0.0
4275,0.0
4276,0.0
4277,0.0
4278,0.0
4279,0.0
4280,0.0
4281,4955.230846962322
4282,4242.740233415022
4283,5678.684790670857
4284,4455.425297563229
4285,5573.197999071558
4286,4116.839798136745
4287,6099.338973885315
4288,5927.2121879919505
4289,4196.343391534015
4290,4286.944991265814
4291,6575.887347739676
4292,5917.9791771288765
4293,5168.738689324719
4294,5620.104350009451
4295,5867.266199422482
4296,4080.5773711228044
4297,7270.454954382632
4298,7358.314325023642
4299,9132.318867229966
4300,7918.437810465582
4301,6841.982089735943
4302,4630.58317838818
4303,6251.339107756408
4304,3446.7056729213978
4305,7580.357305656251
4306,8146.01083812622
4307,7984.567279348795
4308,5165.612096088046
4309,3763.493760900967
4310,4457.393689977801
4311,5876.564490583361
4312,7842.676793106437
4313,5381.902404673516
4314,5087.339233773668
4315,4976.142021754151
4316,6709.37983560847
4317,3565.460604688625
4318,6608.199274267809
4319,4882.161863173601
4320,5316.787882950345
4321,6398.257262336925
4322,4330.316645712498
4323,6600.875309480148
4324,5340.649243465786
4325,4818.642601784403
4326,4736.616418463567
4327,6113.439600823848
4328,8285.020914696252
4329,5657.808811077071
4330,6799.343771374799
4331,6459.07184393674
4332,6968.701227296629
4333,6720.8415664662125
4334,5720.637292201127
4335,3920.000641224723
4336,5295.385211784484
4337,5414.894549635489
4338,6355.953810632281
4339,7895.901256847901
4340,6560.237418013455
4341,3973.728799703184
4342,6024.828329879523
4343,5121.099127771411
4344,5836.350286763495
4345,4060.7857063422516
4346,8926.72134273345
4347,3931.3416984517457
4348,4615.073220909311
4349,6058.3146619137515
4350,5686.407019831925
4351,5419.750511585737
4352,4459.461122210776
4353,6104.062814013348
4354,5612.432823948215
4355,5400.22549013601
4356,6535.900096173073
4357,6609.721591084337
4358,5382.446714616687
4359,4312.887159025804
4360,5530.5024421948165
4361,8457.114778495945
4362,5522.779213365771
4363,3996.012704585268
4364,6590.064299101629
4365,4916.402551430759
4366,6827.638828716559
4367,6678.973254958335
4368,3933.5320230922102
4369,6894.740587896681
4370,5664.776479924332
4371,5963.156417160548
4372,5087.850850751085
4373,4223.258224218619
4374,5511.2301197149545
4375,4840.63253607875
4376,6651.956569819776
4377,6079.068123309957
4378,4855.0817425537325
4379,5115.203392824644
4380,6107.034649122868
4381,5798.7138104836295
4382,5075.147444538029
4383,5125.182506100389
4384,4637.257612521495
4385,5660.738810353549
4386,5192.220118272695
4387,4174.350422633942
4388,5754.735293418338
4389,6083.5047893697
4390,5805.142047922201
4391,7159.350558612432
4392,7333.1183374442435
4393,5552.952380137793
4394,7130.06998512923
4395,5116.658342133029
4396,4591.25464575936
4397,7523.754849157183
4398,5797.234365082195
4399,6802.481668410014
4400,7490.495899743119
4401,6636.524410298467
4402,5827.612902892886
4403,6049.989113543763
4404,6934.482167403061
4405,4137.173857065024
4406,3287.7155469918457
4407,5632.215181991887
4408,5265.962052207071
4409,5458.201894814518
4410,4639.575350268949
4411,6225.658892438357
4412,5358.689558545611
4413,4538.8183711694355
4414,5542.482301017321
4415,4328.716254639193
4416,6474.578098410787
4417,6119.776426004447
4418,4911.786531650787
4419,5118.28992638527
4420,4589.035949890016
4421,6545.687158716698
4422,4337.183575462337
4423,4432.78393392429
4424,4508.717405849674
4425,6674.350582894992
4426,4354.224140129337
4427,4929.493903973352
4428,8184.318195953064
4429,5131.373976407185
4430,5469.5219711034415
4431,10180.99668843189
4432,5955.118758141861
4433,6451.1234122874985
4434,5009.096108230962
4435,5012.751704272025
4436,6679.004208755751
4437,4179.395746624517
4438,6092.637888677668
4439,7061.818357559493
4440,4861.86363976649
4441,3378.1676385411424
4442,3405.3870981929244
4443,6944.724312807871
4444,6886.520954734907
4445,5388.205751616934
4446,5539.12416328964
4447,5074.037908616075
4448,4409.412136479284
4449,3999.438580704421
4450,3579.3631090867193
4451,5513.157734521438
4452,6731.103408957723
4453,5458.262723122645
4454,5146.9497456436875
4455,6865.572943824003
4456,6644.6947623793585
4457,6532.5565051743815
4458,5513.507608013173
4459,6572.024065009173
4460,7869.676998318129
4461,4644.4667595871615
4462,6066.023730942674
4463,5988.952741357315
4464,6292.137553413554
4465,5160.097310905099
4466,5225.242179691261
4467,5108.17449241463
4468,6661.098863697828
4469,6048.963949664434
4470,7413.927164881136
4471,7219.606469363499
4472,6140.196316565674
4473,6531.542179203343
4474,16191.552817624824
4475,8336.846661228386
4476,5847.6417140867015
4477,3625.9703600092553
4478,6033.219557998929
4479,8048.1662436918305
4480,3589.76467384361
4481,9987.606502326953
4482,16393.280455729688
4483,5373.134666944127
4484,4452.4303563787535
4485,7194.913386591704
4486,4604.972324540571
4487,7651.04811540975
4488,3940.6047677071574
4489,5793.193065786238
4490,0.0
4491,5387.460080641465
4492,6431.407907217478
4493,5586.681671847153
4494,7495.097931784141
4495,5376.06171072082
4496,6703.19479339232
4497,5576.133325443796
4498,5171.017466779448
4499,5162.507189499976
4500,6503.7509176810445
4501,5008.134253185744
4502,5541.264711640278
4503,4501.892373357984
4504,4168.937993273706
4505,4249.696503739356
4506,4104.363217002887
4507,4971.824726256593
4508,7342.734322635241
4509,6369.047494752053
4510,6336.032558362327
4511,5533.950005591458
4512,4908.4990017649925
4513,4532.068321422891
4514,4943.934558731593
4515,5335.426866712515
4516,3936.034862063775
4517,4977.692938407642
4518,5928.280775692954
4519,5726.090701682307
4520,6101.023218419775
4521,5936.586251199046
4522,3639.910475989493
4523,4143.222603416116
4524,7168.622312639055
4525,5507.923721489087
4526,5643.22328985682
4527,12886.90562959523
4528,6742.810062130218
4529,5368.260861719287
4530,5629.357549877002
4531,4129.729647069433
4532,4632.809558924826
4533,4077.0419426699696
4534,5404.994814523758
4535,6308.718639387593
4536,5454.072943639869
4537,10191.420801812184
4538,8553.01912943791
4539,5716.636186995358
4540,5465.697770564932
4541,4902.179320724353
4542,5607.727660454675
4543,5533.4155134430475
4544,8839.99144862185
4545,5904.533384503713
4546,6964.809751553046
4547,5257.212683594193
4548,5616.201445531249
4549,5693.354820098014
4550,6416.351763126088
4551,5905.072920817695
4552,4748.09122168812
4553,5886.619679284752
4554,5769.627160178107
4555,8218.553982688707
4556,6127.377929785961
4557,6098.1635547564565
4558,6545.4246048247105
4559,6660.071431505849
4560,9166.661807297432
4561,3656.9960996480922
4562,5363.017730537578
4563,6585.949629749135
4564,7968.224246500806
4565,6709.115949495495
4566,6095.6885592523195
4567,6681.79626014852
4568,6691.252555053511
4569,5532.270141617153
4570,6715.071872194716
4571,5900.009482328693
4572,5368.066079616887
4573,10726.434892009427
4574,14709.402307677416
4575,6577.688924619379
4576,7017.800278245871
4577,7219.006384067948
4578,7340.618179105404
4579,7043.587425819539
4580,5242.2543271684335
4581,5868.235044705652
4582,6284.922579360684
4583,6809.052735033268
4584,4121.457661590634
4585,5377.645124521486
4586,5307.77880988735
4587,4298.036141218168
4588,4563.730820182446
4589,3980.956070306732
4590,3755.508737050658
4591,5790.634018887336
4592,3468.9178109943837
4593,4398.27233733818
4594,5605.4754374452905
4595,5880.403376427416
4596,7656.157308816258
4597,7592.548525116172
4598,6638.401081276109
4599,6505.34870003042
4600,6427.433090905669
4601,7610.390012018826
4602,5681.178712747268
4603,3737.1634366266576
4604,5373.6278153275725
4605,8771.222138783516
4606,4348.459384989243
4607,5914.544119242343
4608,4898.871135406005
4609,4852.513391998965
4610,7177.832329663422
4611,5506.993740114534
4612,5772.191108637324
4613,7380.753889154269
4614,8077.899246128939
4615,8098.308865530359
4616,4405.098952597482
4617,7455.975150032014
4618,3761.4321740961745
4619,5181.44638256702
4620,5830.814911619793
4621,4776.906630382902
4622,7023.338344829446
4623,4129.530164556422
4624,6141.698521685562
4625,6311.091931230001
4626,7125.40677493713
4627,8215.665598096737
4628,4570.088833113529
4629,4858.868170272004
4630,6007.868400437026
4631,6810.324128891857
4632,6531.381618823168
4633,6036.854013848942
4634,6945.887074923202
4635,6463.524728762838
4636,5927.203783913572
4637,5148.923723520326
4638,6864.912116841782
4639,6015.699129964419
4640,10688.77227114388
4641,7103.597347596147
4642,12063.741936331066
4643,5997.776410182099
4644,6457.620729948522
4645,3372.3470757671234
4646,5910.0817320706565
4647,6124.924786155458
4648,5623.4014975378905
4649,6853.115688506817
4650,5902.207106893087
4651,3333.3551976320714
4652,5913.023876047069
4653,4531.069088496987
4654,6507.574574869687
4655,6258.532479093414
4656,5430.752757041199
4657,6609.753818173708
4658,5826.7684530329925
4659,6968.932045137288
4660,4951.544781029883
4661,5323.174585456849
4662,6129.85558590997
4663,6133.836499303561
4664,8649.57608116642
4665,6663.17091396832
4666,4087.171956913369
4667,4899.903941128134
4668,6000.132294362839
4669,5701.238887423667
4670,4683.627074005265
4671,5942.227996986209
4672,4708.388994366041
4673,5694.614183517315
4674,5791.5047517929315
4675,7256.027923724077
4676,5071.559930908693
4677,4768.834085503361
4678,6011.728397425249
4679,5968.022522357314
4680,4314.113126014674
4681,5151.097118369667
4682,7410.970114631684
4683,6420.980944703868
4684,8146.209892105867
4685,8403.896205671535
4686,7203.029695966458
4687,4658.21441076574
4688,5203.546388128349
4689,8322.1273550056
4690,7012.772086264958
4691,6059.246186932232
4692,5364.825405473389
4693,6749.522225498216
4694,4404.625011199637
4695,3701.780721228102
4696,8245.494515459079
4697,5770.587341529277
4698,5988.418127939293
4699,4873.8317296366495
4700,4007.6126413482216
4701,7836.589898476909
4702,5701.911000297005
4703,6080.473322259368
4704,4391.811640139122
4705,6040.981725496883
4706,5318.11522118965
4707,4877.7622340289845
4708,7078.885736133219
4709,6132.366267665934
4710,4643.5225040441
4711,4620.41677485651
4712,4136.336067312551
4713,6064.008619425513
4714,15294.53525576838
4715,4211.348620401182
4716,5984.387384430596
4717,6473.728290105333
4718,3921.583421701103
4719,4562.126415456725
4720,5827.222201913244
4721,4256.467051452491
4722,6934.432719333542
4723,6742.193389042666
4724,4248.976826063684
4725,6782.847770263028
4726,3389.309795683883
4727,4321.851326533293
4728,6718.4516994161
4729,7155.30064341435
4730,8362.16163531994
4731,4473.909950091456
4732,5654.360444361747
4733,4528.471896952493
4734,5936.2304188794205
4735,12677.846214837773
4736,8251.148061901044
4737,6115.577103971918
4738,4352.244388416443
4739,6226.562451677887
4740,4341.742147219818
4741,3500.404967813729
4742,6290.419729134383
4743,4945.602598986325
4744,5385.275325057845
4745,6551.08604450226
4746,5872.410589471991
4747,4359.851565012692
4748,4986.6443807254445
4749,6347.037574080733
4750,5921.422251609183
4751,3686.7843327154324
4752,4396.33049771755
4753,6495.566179696368
4754,6951.2133562834015
4755,5547.306301663492
4756,6867.055102563965
4757,3332.448092898916
4758,6735.942895850253
4759,4625.5166892233865
4760,4659.966935765997
4761,5045.269561137618
4762,5596.863149918589
4763,4506.784144477452
4764,6414.279733789837
4765,5522.936170665237
4766,5640.126067725085
4767,5915.681176110534
4768,5559.83821342251
4769,5766.794499108627
4770,5600.382410656146
4771,6923.250745601727
4772,6045.33850540947
4773,3765.100842394965
4774,8510.170166597582
4775,3980.985898491297
4776,4902.60579932833
4777,5987.0889480913675
4778,7808.496642116059
4779,8180.212819213163
4780,4948.198603428491
4781,5460.055964728527
4782,5120.947139995905
4783,6377.974361228248
4784,6406.114160852437
4785,6309.037388477582
4786,3547.713862622638
4787,5605.16023014662
4788,6106.595993887631
4789,5236.783524777764
4790,3387.3833337428214
4791,6668.918756161387
4792,6429.236573047961
4793,4516.091360795708
4794,6508.376959159979
4795,6885.744876479718
4796,7885.076659454216
4797,5081.577768038234
4798,4581.32850843073
4799,4604.524151949104
4800,6353.8611770051575
4801,5404.111286787913
4802,3967.30857982396
4803,7414.691126695301
4804,6403.8404016132245
4805,6251.2768317974605
4806,5189.024685187109
4807,4099.597408755879
4808,6448.2994458665535
4809,4446.663367754476
4810,7988.639616777812
4811,5255.005689266916
4812,5108.42110239877
4813,7371.076945311356
4814,5181.295319744595
4815,5382.224458308576
4816,6359.706973199411
4817,4898.7903600338595
4818,7119.668738213161
4819,8284.661893128667
4820,6255.074318583629
4821,5169.298262038932
4822,5383.562698869047
4823,3337.5381641435756
4824,3052.8869656088955
4825,5733.719152510975
4826,5682.826943524603
4827,6071.678072308814
4828,5182.208745360376
4829,5244.703051783645
4830,4162.679598073265
4831,8936.72802963411
4832,5503.160203423841
4833,5499.367278109591
4834,5867.7517028492475
4835,5782.851660098639
4836,6049.761394558611
4837,5434.326751588515
4838,6453.632653334491
4839,8699.186351291028
4840,6595.298984064286
4841,6825.377812509636
4842,6137.773042175831
4843,3968.1861613006226
4844,5473.697557986819
4845,7989.103538049065
4846,5747.674843514621
4847,4737.167942504251
4848,13782.835542231198
4849,4987.45491004321
4850,5763.5674884373075
4851,4587.266057797982
4852,6913.728308678398
4853,7784.485247399353
4854,6352.560317664404
4855,6938.120882108154
4856,7187.013565922815
4857,5261.616219178419
4858,6335.367129202229
4859,5153.19840960976
4860,4692.92897588892
4861,5417.945158358822
4862,3966.2118855724048
4863,4300.268065393604
4864,6836.21041740063
4865,15988.144401194351
4866,6356.273771433298
4867,3678.9555767394854
4868,5552.627773156184
4869,4913.4783870252
4870,6079.193744622519
4871,2953.31330058357
4872,5739.376364545438
4873,6653.699475519135
4874,5373.931145933443
4875,10010.444170491444
4876,10005.750445762515
4877,6340.767010621977
4878,4153.0015502349
4879,4895.576861950181
4880,5026.077716563646
4881,6611.519269252101
4882,6862.7512925058
4883,4656.408818019819
4884,4876.5641758466145
4885,3568.8748859426087
4886,5399.339907032542
4887,4999.884491851469
4888,5844.14249902435
4889,3936.9431303504352
4890,6705.842491835935
4891,4747.053471583283
4892,5277.353271512033
4893,5068.3760316545595
4894,4609.721319543647
4895,5319.473320586094
4896,3529.9400364824314
4897,8162.715985363623
4898,5291.5688231099575
4899,4166.324388654843
4900,6050.159641267825
4901,5178.17475464763
4902,5090.49218865513
4903,4812.484293491814
4904,5353.184538158002
4905,6907.084767096742
4906,6530.417182381112
4907,6342.410809909683
4908,4232.03968296729
4909,4817.462835093229
4910,6079.150130616618
4911,5971.10282320262
4912,5369.91091444519
4913,6694.474981892138
4914,8960.21861403414
4915,6370.218718083755
4916,4545.118494579627
4917,4055.63031782039
4918,5025.387912777241
4919,6639.374012202531
4920,5473.6528451149625
4921,8606.095582877986
4922,5666.0962335107015
4923,5383.0755177975825
4924,3881.9669455752346
4925,3502.81962284174
4926,5773.208602033106
4927,16741.820170552648
4928,3338.862114049333
4929,5170.599576205953
4930,6265.447584847057
4931,6315.50498060373
4932,5781.898072497605
4933,7202.100772767187
4934,4993.159881107423
4935,5023.108980830184
4936,4592.185326836995
4937,6116.200306729399
4938,4224.2091752739325
4939,6019.988350976427
4940,5841.20605450945
4941,4201.219270923396
4942,6501.7290089424905
4943,5836.568543624781
4944,4207.22977020586
4945,7326.968886223139
4946,5249.786046111035
4947,3676.1490122971463
4948,6869.994836735453
4949,5611.987839743998
4950,5107.995902571698
4951,8180.746488054515
4952,6091.291191169141
4953,6198.345257059625
4954,4216.828335047016
4955,4929.222483174607
4956,4562.81858767717
4957,0.0
4958,6546.502098167236
4959,3835.7108364980877
4960,5619.665109484389
4961,3573.2071559860756
4962,6126.324759858781
4963,4454.103518377873
4964,4889.824270431562
4965,4996.950739338533
4966,6288.615995385071
4967,4989.4973982045385
4968,6956.491962617613
4969,5515.547551304016
4970,6504.544945860808
4971,6993.17426869838
4972,7353.361644590068
4973,4616.404032524682
4974,4552.3282885458175
4975,5954.7495476944505
4976,4646.979917491493
4977,7595.448439359305
4978,5709.552932126167
4979,7272.159661135594
4980,7235.305015243592
4981,7233.029740541631
4982,3843.3965823520816
4983,7192.243209116108
4984,6609.483830204722
4985,5745.55790959708
4986,6314.1184465719
4987,7122.799875802242
4988,5988.1667090760175
4989,5557.084608182582
4990,4845.900296873064
4991,4934.951933740642
4992,4994.404365554572
4993,6020.950743070062
4994,4271.140126637745
4995,5344.527705713002
4996,6242.251811331386
4997,5558.297411872659
4998,6453.456767364012
4999,5689.21790810066
5000,6680.277144046043
5001,5299.297965823777
5002,5235.222670292546
5003,5280.499033490804
5004,4287.063291093789
5005,5419.9580052227375
5006,5810.257597549525
5007,5839.051315648882
5008,5862.274686204707
5009,4710.463565119683
5010,6148.053127880116
5011,6033.582469673023
5012,5796.060127407699
5013,4532.980854327937
5014,4206.348199140471
5015,5561.136001792021
5016,6200.131248931709
5017,4286.425274841028
5018,6232.29475125578
5019,6597.211989457868
5020,6013.012105462526
5021,4925.10902963951
5022,3210.051085473133
5023,5751.087000822109
5024,6627.881646074106
5025,5884.533126354201
5026,6542.271865689271
5027,7124.272800536631
5028,4346.7468433104905
5029,6138.3264713318595
5030,4022.135232452572
5031,4023.705848670581
5032,6118.418598961546
5033,7928.303614912357
5034,5239.241383792107
5035,5659.788833374326
5036,4147.76526611846
5037,5084.846857202964
5038,7919.620749399718
5039,5262.054913219539
5040,6543.8578230778685
5041,4144.975063615917
5042,4771.897365157775
5043,3845.642582541569
5044,5194.887712051512
5045,4272.12883847843
5046,4197.148400764552
5047,6069.604454843213
5048,3321.113011536337
5049,4969.79277650433
5050,6126.566162656963
5051,5092.861210943014
5052,4993.444351869943
5053,6809.761149093711
5054,4982.974714755365
5055,5473.884137046703
5056,7083.370250803755
5057,6516.279731181458
5058,6105.687778141632
5059,4045.154724168717
5060,7600.523659618281
5061,5644.43624589457
5062,5275.941047072378
5063,7577.428159669467
5064,7196.847363602201
5065,6646.354338220237
5066,6223.948029008282
5067,5713.500329298002
5068,6813.562118094991
5069,10045.248214533158
5070,4427.661949196523
5071,4868.0812724394755
5072,5463.189819363901
5073,6652.720838267943
5074,5687.952453141673
5075,7801.602684815446
5076,5835.304706937304
5077,5019.940242350258
5078,3971.664128664267
5079,5962.061164504051
5080,5220.602686230995
5081,3936.7893237999338
5082,6026.558197268404
5083,3834.056460868658
5084,6264.587301568106
5085,6057.74567807763
5086,5248.861397882254
5087,6747.717708592509
5088,4672.526097858648
5089,5197.975662841195
5090,6262.235846017278
5091,6111.592689284867
5092,7159.188416711495
5093,5942.147874474078
5094,6638.703712066398
5095,5186.931082974448
5096,4272.126995178632
5097,7973.828732378948
5098,4228.704374230296
5099,8809.95764897973
5100,6481.264832144643
5101,5311.827606788995
5102,6170.619916930586
5103,4455.089029100573
5104,5233.017296942592
5105,5850.881792492021
5106,3907.9426668367328
5107,3564.7794370890474
5108,6186.769893235956
5109,5846.242632108442
5110,7908.422666014344
5111,5761.99524697376
5112,5400.456765493875
5113,5245.3126586807
5114,6611.851068534421
5115,4314.881201148291
5116,8602.582392570832
5117,6115.166096140843
5118,9782.538654166974
5119,4833.727084045418
5120,4733.644112285357
5121,9883.081549029745
5122,8168.926953053434
5123,4647.713500033753
5124,8300.329630638329
5125,4833.938172846858
5126,5284.715712853521
5127,4800.658526324147
5128,4989.572102815742
5129,4086.5787751621756
5130,4513.3079341057855
5131,4647.504425803488
5132,4234.899701684162
5133,7469.250129050227
5134,5552.695744174861
5135,20395.74612174725
5136,5897.018273373306
5137,4929.549337285158
5138,5511.694982645989
5139,7971.10690413271
5140,5463.3943731404925
5141,6353.045949821617
5142,5128.635986692316
5143,6693.285872419289
5144,6521.159086525925
5145,4224.721306624048
5146,5076.029483575778
5147,6690.267495457542
5148,6617.485906032604
5149,5845.128692116172
5150,5710.51705245905
5151,5827.540403074451
5152,4841.500192938141
5153,7323.5509607038
5154,7992.471449158816
5155,9167.814658180689
5156,8534.928603411065
5157,6883.397315858402
5158,5025.56574208252
5159,6292.754333878867
5160,4306.846887056389
5161,7799.081430029666
5162,8422.186958354121
5163,7837.208207798817
5164,4874.525878760428
5165,4342.575957412209
5166,4866.268672196399
5167,5969.769585169074
5168,7846.181035599549
5169,5716.569524466883
5170,5128.754459896127
5171,4924.735445207411
5172,6892.3135263317145
5173,4381.3726251906255
5174,6649.289949048832
5175,4923.57708929606
5176,6112.820490011718
5177,6319.361132864505
5178,5569.780921931727
5179,6483.040058027764
5180,6215.637888605908
5181,5329.610236104612
5182,5663.384000407464
5183,5967.718053332591
5184,8935.873648387733
5185,5496.385267475262
5186,7243.506046024005
5187,6519.821118094168
5188,6939.672277137075
5189,6677.8794504271
5190,6747.416686081528
5191,4789.788534525
5192,6330.988955671791
5193,5867.111467103379
5194,6363.6081289839485
5195,8167.739721815743
5196,6456.875338895893
5197,4819.419394365995
5198,6066.243556001982
5199,5597.819766158789
5200,7676.7412585936945
5201,4899.091099900638
5202,9709.482647397575
5203,4725.299942332041
5204,5397.753692120353
5205,6514.061484853138
5206,5543.91238248137
5207,5363.527206017214
5208,5673.886717715468
5209,6363.598978906514
5210,5703.058574877721
5211,5321.938949220466
5212,6481.871409087203
5213,6618.248860553622
5214,5627.9835338261655
5215,5207.476845340418
5216,6243.857602542806
5217,8474.562559350132
5218,6336.77089987261
5219,5245.148388643546
5220,6598.591568570914
5221,5629.584079118079
5222,6998.56858489992
5223,6643.912232278195
5224,4936.721367586272
5225,6936.15581401914
5226,6413.814480135521
5227,5971.683686629833
5228,6336.986534809363
5229,5155.131803395314
5230,5519.757389184239
5231,4907.272947314262
5232,6660.483839289061
5233,6527.224508909982
5234,4826.052792394178
5235,5116.211414183724
5236,6106.06764565871
5237,5807.241079952914
5238,5744.745377647686
5239,5737.450909421508
5240,5548.481511410614
5241,6351.4601882540765
5242,5139.223722844874
5243,5152.244300408427
5244,5863.757934240468
5245,7468.304768003777
5246,6141.197833914885
5247,7167.877828081717
5248,7374.5335635667025
5249,5605.119619038482
5250,7200.984734143496
5251,5795.596724339514
5252,5810.414217620887
5253,7792.145097441076
5254,5781.794189283213
5255,7769.614396764599
5256,7499.023169212403
5257,6749.557508858236
5258,5910.325448472507
5259,7017.121841898348
5260,6943.009436872346
5261,5048.397755954146
5262,4378.95547902045
5263,5650.11035326061
5264,6382.414841187756
5265,5596.408501205361
5266,5230.788731091951
5267,7020.76321275979
5268,5697.6661713809
5269,5471.024103074021
5270,5499.520184978209
5271,5331.905599133251
5272,6897.561717969183
5273,6228.799066826577
5274,5843.992263555372
5275,5141.290368189378
5276,5566.968633221543
5277,6587.102384839157
5278,4676.160188297626
5279,5552.520337139782
5280,4531.717847653782
5281,6715.765809017451
5282,5265.448039018456
5283,5543.942645203157
5284,8168.878020154082
5285,5676.026648648628
5286,5583.343537279063
5287,10169.6634712743
5288,5917.8630416195
5289,6459.650681756783
5290,5986.989986005448
5291,5116.465398257486
5292,6720.41943487821
5293,5215.608309298755
5294,6468.825408752577
5295,8067.912711385648
5296,5724.416075490198
5297,3468.7754950449194
5298,4823.33745002491
5299,6953.251582277156
5300,6895.048224204192
5301,5372.174045746163
5302,5482.900857721117
5303,4955.510716533786
5304,5071.971843885183
5305,4783.065693233873
5306,4557.256986861214
5307,5772.130772157674
5308,6696.042386277583
5309,6031.077065858716
5310,5826.847901378385
5311,6874.100213293288
5312,6769.960261833679
5313,6573.9717312968405
5314,5498.06743221419
5315,7258.000672919416
5316,7911.092224440588
5317,5542.613669143213
5318,6482.780126561229
5319,6044.841139814597
5320,6348.025951870836
5321,5236.231995074055
5322,5613.836904815188
5323,5131.174934218738
5324,7299.281302467114
5325,6011.708233142073
5326,7421.8629042786315
5327,7187.810945746936
5328,6126.8669555434335
5329,6540.069448672628
5330,15985.033938311202
5331,9142.084012186946
5332,6188.289030815013
5333,3701.513514106417
5334,5963.063086550848
5335,7936.636330932658
5336,4665.515928204
5337,11401.18724686489
5338,16993.137654041966
5339,6035.694374350027
5340,5354.0439897646
5341,7140.594290944427
5342,5575.626850415782
5343,7773.514002206466
5344,5142.001843686227
5345,6707.023898116849
5346,0.0
5347,5371.428374770693
5348,6396.346884537338
5349,6500.512504177764
5350,7479.657755985159
5351,5280.649925709164
5352,6744.610019514779
5353,6167.173773226505
5354,5170.05046331529
5355,5703.288127180067
5356,6230.995608862524
5357,5007.167249721585
5358,5650.287352462407
5359,5628.137235329299
5360,5250.822839447006
5361,4574.194598858025
5362,5205.742627000559
5363,5767.843827423441
5364,7606.023939951455
5365,6440.1890643733295
5366,6591.677086833685
5367,6313.931359263334
5368,4917.026271234277
5369,5589.991690269305
5370,5629.911166641836
5371,5141.990553010631
5372,4972.247424738018
5373,5917.07850779139
5374,5936.808045162239
5375,6384.26976157845
5376,6958.8188307787705
5377,5978.001477321505
5378,4777.074574395187
5379,5505.945008579065
5380,7277.644953461185
5381,5492.4835456901055
5382,6118.745848546458
5383,13031.418751201827
5384,6751.337331599503
5385,5744.297489729987
5386,5637.884819346287
5387,5211.614493242733
5388,5773.440268022714
5389,4453.229462744878
5390,6095.7161924242855
5391,7059.037178637037
5392,5462.600213109154
5393,12155.815120082421
5394,9025.673406856413
5395,5725.163456464643
5396,6156.41914846546
5397,5560.358380620496
5398,6521.558492785286
5399,5854.291034681069
5400,9081.84995715161
5401,6112.519635793411
5402,7147.743442276291
5403,5596.189296429481
5404,6511.929975002142
5405,5658.293797417874
5406,7129.796547899612
5407,5913.60019028698
5408,5676.932228576937
5409,5895.146948754037
5410,6156.8254183035915
5411,8274.442381145987
5412,7054.140363566877
5413,6063.1025320763165
5414,7591.840510823365
5415,6701.486657628308
5416,9137.632857137876
5417,4704.530871691045
5418,4999.527749949816
5419,6488.247637816987
5420,7967.257243036647
5421,6750.531175617954
5422,6171.823243421275
5423,6690.3235296178045
5424,6699.779824522796
5425,5497.209118937013
5426,6940.679062363841
5427,6649.0474825398815
5428,5409.481305739346
5429,11329.57009707891
5430,14763.85498795274
5431,6622.120380359526
5432,7040.800720049979
5433,7089.136205002261
5434,7995.031780781793
5435,7970.349859600455
5436,5867.6076090357465
5437,6658.028988354041
5438,6305.3349125505865
5439,6829.46506822317
5440,5124.647006084692
5441,5720.198602150637
5442,5278.749859727795
5443,5180.952981729896
5444,5515.882716919629
5445,4744.154656964344
5446,4659.425366259759
5447,5778.158395424065
5448,4484.624546093871
5449,4263.397816727759
5450,5628.4758792493985
5451,5881.411397786496
5452,7676.56964200616
5453,7536.484609503475
5454,7349.0607288024785
5455,6492.873076567149
5456,6447.845424095572
5457,7772.981349070593
5458,6472.538969899508
5459,4711.172943609675
5460,5357.596109456801
5461,8282.833438808279
5462,5264.664446972502
5463,5937.544561046451
5464,4954.759533863287
5465,5216.730848486278
5466,7186.602343335305
5467,5470.550671382996
5468,5873.511021244497
5469,7380.891871257169
5470,8098.311579318842
5471,8779.42758564553
5472,5809.119194594017
5473,7854.742585482211
5474,4442.550894211348
5475,5212.610728535154
5476,5712.110026755088
5477,4707.439461963578
5478,6390.816456681418
5479,4744.938873030868
5480,6880.51983970656
5481,7132.512277420813
5482,7319.120839688465
5483,7434.5551402958845
5484,5285.216231270092
5485,5657.266653128001
5486,6945.3058513692595
5487,6787.148169932335
5488,6792.841027889792
5489,6187.1434496433385
5490,6433.885785673269
5491,7221.955520595542
5492,5890.760715182034
5493,6089.915434973105
5494,6885.324450031685
5495,6998.800854251333
5496,11128.420558215232
5497,6740.028290970645
5498,11697.079595991096
5499,5941.712494569403
5500,6399.362120493605
5501,4098.239651407972
5502,6362.002151464898
5503,6191.56519739097
5504,5477.558363383622
5505,6850.277415140901
5506,5865.764038161549
5507,4375.481487024582
5508,5900.548252583798
5509,5586.544342581625
5510,6309.117392193227
5511,6202.468563480717
5512,6306.5077157556725
5513,6632.754259977816
5514,5770.704537420296
5515,7169.502860223132
5516,5063.6888287084585
5517,5188.3000648464285
5518,6073.791670297273
5519,6963.50223469617
5520,9046.91803374643
5521,6634.1419638087655
5522,4500.990641811323
5523,5609.203161978942
5524,6628.897698593967
5525,6165.882271984813
5526,5697.496461691251
5527,6785.640500362647
5528,5621.34056634676
5529,6147.65276676857
5530,5740.098175246192
5531,7211.928491262353
5532,5233.812261517421
5533,5933.6054702176925
5534,5943.661519695259
5535,5694.994142107514
5536,5106.247232784208
5537,5258.595168701574
5538,7283.910233369646
5539,7382.979293843901
5540,8095.6262596464285
5541,9467.268978882379
5542,7175.760004569443
5543,5743.090009189047
5544,5953.967747404354
5545,8734.231800435506
5546,7720.697659107526
5547,6125.8865981677445
5548,6517.7989603113365
5549,7645.514239328274
5550,5384.231962152226
5551,4635.857661235971
5552,8258.570963126678
5553,5769.620338065119
5554,6846.24553382653
5555,5601.252515080688
5556,4008.6206627073016
5557,8732.581912306961
5558,5704.271407300134
5559,6159.309978065096
5560,5403.268053529164
5561,5937.829864504394
5562,6124.25388690567
5563,5951.669955071959
5564,6697.224802721018
5565,6103.33731750638
5566,4642.5555005799415
5567,4937.96633871842
5568,5008.333937542112
5569,6341.437520634032
5570,16359.770407079977
5571,4766.47557633811
5572,5940.287951968873
5573,6723.794538094131
5574,4804.396757625388
5575,4451.219340114571
5576,5783.122769451521
5577,4708.387470846734
5578,6560.566645375756
5579,6701.440562459502
5580,4837.977849189732
5581,6728.048002305054
5582,4379.273183817771
5583,5076.7115956424095
5584,6730.554164669974
5585,7210.45274058674
5586,8601.868961387212
5587,5461.902001057892
5588,5928.568072974366
5589,4551.472338756601
5590,5992.118817336703
5591,11920.372976270464
5592,8235.116356030272
5593,6312.008726421217
5594,4654.20358646466
5595,6228.922858681017
5596,5076.360718893167
5597,4459.876347493451
5598,7292.605396473325
5599,5298.262364599622
5600,5333.868748511106
5601,6550.4869698251205
5602,5828.311157010268
5603,5307.901112359167
5604,5576.812245547867
5605,6292.237806122759
5606,5904.688547576265
5607,4708.531537298563
5608,5287.018487501033
5609,6424.44445472178
5610,7074.709169440354
5611,6310.0865438314695
5612,6855.843626755416
5613,4378.572566118657
5614,6648.255171239105
5615,5080.335343419462
5616,5671.423349156039
5617,5750.374053941518
5618,6685.2539962482415
5619,5186.330303214134
5620,6413.905440495481
5621,6329.074836381257
5622,5624.094361854313
5623,5871.5817436488105
5624,5987.976993060806
5625,5750.0607950757085
5626,5417.12534376036
5627,6835.563020990579
5628,6061.492758029725
5629,5058.6189503589285
5630,8498.95869078903
5631,4844.2642814645005
5632,4903.61382068741
5633,6193.827303075626
5634,7426.8357087038585
5635,8470.090191772504
5636,5519.465728108564
5637,6548.446811058179
5638,5344.491659253799
5639,6551.340760934734
5640,6362.014728390714
5641,6332.03783028169
5642,3666.990419324507
5643,5577.721098868146
5644,6237.17612391074
5645,5292.671923235046
5646,4404.49629712433
5647,6657.707280352838
5648,6485.124971505244
5649,5634.668172559131
5650,6872.6787643058515
5651,6665.960888867234
5652,8026.835890583716
5653,5363.164154232222
5654,5411.699943745161
5655,5555.896240448218
5656,6416.121374043473
5657,6597.962085656687
5658,4724.667823496216
5659,8258.581121406793
5660,6242.104643438372
5661,6195.243592753149
5662,5104.932932561726
5663,4762.503228238903
5664,6336.881541892521
5665,5086.819167550497
5666,8040.350716293035
5667,5836.820359336826
5668,5453.195981657146
5669,7343.798602428558
5670,5639.643676273458
5671,5473.989185691848
5672,6511.671578762523
5673,5430.64178245078
5674,7478.684429717197
5675,8340.941363458016
5676,6529.093130622671
5677,5785.475598745474
5678,5360.945248232436
5679,4551.6162050059975
5680,3602.5242108965153
5681,6559.79234278184
5682,5523.009711643138
5683,7330.199959259021
5684,5248.849156595888
5685,5732.501502832991
5686,5222.425909289771
5687,8469.579076082662
5688,5505.505523512224
5689,5601.982748856296
5690,5998.331832872356
5691,6424.301762264952
5692,5864.358897734946
5693,6424.566936762682
5694,6755.998128335248
5695,8548.30204478574
5696,6587.392296536308
5697,6850.359081634832
5698,6373.019464494847
5699,5093.9243342825675
5700,5387.179152150092
5701,7934.8738580741765
5702,7357.71671545971
5703,6222.441639186939
5704,14490.075350742472
5705,5557.2821196075
5706,5710.5710930094865
5707,5026.051650485195
5708,6938.709577803595
5709,7819.4933034463875
5710,6324.282137051366
5711,6963.10215123335
5712,7211.994835048012
5713,5485.160738436313
5714,6327.460441674251
5715,5279.781325624732
5716,5578.56961060663
5717,5434.63844340864
5718,4987.959090155536
5719,4949.269567645942
5720,6859.210859204738
5721,14374.967203732796
5722,6604.6091890302805
5723,5279.764921184775
5724,5893.872950081773
5725,4912.511383561042
5726,6292.463513137317
5727,3976.9024363809085
5728,7705.161609613191
5729,6635.092452494907
5730,6485.635933325518
5731,10017.86084975325
5732,10144.264077029637
5733,6248.996439999049
5734,6112.995282573022
5735,4987.440319918656
5736,5479.915951554081
5737,6833.100066486932
5738,6865.096612594182
5739,4628.969686741346
5740,4825.069196169212
5741,4099.645161966104
5742,5394.8339461877695
5743,5511.329606624848
5744,5867.142940828458
5745,5055.51994211386
5746,6730.8237609611315
5747,5933.167187495027
5748,5654.624448174128
5749,5227.846904322705
5750,4661.390461545846
5751,6407.864166915746
5752,4280.788056832518
5753,8170.132664625429
5754,5383.432281078432
5755,4299.043956901488
5756,6321.31314558029
5757,5237.150255962931
5758,5073.470852738502
5759,5168.4328565339165
5760,5380.886234891935
5761,7600.188246506496
5762,7936.79820977824
5763,6367.392079034879
5764,4727.772240443698
5765,5811.04836918173
5766,6073.5501333987895
5767,5942.073873043066
5768,5421.580056447389
5769,6920.663918807775
5770,8834.926645190382
5771,6308.401439364207
5772,5889.591450154437
5773,5858.837942426981
5774,5332.237721732281
5775,7786.112494460582
5776,5444.623894955408
5777,9949.832801734077
5778,5604.9300962444895
5779,5442.051019112883
5780,4857.166068169334
5781,5133.365779743239
5782,6655.06961320682
5783,16773.741123741656
5784,4101.804891686187
5785,5230.8811534051965
5786,7360.907670498205
5787,6132.5154139465585
5788,5972.536414947449
5789,7142.164693275547
5790,5083.7677376112015
5791,5058.117036877218
5792,4564.746195558522
5793,7165.102647157776
5794,5099.450635379475
5795,6902.387891733831
5796,5733.7169247963275
5797,5057.261686233274
5798,6764.298299564217
5799,5782.338863649893
5800,4178.200820046306
5801,7743.747080092218
5802,7149.707475543693
5803,4296.988844054854
5804,6961.858294703928
5805,5550.821702477786
5806,5177.228219548734
5807,8203.746929858618
5808,6116.272460294337
5809,6500.710732060382
5810,5025.260504083189
5811,4935.663760608066
5812,6152.107184600374
5813,3592.9286828878426
5814,6946.533639148489
5815,4381.8183794529195
5816,5742.123416544195
5817,4698.9453289680205
5818,6107.717736834553
5819,5275.6908406105495
5820,6036.562752689612
5821,5270.573482878254
5822,6227.449858118859
5823,5851.753697520148
5824,6782.907318583658
5825,5721.309107467357
5826,6845.790122786397
5827,7326.230841545826
5828,7261.59107396714
5829,4541.472016693721
5830,5482.563129015061
5831,6628.035046255435
5832,4905.280412786075
5833,7576.841416335076
5834,5708.585928662009
5835,7560.743627007474
5836,7513.429521951887
5837,7455.654406081026
5838,4696.373644918023
5839,7315.381215992397
5840,8157.384413590246
5841,5816.71211538373
5842,6564.901745044522
5843,7300.724509606492
5844,5987.199705611859
5845,5473.16551960744
5846,6081.070768908621
5847,5566.438126607626
5848,5586.23268747405
5849,6180.421615738208
5850,5369.662291484267
5851,5293.121129166263
5852,6288.1854235691935
5853,6054.029969349067
5854,6476.45720916812
5855,6532.51672085098
5856,6458.501152442347
5857,6000.997390927383
5858,6449.256695773422
5859,6179.380729214751
5860,5718.451208708744
5861,5797.152295189386
5862,5869.2330988648255
5863,6798.768756004917
5864,5918.163084661989
5865,5302.291887039161
5866,6193.986740117924
5867,6268.82889199204
5868,5797.068148766779
5869,5621.371700657589
5870,4985.357889985181
5871,5834.946741844484
5872,6757.476757541896
5873,5551.781712310356
5874,6255.295193059888
5875,6578.60496643364
5876,5187.45222665996
5877,4948.109471443618
5878,4081.2762545805945
5879,5689.920863555897
5880,6652.862915199303
5881,5855.504176194647
5882,6764.893493667265
5883,7348.677549949027
5884,5425.346549193201
5885,6689.121922052652
5886,5012.573827729144
5887,4643.695841084689
5888,6248.998728984655
5889,8167.43712635347
5890,6276.353833514855
5891,6559.847099274534
5892,4976.839938956922
5893,6284.647972034884
5894,7594.748481223091
5895,5233.025963059985
5896,6492.451246531129
5897,4793.9765658682545
5898,4733.524615256103
5899,4919.608047222663
5900,5710.561838150078
5901,5454.719512759955
5902,4976.158091609263
5903,6115.53806708102
5904,4424.089986055657
5905,5887.277942957838
5906,6462.2937210742275
5907,5091.894207478856
5908,6161.007409205829
5909,6755.531469118822
5910,4788.173302537802
5911,5742.008153659477
5912,7075.463563275777
5913,6655.682097007333
5914,6108.033098230015
5915,4694.156226421056
5916,9336.172790286835
5917,5636.529558366592
5918,5246.9120969128235
5919,7612.4362157165015
5920,6903.689267579857
5921,6952.618892632452
5922,6295.102234794932
5923,6422.893297364833
5924,6814.570139454071
5925,10489.595954426246
5926,4763.389507613788
5927,4991.577085596428
5928,5509.123431601708
5929,6877.125587680339
5930,6007.263212067099
5931,7281.994433503352
5932,6532.721146521386
5933,4968.5336658035185
5934,4864.551907251193
5935,5910.654587957311
5936,6814.302928961086
5937,4829.677102386862
5938,6085.533698583705
5939,4209.338646305224
5940,6184.490849636555
5941,6006.339101530891
5942,6147.743093606201
5943,7210.412283480775
5944,5964.794203525566
5945,5200.320982929577
5946,6354.099303985753
5947,6383.207769871876
5948,7230.342622498145
5949,6482.427973181623
5950,6620.09668904217
5951,5238.600224976647
5952,5360.517841508284
5953,8144.886017046788
5954,4955.017828548614
5955,8656.801278949782
5956,6462.657809120415
5957,5314.172926877377
5958,6171.627938289666
5959,5209.564153913519
5960,6131.898992666539
5961,6355.575579080293
5962,3881.72378016248
5963,4775.499788355344
5964,6185.802889771798
5965,7079.404099279869
5966,7931.2479444013225
5967,5754.088559445782
5968,5736.1843239111395
5969,5496.095957153322
5970,6703.714526502896
5971,5377.5935912180685
5972,8641.911626657462
5973,7066.964155764489
5974,9440.660849300873
5975,4799.494661304238
5976,5177.764912562106
5977,10507.394440544022
5978,8210.864026096933
5979,5176.676236786771
5980,8325.310899763523
5981,5272.867904657856
5982,5307.716154657629
5983,4759.119744269865
5984,4878.665027473588
5985,4975.889749515135
5986,4761.960104411558
5987,4632.072908767941
5988,4861.010802420393
5989,7673.364426604131
5990,6504.493803798507
5991,19815.301469832055
5992,5809.8454358784265
5993,4392.736528438391
5994,5206.078041366204
5995,7823.8049737867495
5996,5234.771996218029
5997,6204.933947194009
5998,4875.072726335717
5999,6706.48432835986
6000,6534.357542466496
6001,4023.9867890735927
6002,4799.617857172052
6003,6147.565438029941
6004,6488.103687021436
6005,5671.452805452288
6006,5576.911947608402
6007,5180.232698533453
6008,4583.818350150854
6009,6990.973964632676
6010,8030.610788533522
6011,8708.162549771083
6012,8316.439809357811
6013,6250.037188296482
6014,4807.447784714138
6015,5579.942468783602
6016,3814.1673695202226
6017,7630.848559907754
6018,7919.103066800293
6019,7898.048633756185
6020,4724.167239431394
6021,3889.0894886100837
6022,4412.7822033942775
6023,5337.512603677754
6024,7939.203255620591
6025,5370.250443978606
6026,4584.692515309883
6027,4411.217159435666
6028,6495.315723245702
6029,3972.0866485069205
6030,5942.094887348969
6031,4379.515144709816
6032,5679.66958989581
6033,5649.210862035249
6034,5149.885215092203
6035,5925.254662111193
6036,5782.48698849
6037,4922.33157068492
6038,5274.218891218064
6039,5660.319305617513
6040,8333.851147095234
6041,5184.22259225822
6042,6824.682110519965
6043,6346.734530486396
6044,6885.344827869936
6045,6051.529838660035
6046,6620.669992101604
6047,4396.504842904912
6048,5864.523050150954
6049,5486.737676820033
6050,5625.52537424099
6051,7538.414253323655
6052,6029.706319578881
6053,4503.645206228084
6054,5600.0512046235135
6055,5347.156363746169
6056,7464.169228424064
6057,4689.381610681774
6058,9701.776872357992
6059,4484.818942703339
6060,5147.090289707733
6061,6313.143314540327
6062,5053.571266464626
6063,5151.406406453702
6064,5432.304041595717
6065,5738.4948628464645
6066,5020.372698524624
6067,4681.495208697099
6068,6029.183399552688
6069,5920.518727155097
6070,5416.5131801475845
6071,4921.858879535652
6072,6014.027245829637
6073,7925.394418911
6074,6069.881481816615
6075,4774.137265715485
6076,5874.710204888509
6077,5229.689707912309
6078,6362.699001179994
6079,5954.1872738670245
6080,4556.947863874807
6081,6270.448659527347
6082,5976.8610475869245
6083,5467.607087153425
6084,5865.975411881302
6085,4525.309702332703
6086,5015.680789707832
6087,4513.281581411475
6088,5929.165060973573
6089,6944.6339792663475
6090,4521.804321060974
6091,4831.133284475235
6092,5631.7079012350405
6093,5310.6018951095875
6094,5491.938791297913
6095,5549.452415001691
6096,5360.483016990797
6097,6079.923818287864
6098,4622.022903434702
6099,4948.243520924994
6100,5422.828922951499
6101,7274.709784748507
6102,6011.122171845547
6103,6443.996464399311
6104,6708.233960177344
6105,5115.578577952152
6106,6568.436704110061
6107,5591.595944856081
6108,5609.4471289002
6109,7158.3022908827315
6110,5292.253148196883
6111,7528.554555938339
6112,6775.141805529997
6113,6325.409101199554
6114,5301.295858188191
6115,6776.062001072088
6116,6219.128073189941
6117,4860.39926153433
6118,4190.956984600633
6119,5458.39774737487
6120,6218.891655186779
6121,5265.905395604214
6122,5024.060453055696
6123,6836.883300770661
6124,5567.590509311562
6125,5284.652551025917
6126,5096.544740870645
6127,5148.025687144122
6128,6665.293196048975
6129,5770.709636397391
6130,5657.620711507268
6131,4642.07664250452
6132,5426.759388282989
6133,5859.489781157936
6134,4546.084526228287
6135,5339.872655026652
6136,4227.008628430108
6137,6256.200173266649
6138,5077.4495445986395
6139,5355.94415078334
6140,7456.037832612003
6141,5519.667839181991
6142,4860.901214281337
6143,9959.29588108409
6144,5513.626774691051
6145,5760.545837794825
6146,5782.989206522015
6147,4593.294500945582
6148,5952.657281537552
6149,5052.550698313074
6150,6226.201225186723
6151,7908.973682830654
6152,5477.820588958121
6153,3027.3182999515943
6154,4493.236117534336
6155,5963.816459302875
6156,6397.14821653998
6157,5234.427280204677
6158,5329.818458859141
6159,4524.216188091097
6160,4795.529631986019
6161,4579.06491375044
6162,4353.25620737778
6163,5129.490355963403
6164,5985.62525998862
6165,5855.988472775641
6166,5642.967989389256
6167,6162.4042399272475
6168,5962.053902496518
6169,5867.782951657232
6170,4952.935402065947
6171,7053.999893435982
6172,7451.526588689786
6173,5360.826274541093
6174,6304.964034925331
6175,5488.808840718259
6176,5869.174330765725
6177,4738.331987409844
6178,5454.7505967957295
6179,4692.791357909399
6180,7038.100594146549
6181,5587.851119332466
6182,6920.7634512052255
6183,6967.087693911076
6184,5426.484337309867
6185,5787.563389045022
6186,15774.666348120993
6187,8440.630422647711
6188,5996.576424929272
6189,3304.8551881215226
6190,5266.453672441194
6191,7757.46453324342
6192,4493.77016804817
6193,11126.935805058441
6194,16768.233610259336
6195,5782.887788000254
6196,5172.25659516248
6197,6391.820415384663
6198,5416.687821860789
6199,7563.146412016253
6200,4941.034754965541
6201,6490.904940724724
6202,3989.0587962458026
6203,5141.149169399655
6204,5718.807316442534
6205,6284.393546785639
6206,6424.703021064881
6207,4587.161885142607
6208,6038.42123987517
6209,5979.175278806688
6210,4844.367792869073
6211,5519.408215190938
6212,5547.530319384183
6213,4766.145420045061
6214,5190.721716711606
6215,5440.378986233373
6216,5066.942927457877
6217,4444.118936788686
6218,5023.955232398439
6219,5602.693699050751
6220,7152.075107596055
6221,5739.8064461397635
6222,6399.964480947944
6223,6097.81240187121
6224,4338.38061769027
6225,5389.024601548618
6226,5446.031254652707
6227,4606.095733951702
6228,4809.189813752337
6229,5710.350229755134
6230,5438.908037498028
6231,6117.6460367159125
6232,6669.089851805138
6233,5518.435841570704
6234,4570.346296358931
6235,5230.82747737334
6236,6842.892533984412
6237,5116.823129254079
6238,5881.034310084279
6239,12821.051161011617
6240,6018.643842720583
6241,5523.574237894127
6242,5139.984811682077
6243,5027.734581253604
6244,5566.711989986458
6245,4215.5179242827
6246,5795.631551805007
6247,6817.977337810777
6248,4747.501085410328
6249,12052.684627307935
6250,8850.584813773334
6251,4992.469967585723
6252,5884.882778499248
6253,5293.734655757959
6254,6305.439535393161
6255,5679.202441597993
6256,8292.95124817626
6257,5539.4067576709585
6258,6956.03083639055
6259,5466.113634360143
6260,6295.811017610017
6261,4993.3453587271515
6262,6968.859021488694
6263,5415.70018262277
6264,5495.144833974817
6265,5217.039620304959
6266,5756.9314418321255
6267,7540.046569490366
6268,6934.06753353431
6269,5364.565448468633
6270,7504.006726193794
6271,6016.295393501578
6272,8797.419296012633
6273,4514.28043786645
6274,4623.0672585833745
6275,5902.518048595327
6276,7182.182173140604
6277,6044.342395978344
6278,5673.923235757064
6279,6078.089231156834
6280,5931.471205025852
6281,4786.791992648049
6282,6779.351634520046
6283,6438.3728197555665
6284,4949.915669988544
6285,11340.071058665346
6286,14583.872575804475
6287,6196.71114987996
6288,6241.190091763859
6289,6985.205637297357
6290,8028.3811084153585
6291,7850.277029567888
6292,5720.176695441794
6293,6625.717366669994
6294,5537.572759209927
6295,6369.899432472368
6296,4853.235887339563
6297,5536.787265747057
6298,4917.2023201111415
6299,5046.6017777700445
6300,5385.650095390465
6301,4408.729508962247
6302,4365.165881467504
6303,5045.464906545146
6304,4350.273342134019
6305,4118.29111737244
6306,5109.222657787824
6307,5604.165697071091
6308,7022.455428933168
6309,6826.067483214511
6310,7106.612108645794
6311,5748.29954500695
6312,5766.469860729991
6313,7585.5687987042975
6314,6183.729327171687
6315,4416.913458817419
6316,4926.124728905162
6317,7154.373478197401
6318,4936.073399390242
6319,5445.648405183771
6320,4697.216579101588
6321,5049.943524885362
6322,7029.548953640989
6323,5094.8902549469685
6324,5174.8553266696
6325,6745.800929806484
6326,7442.2986381184855
6327,8766.285939742766
6328,5562.708070414122
6329,7564.4218072633075
6330,4151.018907971915
6331,4937.887310219642
6332,5389.426746768768
6333,4345.737996800184
6334,6224.029133080502
6335,4575.424050877133
6336,6531.807924629995
6337,6916.280506513585
6338,7135.709503284884
6339,7088.8584600027025
6340,4990.9567464778365
6341,5298.199076405789
6342,6698.894727189364
6343,6144.294118490335
6344,6590.774707181738
6345,5453.412382291952
6346,5746.638577706491
6347,7081.451344391925
6348,5293.061975111141
6349,5930.863592903009
6350,6235.025937719842
6351,6670.209806669073
6352,10944.479283127932
6353,5999.190617377404
6354,11125.600234932102
6355,5477.968892176427
6356,5710.232895819064
6357,3974.799096576878
6358,6195.2148278639825
6359,5630.320900127718
6360,4792.515227020266
6361,6618.251145018853
6362,5243.430097829533
6363,4081.222002232326
6364,5288.313954122827
6365,5257.9532949993645
6366,6116.112384190462
6367,5558.517640302874
6368,6116.476436162206
6369,5874.268791097943
6370,5306.960935027321
6371,6906.289366728916
6372,4873.6575491149915
6373,4767.431716034449
6374,5375.25458668959
6375,6719.018524818392
6376,8921.654345130768
6377,6287.893788736812
6378,4365.446090861983
6379,5400.442098769036
6380,6405.843969132009
6381,5892.313116844951
6382,5539.2508241592495
6383,6593.063300040641
6384,5435.427869183981
6385,5838.543912470898
6386,5327.753436660509
6387,6500.232517896313
6388,5223.957395133298
6389,5684.12443772807
6390,5356.384943609652
6391,5109.412680649227
6392,4888.106148425925
6393,4763.84526229829
6394,6585.373149761962
6395,7131.403519708295
6396,7711.917739083619
6397,9254.046201251978
6398,6768.73754294421
6399,5387.360746549212
6400,5732.571326541415
6401,8471.018306941292
6402,7546.850242401959
6403,5906.197349754598
6404,6331.886263148557
6405,7422.460509866317
6406,5191.226954149462
6407,4429.824096578887
6408,8276.672089875488
6409,5350.824751357315
6410,6580.058311923017
6411,5436.9704772844125
6412,3546.6334544757615
6413,8653.075175101532
6414,4963.607960739156
6415,5414.876090109493
6416,5055.701152026475
6417,5355.740275426897
6418,5776.686985402981
6419,5970.942744344877
6420,5834.305577502912
6421,5642.677878668234
6422,4597.321064230776
6423,4681.945227202685
6424,4717.946964876554
6425,6029.933529567419
6426,16302.156617374432
6427,4450.266509216128
6428,5140.5078058092495
6429,6432.494429471258
6430,4491.161418912704
6431,4253.098074089092
6432,5002.9634701730565
6433,4452.366359330998
6434,5734.2306079914415
6435,5977.295730652732
6436,4543.472294093487
6437,6418.229104118075
6438,4084.7676287215254
6439,4703.5808101034445
6440,6270.20461839514
6441,6849.335783437419
6442,8381.207400353302
6443,5292.669001659205
6444,5743.1855090475965
6445,4298.966626281712
6446,5631.776528936802
6447,11699.71141523656
6448,7330.474022639214
6449,5690.5836445664845
6450,4401.285432055111
6451,5439.564029855885
6452,4792.598264559607
6453,4240.127922416859
6454,7020.059363214218
6455,5139.16294807015
6456,4791.439043734934
6457,5841.263728474337
6458,5275.204534746634
6459,5065.304321235449
6460,5407.431966684714
6461,5982.418907935779
6462,5449.49360225544
6463,4465.688516318369
6464,5113.666905671657
6465,5669.7293807398155
6466,6833.280653207667
6467,6007.59430588147
6468,6345.326260906834
6469,4154.7055586113775
6470,5882.631430350717
6471,4895.323616177558
6472,5394.494995242316
6473,5690.058346565656
6474,6458.8410680124225
6475,4943.733512090415
6476,5985.852520377136
6477,6052.146482467534
6478,4955.372138436989
6479,5144.162114126767
6480,5768.228567984214
6481,5294.865849754883
6482,5028.515891707088
6483,6178.343599162984
6484,5654.248451436203
6485,4889.385950960241
6486,7988.441324940461
6487,4538.798315105204
6488,4243.175107716984
6489,6034.727886546155
6490,6780.8188849049375
6491,8329.720558859473
6492,5295.352490744808
6493,6322.03388282236
6494,5120.62465174652
6495,6365.958197007964
6496,5649.641385779002
6497,5649.9389815680815
6498,3544.512291275153
6499,5098.603444789667
6500,5614.779830940193
6501,5383.378229935011
6502,4180.629289617051
6503,6005.605951911696
6504,6415.719679540549
6505,5426.985027939751
6506,6713.579347776381
6507,5979.729654737951
6508,7374.734562142574
6509,4844.095326272612
6510,5207.029605297093
6511,5286.417810070194
6512,5758.783341248665
6513,6374.56196359218
6514,4501.26770143171
6515,7887.9527855982415
6516,5738.779037526119
6517,5756.7492080795255
6518,4832.734195205401
6519,4457.0372618796055
6520,5815.300392911804
6521,4841.24864801748
6522,7489.552047539126
6523,5474.341955146001
6524,5267.813417730376
6525,6611.262450732748
6526,5454.631949031554
6527,5221.893448829009
6528,6277.483207969413
6529,5242.531719971188
6530,7236.1219369532955
6531,7717.664466454345
6532,6369.9937140932
6533,5497.2673847510105
6534,5102.313176300141
6535,4378.264623176622
6536,3417.141646969745
6537,6499.476635405978
6538,5038.239320000072
6539,7088.7925284924495
6540,4882.391503213976
6541,5247.612500222714
6542,5049.074327460396
6543,8267.572499353222
6544,4785.94165065445
6545,5117.212357213231
6546,5470.559970405271
6547,6250.102505706281
6548,5192.445377392736
6549,6161.363254058658
6550,6472.70255944446
6551,8339.0692495129
6552,5833.672018407298
6553,6268.226061637633
6554,5773.039030245695
6555,4909.696832353126
6556,4964.760376605277
6557,7698.184515827364
6558,7159.321124685642
6559,5949.895605927833
6560,14064.04229905932
6561,5398.182703078029
6562,5372.111436933589
6563,4866.9522339557225
6564,6428.572727313199
6565,7210.043379840484
6566,5941.840195379323
6567,6478.327922908179
6568,6727.22060672284
6569,5280.490399988245
6570,5747.485768580518
6571,4813.624391526377
6572,5355.169488542123
6573,4983.017067700363
6574,4745.116069175341
6575,4725.869445581435
6576,6398.371884869267
6577,13840.428956750096
6578,6381.931541880147
6579,5049.343191881421
6580,5734.773533552301
6581,4350.1834867678135
6582,5549.709869478244
6583,3707.8031650356493
6584,7471.179255474022
6585,5944.342628359022
6586,6235.909064027276
6587,9911.294334760421
6588,9707.618425414212
6589,6028.334878965141
6590,5939.7534821068
6591,4343.225638928428
6592,5294.533387627312
6593,6533.077116669604
6594,6312.015372834328
6595,4344.418858914103
6596,4305.57660132632
6597,3930.2648831029505
6598,4862.293929768938
6599,5325.385654044639
6600,5330.434689629085
6601,4864.938721659814
6602,6119.294765048775
6603,5781.036112261674
6604,5305.330385618675
6605,4824.683549689933
6606,4435.365015950112
6607,6198.553162845262
6608,4093.2196425497846
6609,8080.668073797937
6610,4975.31229506475
6611,3873.10520030279
6612,6050.206855751162
6613,4967.986861255308
6614,4548.250364018479
6615,4885.539760496069
6616,5226.201702548924
6617,7579.822829343097
6618,7761.353193482464
6619,5750.763643272007
6620,4559.491600682263
6621,5626.413699558035
6622,5921.271778700972
6623,5498.671233340736
6624,5260.911557167991
6625,6637.742893155783
6626,8582.55013897769
6627,6077.4978542236695
6628,5658.538402536016
6629,5684.9648236456915
6630,5179.959367034463
6631,7576.801490390098
6632,5187.370164974231
6633,9935.197839670787
6634,5200.624961092119
6635,4820.5467639259
6636,4650.867870270162
6637,4766.725693176996
6638,6451.705159966686
6639,14907.380641094365
6640,3895.506693787014
6641,4752.540783955699
6642,7121.1201372877695
6643,5759.140101391124
6644,5755.449968319675
6645,6643.484141348239
6646,4697.550743803342
6647,4508.877802994813
6648,4205.39887668016
6649,7008.38741447844
6650,4911.882221096742
6651,6719.144305988001
6652,5439.246530491107
6653,4869.693271950541
6654,6489.511545393723
6655,5262.660796209707
6656,3581.3703426228726
6657,7472.64079026309
6658,6879.256183930571
6659,4076.4495181832885
6660,6433.343983918037
6661,5147.633384109013
6662,4611.245647629733
6663,7107.874605221828
6664,5518.909413451537
6665,6364.630590434744
6666,4824.829811880551
6667,4532.4754422392925
6668,5879.561151341268
6669,3223.896769790311
6670,6738.765312237634
6671,4206.849975499952
6672,5541.242701878794
6673,4482.73083163336
6674,5544.511095262987
6675,5074.439289260284
6676,5794.280837030297
6677,4870.535265770407
6678,5824.261539750086
6679,5678.316933399298
6680,6643.34319053797
6681,5580.85429226285
6682,6644.538571436131
6683,7250.228172704924
6684,7025.060525509736
6685,3838.0199057720524
6686,5425.108217832143
6687,6354.640620083644
6688,4720.0311464994265
6689,7041.865148426384
6690,5039.7824382351
6691,7359.492075657208
6692,7312.1779706016205
6693,7234.907662755643
6694,4457.10453543002
6695,7137.35588024824
6696,7926.331365971826
6697,5329.410052404544
6698,6379.433998826277
6699,6887.278739266956
6700,5387.887249092555
6701,5271.913968257174
6702,5895.968782086437
6703,5334.55197642189
6704,5365.693361602486
6705,5818.449367342684
6706,5161.711938614957
6707,5095.818161998676
6708,5742.871979458446
6709,5868.5622231308225
6710,6085.8277079218415
6711,6290.234805191665
6712,6273.033406224103
6713,5696.920189509424
6714,6290.890667309122
6715,5922.406089547506
6716,5447.999917095622
6717,5595.90074383912
6718,5555.1566612848155
6719,6582.554258670257
6720,5646.501722321264
6721,5081.752561167597
6722,5597.265600779175
6723,5674.6159464101665
6724,5924.31711449382
6725,5379.089784998274
6726,4746.088780497178
6727,5649.697475557835
6728,6464.0787074621685
6729,5385.409509104611
6730,5903.007745477539
6731,6043.628698524947
6732,4983.473176756872
6733,4852.934102705394
6734,3842.0071450925934
6735,5356.223579094728
6736,6055.499868356502
6737,5737.800477538362
6738,6715.9769553881
6739,7127.9308066236445
6740,5159.792217097089
6741,6385.044720634693
6742,4705.056012459115
6743,4404.426731596686
6744,5882.948339859633
6745,8011.198506016943
6746,6019.37919384761
6747,6522.294575654325
6748,4791.590672670273
6749,6099.5459852127005
6750,7420.150913954989
6751,5054.2232848444755
6752,6037.222893517491
6753,4532.537058911742
6754,4532.643900590702
6755,4699.068721351099
6756,5490.010278453135
6757,5238.505015425295
6758,4736.88898212126
6759,5547.047301405143
6760,4174.537939023162
6761,5601.930525156317
6762,6287.32531712126
6763,4749.388909539614
6764,5991.689227515667
6765,6193.900874858745
6766,4659.354641334113
6767,5585.7695333229485
6768,6471.357666981875
6769,6386.894955174289
6770,5573.6987378253725
6771,4468.8337565969305
6772,9154.414263266282
6773,5101.627437607675
6774,4890.066716650082
6775,7090.857012891704
6776,6663.219099011848
6777,6695.220636098743
6778,5807.8001718157475
6779,6200.29832609353
6780,6712.108064527711
6781,10326.56721102214
6782,4573.052717789147
6783,4663.209763547618
6784,4912.402292262958
6785,6625.226653351262
6786,5659.7079110944405
6787,7061.291291675249
6788,6492.653488854416
6789,5004.395027732556
6790,4661.399834895577
6791,5840.4279445473
6792,6541.756895701979
6793,4626.525030031246
6794,5549.418937368829
6795,4060.206417150962
6796,5629.543500043356
6797,5936.11245812088
6798,5911.101685939321
6799,7101.211395712454
6800,5683.539076102934
6801,4404.241312310898
6802,5743.014103985934
6803,6206.361887955008
6804,6917.824979842364
6805,6214.467808896051
6806,6056.890047470604
6807,4842.948008421862
6808,5154.352962981356
6809,7922.571573991777
6810,4770.595539809437
6811,8567.721258675765
6812,5927.681541211721
6813,4518.093256258698
6814,6002.3588255427485
6815,5006.412081557903
6816,5895.257584999659
6817,6087.615414794721
6818,3656.107993230702
6819,4572.347715999728
6820,5614.536064028359
6821,6881.008508505801
6822,7746.825655662146
6823,4923.852483555867
6824,5597.332957090559
6825,5357.244590332742
6826,6166.957857783968
6827,5205.760275481145
6828,8260.318531380784
6829,6860.799277237561
6830,9320.539266096735
6831,4266.43884556314
6832,4914.717393380209
6833,10246.402557260875
6834,8029.105499076394
6835,5008.8142240160705
6836,7834.233928784433
6837,5088.445615918679
6838,4786.292903910612
6839,4507.480556676639
6840,4481.2368155137365
6841,4739.248341848255
6842,4577.537815672381
6843,4148.471698766583
6844,4657.858730064777
6845,7199.9592547421
6846,6298.328925271578
6847,19168.885496242972
6848,5013.198004905472
6849,4405.694719770483
6850,5219.036232698296
6851,7836.763165118841
6852,5247.730187550121
6853,6217.892138526101
6854,4888.030917667808
6855,6719.442519691952
6856,6547.315733798588
6857,4036.9449804056844
6858,4812.576048504144
6859,6160.523629362033
6860,6501.061878353527
6861,5684.41099678438
6862,5589.870138940494
6863,5193.190889865545
6864,4596.7765414829455
6865,7003.932155964768
6866,8043.568979865614
6867,8721.120741103174
6868,8329.398000689902
6869,6262.995379628574
6870,4820.40597604623
6871,5592.900660115693
6872,3827.1255608523143
6873,7643.806751239846
6874,7932.061258132385
6875,7911.006825088277
6876,4737.125430763485
6877,3902.047679942175
6878,4425.740394726369
6879,5350.4707950098455
6880,7952.161446952683
6881,5383.208635310698
6882,4597.6507066419745
6883,4424.175350767758
6884,6508.273914577794
6885,3985.044839839012
6886,5955.0530786810605
6887,4392.473336041908
6888,5692.627781227901
6889,5662.169053367341
6890,5162.843406424295
6891,5938.212853443285
6892,5795.445179822092
6893,4935.2897620170115
6894,5287.177082550155
6895,5673.277496949605
6896,8346.809338427327
6897,5197.180783590312
6898,6837.640301852057
6899,6359.692721818487
6900,6898.303019202028
6901,6064.488029992127
6902,6633.628183433696
6903,4409.463034237004
6904,5877.481241483046
6905,5499.695868152125
6906,5638.483565573081
6907,7551.372444655747
6908,6042.664510910972
6909,4516.603397560176
6910,5613.009395955605
6911,5360.11455507826
6912,7477.127419756156
6913,4702.339802013866
6914,9714.735063690083
6915,4497.777134035431
6916,5160.048481039825
6917,6326.101505872419
6918,5066.529457796718
6919,5164.364597785794
6920,5445.262232927808
6921,5751.453054178556
6922,5033.330889856716
6923,4694.453400029191
6924,6042.141590884779
6925,5933.476918487188
6926,5429.471371479675
6927,4934.8170708677435
6928,6026.9854371617275
6929,7938.352610243091
6930,6082.839673148706
6931,4787.095457047577
6932,5887.668396220601
6933,5242.647899244401
6934,6375.657192512086
6935,5967.145465199116
6936,4569.906055206899
6937,6283.406850859439
6938,5989.819238919016
6939,5480.5652784855165
6940,5878.933603213393
6941,4538.267893664794
6942,5028.638981039924
6943,4526.239772743566
6944,5942.123252305665
6945,6957.592170598438
6946,4534.762512393066
6947,4844.091475807327
6948,5644.666092567132
6949,5323.560086441679
6950,5504.8969826300045
6951,5562.410606333783
6952,5373.441208322889
6953,6092.882009619956
6954,4634.981094766794
6955,4961.201712257086
6956,5435.787114283591
6957,7287.667976080599
6958,6024.080363177639
6959,6456.954655731402
6960,6721.1921515094355
6961,5128.536769284244
6962,6581.394895442153
6963,5604.554136188172
6964,5622.405320232292
6965,7171.260482214823
6966,5305.211339528974
6967,7541.512747270431
6968,6788.099996862089
6969,6338.367292531646
6970,5314.254049520283
6971,6789.020192404179
6972,6232.086264522032
6973,4873.357452866422
6974,4203.915175932725
6975,5471.355938706962
6976,6231.84984651887
6977,5278.863586936306
6978,5037.018644387787
6979,6849.841492102752
6980,5580.548700643653
6981,5297.610742358009
6982,5109.502932202737
6983,5160.983878476213
6984,6678.251387381067
6985,5783.667827729482
6986,5670.57890283936
6987,4655.034833836612
6988,5439.7175796150805
6989,5872.4479724900275
6990,4559.042717560379
6991,5352.830846358744
6992,4239.9668197621995
6993,6269.15836459874
6994,5090.407735930731
6995,5368.902342115432
6996,7468.996023944094
6997,5532.626030514083
6998,4873.859405613429
6999,9972.25407241618
7000,5526.584966023142
7001,5773.504029126917
7002,5795.947397854106
7003,4606.252692277673
7004,5965.615472869644
7005,5065.508889645165
7006,6239.159416518814
7007,7921.931874162747
7008,5490.778780290213
7009,3040.276491283685
7010,4506.194308866427
7011,5976.774650634967
7012,6410.106407872073
7013,5247.385471536769
7014,5342.776650191233
7015,4537.174379423189
7016,4808.487823318111
7017,4592.023105082531
7018,4366.214398709872
7019,5142.448547295496
7020,5998.583451320712
7021,5868.946664107732
7022,5655.926180721348
7023,6175.362431259339
7024,5975.01209382861
7025,5880.741142989323
7026,4965.893593398039
7027,7066.958084768074
7028,7464.484780021878
7029,5373.784465873185
7030,6317.922226257423
7031,5501.76703205035
7032,5882.132522097817
7033,4751.290178741936
7034,5467.708788127821
7035,4705.749549241491
7036,7051.058785478641
7037,5600.809310664558
7038,6933.721642537317
7039,6980.0458852431675
7040,5439.442528641959
7041,5800.521580377113
7042,15787.624539453083
7043,8453.588613979802
7044,6009.534616261364
7045,3317.8133794536134
7046,5279.411863773285
7047,7770.422724575512
7048,4506.728359380261
7049,11139.893996390532
7050,16781.191801591427
7051,5795.845979332345
7052,5185.214786494572
7053,6404.778606716754
7054,5429.646013192881
7055,7576.104603348344
7056,4953.992946297632
7057,6503.863132056816
7058,0.0
7059,5154.107360731747
7060,5731.765507774626
7061,6297.351738117731
7062,6437.6612123969735
7063,4600.120076474699
7064,6051.379431207261
7065,5992.13347013878
7066,4857.325984201165
7067,5532.36640652303
7068,5560.4885107162745
7069,4779.103611377152
7070,5203.679908043698
7071,5453.337177565465
7072,5079.901118789969
7073,4457.077128120778
7074,5036.913423730531
7075,5615.651890382843
7076,7165.033298928147
7077,5752.764637471855
7078,6412.922672280037
7079,6110.770593203301
7080,4351.338809022361
7081,5401.98279288071
7082,5458.989445984798
7083,4619.053925283793
7084,4822.148005084428
7085,5723.308421087226
7086,5451.866228830119
7087,6130.604228048005
7088,6682.04804313723
7089,5531.3940329027955
7090,4583.304487691023
7091,5243.785668705432
7092,6855.8507253165035
7093,5129.78132058617
7094,5893.992501416371
7095,12834.009352343708
7096,6031.602034052675
7097,5536.5324292262185
7098,5152.943003014168
7099,5040.692772585696
7100,5483.3531151261295
7101,4228.4761156147915
7102,5808.589743137099
7103,6830.935529142868
7104,4760.459276742421
7105,12065.642818640026
7106,8863.543005105425
7107,5005.4281589178145
7108,5897.84096983134
7109,5306.692847090051
7110,6318.397726725253
7111,5692.160632930086
7112,8305.909439508352
7113,5552.36494900305
7114,6968.989027722641
7115,5479.071825692235
7116,6308.769208942109
7117,5006.303550059243
7118,6981.817212820786
7119,5428.658373954861
7120,5508.103025306908
7121,5229.99781163705
7122,5769.889633164217
7123,7553.004760822458
7124,6947.025724866402
7125,5377.5236398007255
7126,7516.9649175258855
7127,6029.253584833669
7128,8810.377487344724
7129,4527.238629198541
7130,4636.025449915466
7131,5915.476239927419
7132,7195.140364472696
7133,6057.300587310436
7134,5686.881427089155
7135,6091.047422488927
7136,5944.429396357944
7137,4799.750183980141
7138,6792.309825852138
7139,6451.331011087658
7140,4962.873861320636
7141,11353.029249997437
7142,14596.830767136566
7143,6209.669341212051
7144,6254.14828309595
7145,6998.163828629448
7146,8041.33929974745
7147,7863.23522089998
7148,5733.134886773886
7149,6638.675558002085
7150,5550.530950542018
7151,6382.85762380446
7152,4866.194078671655
7153,5549.745457079149
7154,4930.160511443233
7155,5059.559969102136
7156,5398.608286722557
7157,4421.687700294338
7158,4378.1240727995955
7159,5058.4230978772375
7160,4363.231533466111
7161,4131.249308704531
7162,5122.180849119915
7163,5617.123888403183
7164,7035.41362026526
7165,6839.025674546603
7166,7119.570299977886
7167,5761.257736339042
7168,5779.428052062082
7169,7598.526990036388
7170,6196.687518503779
7171,4429.871650149511
7172,4939.082920237253
7173,7167.3316695294925
7174,4949.031590722334
7175,5458.606596515862
7176,4710.174770433679
7177,5062.901716217454
7178,7042.507144973079
7179,5107.84844627906
7180,5187.813518001692
7181,6758.759121138576
7182,7455.256829450577
7183,8779.244131074856
7184,5575.666261746213
7185,7577.379998595399
7186,4163.9770993040065
7187,4950.845501551733
7188,5402.3849381008595
7189,4358.696188132276
7190,6236.987324412594
7191,4588.3822422092235
7192,6544.766115962087
7193,6929.238697845677
7194,7148.6676946169755
7195,6995.569972572069
7196,5003.914937809928
7197,5311.157267737881
7198,6711.852918521456
7199,6157.2523098224265
7200,6603.73289851383
7201,5466.370573624044
7202,5759.596769038582
7203,7094.409535724017
7204,5306.0201664432325
7205,5943.8217842351005
7206,6247.984129051933
7207,6683.167998001164
7208,10957.437474460023
7209,6012.148808709496
7210,11138.558426264193
7211,5490.927083508519
7212,5723.191087151155
7213,3987.75728790897
7214,6208.173019196075
7215,5643.27909145981
7216,4805.473418352358
7217,6631.209336350945
7218,5256.388289161625
7219,4094.180193564418
7220,5301.272145454919
7221,5270.911486331456
7222,6129.070575522554
7223,5571.475831634965
7224,6129.434627494297
7225,5887.226982430035
7226,5319.919126359413
7227,6919.247558061008
7228,4886.615740447083
7229,4780.389907366541
7230,5388.2127780216815
7231,6731.976716150483
7232,8934.612536462859
7233,6300.851980068905
7234,4378.404282194075
7235,5413.400290101128
7236,6418.802160464101
7237,5905.271308177043
7238,5552.209015491341
7239,6606.021491372732
7240,5448.386060516073
7241,5851.50210380299
7242,5340.7116279926
7243,6513.190709228405
7244,5236.915586465389
7245,5697.082629060162
7246,5369.343134941743
7247,5122.3708719813185
7248,4901.064339758017
7249,4776.803453630382
7250,6598.331341094054
7251,7144.361711040387
7252,7724.875930415711
7253,9267.00439258407
7254,6781.695734276302
7255,5400.318937881304
7256,5745.529517873507
7257,8483.976498273383
7258,7559.808433734051
7259,5919.1555410866895
7260,6344.844454480649
7261,7435.418701198409
7262,5204.185145481553
7263,4442.782287910979
7264,8289.630281207581
7265,5363.782942689407
7266,6593.016503255109
7267,5449.928668616504
7268,3559.591645807853
7269,8666.033366433623
7270,4976.566152071247
7271,5427.834281441585
7272,5068.659343358567
7273,5368.6984667589895
7274,5789.645176735073
7275,5983.900935676968
7276,5847.263768835003
7277,5655.636070000325
7278,4610.279255562868
7279,4694.903418534776
7280,4730.905156208646
7281,6042.891720899511
7282,16315.114808706523
7283,4463.2247005482195
7284,5153.465997141341
7285,6445.452620803349
7286,4504.119610244796
7287,4266.0562654211835
7288,5015.921661505148
7289,4465.32455066309
7290,5640.942120560808
7291,5990.253921984824
7292,4556.430485425579
7293,6431.187295450167
7294,4097.725820053617
7295,4716.539001435536
7296,6283.162809727231
7297,6862.293974769511
7298,8394.165591685394
7299,5305.627192991296
7300,5756.143700379687
7301,4311.9248176138035
7302,5644.734720268893
7303,11712.66960656865
7304,7343.432213971305
7305,5703.541835898576
7306,4414.243623387203
7307,5452.522221187976
7308,4805.5564558916985
7309,4253.086113748951
7310,7033.01755454631
7311,5152.121139402242
7312,4804.397235067026
7313,5854.221919806429
7314,5288.162726078725
7315,5078.26251256754
7316,5420.390158016806
7317,5995.377099267871
7318,5462.451793587532
7319,4478.6467076504605
7320,5126.625097003749
7321,5682.687572071907
7322,6846.238844539758
7323,6020.552497213562
7324,6358.284452238926
7325,4167.663749943469
7326,5895.589621682809
7327,4908.281807509649
7328,5407.4531865744075
7329,5703.016537897748
7330,6471.799259344514
7331,4956.691703422507
7332,5998.810711709228
7333,6065.104673799626
7334,4968.330329769081
7335,5157.120305458859
7336,5781.186759316306
7337,5307.824041086975
7338,5041.474083039179
7339,6191.301790495076
7340,5667.206642768295
7341,4902.3441422923315
7342,8001.399516272552
7343,4551.756506437296
7344,4256.1332990490755
7345,6047.686077878247
7346,6793.777076237029
7347,8342.678750191566
7348,5308.3106820769
7349,6334.992074154452
7350,5133.582843078611
7351,6378.916388340056
7352,5662.599577111094
7353,5662.897172900173
7354,3557.470482607245
7355,5111.561636121759
7356,5627.738022272285
7357,5396.336421267103
7358,4193.587480949142
7359,6018.564143243788
7360,6428.677870872641
7361,5439.943219271843
7362,6726.537539108473
7363,5992.687846070043
7364,7387.692753474666
7365,4857.053517604702
7366,5219.987796629185
7367,5299.3760014022855
7368,5771.741532580757
7369,6387.520154924272
7370,4514.225892763801
7371,7900.910976930333
7372,5751.737228858211
7373,5769.707399411617
7374,4845.692386537493
7375,4469.995453211697
7376,5828.258584243896
7377,4854.206839349572
7378,7502.510238871218
7379,5487.300146478093
7380,5280.771609062468
7381,6624.22064206484
7382,5467.590140363645
7383,5234.8516401611005
7384,6290.441399301505
7385,5255.48991130328
7386,7249.080128285387
7387,7730.622657786436
7388,6382.951905425291
7389,5510.225576083102
7390,5115.271367632233
7391,4391.222814508713
7392,3430.099838301837
7393,6512.43482673807
7394,5051.197511332164
7395,7101.750719824541
7396,4895.349694546067
7397,5260.570691554805
7398,5062.032518792487
7399,8280.530690685313
7400,4798.899841986542
7401,5130.170548545323
7402,5483.518161737363
7403,6263.060697038372
7404,5205.403568724828
7405,6174.321445390749
7406,6485.660750776552
7407,8352.027440844991
7408,5846.63020973939
7409,6281.184252969725
7410,5785.997221577787
7411,4922.655023685218
7412,4977.718567937369
7413,7711.142707159455
7414,7172.279316017733
7415,5962.853797259924
7416,14077.00049039141
7417,5411.14089441012
7418,5385.069628265681
7419,4879.910425287814
7420,6441.5309186452905
7421,7223.0015711725755
7422,5954.798386711414
7423,6491.286114240271
7424,6740.178798054932
7425,5293.448591320337
7426,5760.44395991261
7427,4826.582582858468
7428,5368.127679874215
7429,4995.975259032455
7430,4758.074260507433
7431,4738.8276369135265
7432,6411.330076201359
7433,13853.387148082187
7434,6394.889733212239
7435,5062.301383213513
7436,5747.731724884393
7437,4363.141678099905
7438,5562.668060810336
7439,3720.76135636774
7440,7484.137446806114
7441,5957.300819691113
7442,6248.867255359368
7443,9924.252526092512
7444,9720.576616746303
7445,6041.293070297233
7446,5952.711673438892
7447,4356.18383026052
7448,5307.491578959403
7449,6546.035308001696
7450,6324.97356416642
7451,4357.377050246195
7452,4318.534792658412
7453,3943.2230744350422
7454,4875.25212110103
7455,5338.34384537673
7456,5343.392880961177
7457,4877.896912991907
7458,6132.252956380867
7459,5793.994303593766
7460,5318.288576950767
7461,4837.641741022025
7462,4448.323207282204
7463,6211.5113541773535
7464,4106.177833881877
7465,8093.626265130029
7466,4988.270486396842
7467,3886.0633916348806
7468,6063.165047083254
7469,4980.9450525874
7470,4561.20855535057
7471,4898.497951828161
7472,5239.159893881016
7473,7592.781020675188
7474,7774.311384814556
7475,5763.721834604099
7476,4572.449792014355
7477,5639.371890890126
7478,5934.229970033063
7479,5511.629424672828
7480,5273.869748500083
7481,6650.701084487875
7482,8595.508330309782
7483,6090.456045555761
7484,5671.496593868108
7485,5697.923014977783
7486,5192.917558366555
7487,7589.759681722189
7488,5200.328356306322
7489,9948.156031002878
7490,5213.58315242421
7491,4833.504955257992
7492,4663.8260616022535
7493,4779.683884509088
7494,6464.663351298777
7495,14920.338832426456
7496,3908.464885119106
7497,4765.498975287791
7498,7134.078328619861
7499,5772.098292723215
7500,5768.408159651765
7501,6656.442332680331
7502,4710.508935135434
7503,4521.835994326904
7504,4218.357068012252
7505,7021.345605810531
7506,4924.840412428834
7507,6732.102497320093
7508,5452.204721823198
7509,4882.651463282633
7510,6502.469736725815
7511,5275.618987541799
7512,3594.3285339549643
7513,7485.598981595182
7514,6892.2143752626625
7515,4089.4077095153807
7516,6446.302175250129
7517,5160.591575441104
7518,4624.203838961825
7519,7120.832796553919
7520,5531.867604783629
7521,6377.588781766835
7522,4837.788003212641
7523,4545.433633571384
7524,5892.5193426733595
7525,3236.8549611224016
7526,6751.723503569726
7527,4219.808166832044
7528,5554.200893210886
7529,4495.689022965452
7530,5557.469286595078
7531,5087.397480592375
7532,5807.239028362389
7533,4883.493457102499
7534,5837.2197310821775
7535,5691.27512473139
7536,6656.301381870061
7537,5593.812483594941
7538,6657.496762768223
7539,7263.186364037016
7540,7038.018716841828
7541,3850.978097104144
7542,5438.066409164235
7543,6367.598811415735
7544,4732.989337831518
7545,7054.823339758475
7546,5052.740629567192
7547,7372.4502669893
7548,7325.136161933712
7549,7247.865854087735
7550,4470.062726762112
7551,7150.314071580332
7552,7939.289557303918
7553,5342.368243736636
7554,6392.392190158369
7555,6900.236930599048
7556,5400.845440424647
7557,5284.872159589267
7558,5908.926973418529
7559,5347.5101677539815
7560,5378.651552934578
7561,5831.407558674776
7562,5174.670129947049
7563,5108.776353330768
7564,5755.8301707905375
7565,5881.520414462914
7566,6098.785899253933
7567,6303.192996523757
7568,6285.9915975561935
7569,5709.8783808415155
7570,6303.848858641214
7571,5935.364280879598
7572,5460.958108427713
7573,5608.858935171212
7574,5568.114852616907
7575,6595.5124500023485
7576,5659.459913653356
7577,5094.710752499689
7578,5610.223792111266
7579,5687.574137742258
7580,5937.275305825911
7581,5392.047976330366
7582,4759.04697182927
7583,5662.655666889927
7584,6477.03689879426
7585,5398.367700436703
7586,5915.965936809631
7587,6056.586889857039
7588,4996.431368088964
7589,4865.892294037486
7590,3854.965336424685
7591,5369.18177042682
7592,6068.4580596885935
7593,5750.758668870454
7594,6728.935146720191
7595,7140.888997955736
7596,5172.75040842918
7597,6398.002911966784
7598,4718.0142037912065
7599,4417.384922928778
7600,5895.906531191725
7601,8024.1566973490335
7602,6032.337385179701
7603,6535.252766986417
7604,4804.548864002365
7605,6112.504176544792
7606,7433.109105287081
7607,5067.181476176567
7608,6050.1810848495825
7609,4545.495250243834
7610,4545.602091922794
7611,4712.026912683191
7612,5502.968469785226
7613,5251.463206757387
7614,4749.847173453351
7615,5560.005492737235
7616,4187.496130355254
7617,5614.888716488409
7618,6300.283508453352
7619,4762.347100871706
7620,6004.647418847759
7621,6206.8590661908365
7622,4672.3128326662045
7623,5598.72772465504
7624,6484.315858313967
7625,6399.853146506381
7626,5586.656929157464
7627,4481.791947929022
7628,9167.372454598373
7629,5114.585628939767
7630,4903.024907982173
7631,7103.815204223795
7632,6676.17729034394
7633,6708.178827430835
7634,5820.758363147839
7635,6213.2565174256215
7636,6725.066255859802
7637,10339.525402354231
7638,4586.010909121239
7639,4676.16795487971
7640,4925.36048359505
7641,6638.184844683354
7642,5672.666102426532
7643,7074.249483007341
7644,6505.611680186507
7645,5017.353219064647
7646,4674.358026227669
7647,5853.386135879392
7648,6554.715087034071
7649,4639.483221363338
7650,5562.37712870092
7651,4073.1646084830536
7652,5642.501691375448
7653,5949.070649452971
7654,5924.059877271413
7655,7114.169587044546
7656,5696.497267435026
7657,4417.19950364299
7658,5755.972295318025
7659,6219.320079287099
7660,6930.783171174456
7661,6227.426000228143
7662,6069.848238802696
7663,4855.906199753954
7664,5167.311154313447
7665,7935.529765323869
7666,4783.553731141528
7667,8580.679450007858
7668,5940.639732543813
7669,4531.051447590789
7670,6015.31701687484
7671,5019.370272889994
7672,5908.215776331751
7673,6100.573606126813
7674,3669.066184562793
7675,4585.30590733182
7676,5627.494255360451
7677,6893.9666998378925
7678,7759.783846994238
7679,4936.810674887959
7680,5610.291148422651
7681,5370.202781664833
7682,6179.91604911606
7683,5218.718466813237
7684,8273.276722712875
7685,6873.757468569653
7686,9333.497457428826
7687,4279.397036895231
7688,4927.6755847123
7689,10259.360748592966
7690,8042.063690408486
7691,5021.772415348162
7692,7847.192120116526
7693,5101.403807250772
7694,4799.251095242703
7695,4520.438748008731
7696,4494.195006845828
7697,4752.206533180347
7698,4590.496007004473
7699,4161.429890098675
7700,4670.816921396869
7701,7212.9174460741915
7702,6311.287116603669
7703,19181.843687575063
7704,5026.156196237564
7705,4411.459638201366
7706,5244.0688888148525
7707,8050.194674031826
7708,5280.559192226968
7709,6250.721143202948
7710,4920.859922344655
7711,6744.4751758085085
7712,6572.348389915144
7713,4034.913550276277
7714,4837.6087046207
7715,6158.492199232625
7716,6533.890883030374
7717,5709.443652900936
7718,5587.838708811087
7719,5191.159459736137
7720,4621.809197599502
7721,7009.697074395651
7722,8068.601635982171
7723,8726.885659534053
7724,8237.30585312301
7725,6268.7602980594565
7726,4848.770408396153
7727,5597.523451012315
7728,3852.1582169688704
7729,7676.635755916693
7730,7928.887700468716
7731,7936.0394812048335
7732,4742.890349194368
7733,3930.4121122920956
7734,4454.104827076292
7735,5348.439364880438
7736,7980.525879302606
7737,5381.17720518129
7738,4602.273497538596
7739,4422.14392063835
7740,6536.638346927717
7741,4017.87384451586
7742,5949.581461067181
7743,4397.096126938529
7744,5717.660437344458
7745,5660.137623237933
7746,5181.579087609913
7747,5935.039295779616
7748,5820.477835938648
7749,4960.322418133568
7750,5320.006087227002
7751,5671.2460668201975
7752,8294.287929923688
7753,5194.007225926643
7754,6870.469306528904
7755,6388.05715416841
7756,6896.27158907262
7757,6070.25294842301
7758,6648.566431039752
7759,4434.49569035356
7760,5910.310246159893
7761,5532.524872828972
7762,5593.7585056297385
7763,7506.647384712404
7764,6040.633080781566
7765,4549.432402237023
7766,5617.632186852226
7767,5385.147211194817
7768,7475.604067745796
7769,4735.168806690713
7770,9747.564068366926
7771,4522.809790151988
7772,5185.081137156381
7773,6358.930510549266
7774,5064.49802766731
7775,5165.664943889753
7776,5460.200480533865
7777,5756.075845075177
7778,5030.157332193046
7779,4692.421969899783
7780,6036.6699732709
7781,5931.445488357781
7782,5457.835803829599
7783,4959.8497269843
7784,6059.8144418385755
7785,7944.117528673974
7786,6115.6686778255535
7787,4805.831138233195
7788,5884.494838556931
7789,5275.476903921248
7790,6330.932132568743
7791,5963.971907535447
7792,4602.735059883746
7793,6289.171769290322
7794,6022.648243595863
7795,5478.533848356109
7796,5897.669284399011
7797,4571.0968983416415
7798,5026.607550910517
7799,4524.208342614159
7800,5940.091822176258
7801,6982.624826714996
7802,4532.731082263658
7803,4849.85639423821
7804,5642.634662437725
7805,5175.057564781144
7806,5541.155388816318
7807,5598.669012520097
7808,5409.699614509203
7809,6129.14041580627
7810,4632.949664637386
7811,5005.25646700369
7812,5441.552032714474
7813,7321.628322316703
7814,6063.670545597319
7815,6453.781098067733
7816,6725.814942406057
7817,5126.505339154836
7818,6576.900505271688
7819,5648.608890934776
7820,5648.569317908105
7821,7165.788864600944
7822,5303.179909399567
7823,7585.567502017035
7824,6784.92643919842
7825,6342.990083428267
7826,5308.782431906404
7827,6833.074947150783
7828,6228.912706858363
7829,4909.615859052736
7830,4240.173582119039
7831,5510.946121126642
7832,6275.904601265474
7833,5276.832156806899
7834,5073.277050574101
7835,6893.896246849356
7836,5620.138883063333
7837,5333.869148544322
7838,5115.26785063362
7839,5205.038633222817
7840,6722.306142127671
7841,5788.290618626103
7842,5706.837309025674
7843,4653.003403707205
7844,5483.772334361684
7845,5878.2128909209105
7846,4598.632899980059
7847,5386.791192594847
7848,4237.935389632792
7849,6273.781155495361
7850,5126.666142117045
7851,5405.160748301745
7852,7466.964593814687
7853,5576.680785260687
7854,4860.591439439259
7855,10016.30882716278
7856,5532.349884454025
7857,5770.330471463248
7858,5840.00215260071
7859,4516.124765772524
7860,5824.909299769399
7861,5101.767295831479
7862,6275.417822705128
7863,7965.98662890935
7864,5527.037186476527
7865,3038.245061154275
7866,4550.2490636130315
7867,5974.743220505559
7868,6406.932850208403
7869,5248.685817640728
7870,5344.076996295192
7871,4542.939297854072
7872,4844.746229504424
7873,4636.077859829135
7874,4410.269153456476
7875,5147.071338192117
7876,5995.409893657043
7877,5913.001418854336
7878,5699.980935467952
7879,6172.18887359567
7880,5961.7441276544405
7881,5885.363933885944
7882,4963.862163268632
7883,7111.012839514678
7884,7470.249698452761
7885,5410.042872059498
7886,6354.180632443737
7887,5507.531950481233
7888,5887.8974405287
7889,4748.116621078267
7890,5503.967194314135
7891,4703.7181191120835
7892,7095.113540225245
7893,5606.57422909544
7894,6935.021988641276
7895,7016.304291429481
7896,5433.97091102808
7897,5798.490150247706
7898,15831.679294199681
7899,8401.067205476165
7900,6049.124798681044
7901,3315.781949324203
7902,5277.380433643878
7903,7810.012906995192
7904,4528.893442075346
7905,11145.658914821412
7906,16786.956720022314
7907,5832.104385518659
7908,5221.473192680885
7909,6410.543525147637
7910,5473.700767939485
7911,7620.159358094948
7912,4980.156943973446
7913,6547.91788680342
7914,0.0
7915,5155.4077068357055
7916,5728.5919501109565
7917,6341.406492864335
7918,6435.629782267565
7919,4586.85211030053
7920,6056.002222103883
7921,6028.391876325093
7922,4855.294554071757
7923,5576.421161269634
7924,5558.457080586867
7925,4777.072181247745
7926,5208.302698940319
7927,5497.391932312069
7928,5123.955873536573
7929,4376.210730623643
7930,5073.171829916844
7931,5659.706645129447
7932,7120.308238984804
7933,5748.270247301391
7934,6452.512854699716
7935,6154.825347949905
7936,4349.307378892953
7937,5428.146790556523
7938,5503.044200731402
7939,4617.022495154386
7940,4858.406411270742
7941,5759.566827273539
7942,5448.69267116645
7943,6166.862634234318
7944,6726.102797883834
7945,5536.016823799417
7946,4619.562893877336
7947,5273.747099960807
7948,6860.473516213125
7949,5127.749890456763
7950,5930.2509076026845
7951,12878.064107090308
7952,6028.4284763890055
7953,5572.790835412532
7954,5149.769445350499
7955,5084.7475273323
7956,5519.611521312443
7957,4264.734521801105
7958,5844.848149323412
7959,6874.990283889472
7960,4758.427846613014
7961,12066.943164743978
7962,8907.597759852028
7963,5002.254601254145
7964,5934.099376017653
7965,5342.951253276365
7966,6362.452481471857
7967,5736.215387676689
7968,8292.64147333418
7969,5539.096982828881
7970,7008.579210142321
7971,5518.6620081119145
7972,6352.823963688713
7973,5003.129992395574
7974,7007.9812104965995
7975,5425.484816291192
7976,5544.361431493222
7977,5226.824253973381
7978,5767.85820303481
7979,7558.769679253341
7980,6991.080479613006
7981,5374.350082137056
7982,7561.0196722724895
7983,6035.018503264552
7984,8816.142405775603
7985,4563.497035384855
7986,4633.994019786059
7987,5921.241158358302
7988,7193.108934343289
7989,6061.923378207057
7990,5683.707869425486
7991,6089.015992359519
7992,5942.3979662285365
7993,4796.576626316471
7994,6831.900008271818
7995,6495.385765834262
7996,4967.496652217257
7997,11389.287656183746
7998,14640.885521883165
7999,6215.434259642934
8000,6252.116852966543
8001,6999.464174733407
8002,8085.394054494054
8003,7907.289975646584
8004,5769.3932929602
8005,6682.730312748689
8006,5556.295868972901
8007,6387.480414701081
8008,4910.248833418259
8009,5589.335639498829
8010,4928.129081313826
8011,5095.81837528845
8012,5442.663041469161
8013,4457.946106480652
8014,4414.382478985909
8015,5055.249540213568
8016,4399.489939652424
8017,4129.217878575124
8018,5120.149418990508
8019,5618.424234507142
8020,7040.036411161881
8021,6836.994244417196
8022,7163.62505472449
8023,5758.084178675373
8024,5784.0508429587035
8025,7642.581744782992
8026,6232.945924690092
8027,4466.1300563358245
8028,4940.383266341212
8029,7165.300239400085
8030,4993.086345468938
8031,5456.575166386455
8032,4715.939688864562
8033,5106.956470964058
8034,7082.097327392759
8035,5105.817016149653
8036,5174.545551827522
8037,6763.381912035197
8038,7461.02174788146
8039,8823.298885821456
8040,5605.627693001588
8041,7613.638404781713
8042,4208.0318540506105
8043,4948.8140714223255
8044,5408.149856531742
8045,4356.664758002868
8046,6281.042079159198
8047,4624.640648395537
8048,6588.820870708691
8049,6973.293452592281
8050,7352.692828364996
8051,6992.3964149083995
8052,5040.173343996242
8053,5347.415673924194
8054,6741.814349776831
8055,6161.875100719048
8056,6647.787653260434
8057,5463.197015960374
8058,5765.361687469465
8059,7298.434669472037
8060,5303.988736313825
8061,5987.8765389817045
8062,6252.606919948555
8063,6727.222752747768
8064,10974.936221079706
8065,5871.442635609251
8066,11182.613181010793
8067,5487.75352584485
8068,5582.48491405091
8069,4031.812042655574
8070,6252.227773942679
8071,5641.2476613304025
8072,4802.299860688689
8073,6675.264091097549
8074,5254.3568590322175
8075,4130.438599750732
8076,5299.240715325512
8077,5314.96624107806
8078,6165.328981708867
8079,5569.444401505558
8080,6165.693033680611
8081,5885.195552300627
8082,5316.745568695744
8083,6963.302312807612
8084,4922.874146633397
8085,4778.358477237133
8086,5385.039220358012
8087,6776.031470897087
8088,9138.637670210876
8089,6306.616898499787
8090,4414.662688380388
8091,5449.658696287442
8092,6455.060566650414
8093,5941.529714363356
8094,5588.467421677655
8095,6650.076246119336
8096,5492.440815262677
8097,5849.4706736735825
8098,5338.680197863193
8099,6510.017151564735
8100,5238.661000307171
8101,5714.581375679849
8102,5367.311704812336
8103,5120.339441851911
8104,4937.322745944331
8105,4763.535487456213
8106,6595.157783430384
8107,7174.3231422957615
8108,7729.498721312332
8109,9276.70679064346
8110,6786.318525172923
8111,5434.279284117408
8112,5789.584272620111
8113,8528.031253019983
8114,7603.863188480655
8115,5917.124110957282
8116,6388.899209227253
8117,7471.677107384722
8118,5240.443551667867
8119,4486.837042657583
8120,8325.888687393892
8121,5361.751512559999
8122,6637.0712580017125
8123,5486.187074802818
8124,3565.356564238734
8125,8702.291772619932
8126,4973.392594407578
8127,5433.599199872468
8128,5112.714098105171
8129,5374.4633851898725
8130,5833.699931481677
8131,6020.159341863282
8132,5845.232338705596
8133,5661.400988431209
8134,4608.24782543346
8135,4738.95817328138
8136,4774.95991095525
8137,6047.514511796132
8138,16320.879727137402
8139,4499.483106734533
8140,5150.292439477672
8141,6489.507375549953
8142,4540.378016431109
8143,4264.024835291776
8144,5013.890231375741
8145,4509.379305409694
8146,5638.9106904314
8147,5987.080364321155
8148,4592.688891611892
8149,6436.95221388105
8150,4133.984226239931
8151,4752.79740762185
8152,6287.785600623853
8153,6817.568914826168
8154,8438.220346431994
8155,5349.6819477379
8156,5800.198455126291
8157,4309.893387484396
8158,5650.499638699776
8159,11756.72436131525
8160,7341.4007838418975
8161,5698.070218284697
8162,4450.502029573517
8163,5450.490791058569
8164,4841.814862078012
8165,4297.140868495555
8166,7062.978985801685
8167,5146.524685364755
8168,4802.365804937618
8169,5840.953953632259
8170,5284.989168415056
8171,5114.520918753854
8172,5456.648564203119
8173,5999.999890164492
8174,5459.278235923863
8175,4522.7014623970645
8176,5162.883503190063
8177,5680.6561419425
8178,6852.003762970641
8179,6056.810903399875
8180,6362.907243135547
8181,4203.922156129783
8182,5892.416064019139
8183,4952.336562256253
8184,5451.5079413210115
8185,5739.274944084062
8186,6515.854014091118
8187,4992.950109608821
8188,6004.575630140111
8189,6109.15942854623
8190,4966.298899639673
8191,5155.088875329451
8192,5825.24151406291
8193,5304.650483423306
8194,5039.442652909772
8195,6188.128232831406
8196,5671.829433664916
8197,4946.398897038936
8198,8006.0223071691735
8199,4588.014912623609
8200,4254.101868919668
8201,6148.716313502727
8202,6791.745646107622
8203,8443.708985816043
8204,5352.365436823504
8205,6379.046828901056
8206,5169.841249264925
8207,6422.97114308666
8208,5659.426019447425
8209,5660.865742770766
8210,3555.4390524778364
8211,5067.675345768551
8212,5625.7065921428775
8213,5402.101339697986
8214,4229.845887135456
8215,6024.329061674671
8216,6434.442789303524
8217,5483.997974018446
8218,6827.567774732953
8219,5990.656415940635
8220,7393.4576719055485
8221,4843.785551430534
8222,5256.246202815499
8223,5335.634407588599
8224,5768.567974917088
8225,6423.7785611105855
8226,4550.484298950115
8227,7906.675895361216
8228,5749.7057987288035
8229,5767.67596928221
8230,4770.548038423779
8231,4506.253859398011
8232,5826.227154114488
8233,4890.4652455358855
8234,7508.2751573021005
8235,5491.922937374714
8236,5324.826363809072
8237,6622.1892119354325
8238,5511.644895110249
8239,5232.820210031693
8240,6326.699805487819
8241,5291.748317489593
8242,7293.134883031991
8243,7728.591227657029
8244,6483.982141049772
8245,5546.483982269416
8246,5113.239937502825
8247,4427.481220695027
8248,3474.154593048438
8249,6548.693232924384
8250,5048.023953668495
8251,7145.805474571145
8252,4893.31826441666
8253,5247.302725380636
8254,5098.290924978801
8255,8381.560926309796
8256,4795.726284322873
8257,5128.139118415916
8258,5481.486731607955
8259,6307.115451784976
8260,5202.230011061159
8261,6200.485443066563
8262,6521.919156962866
8263,8396.082195591594
8264,5843.456652075721
8265,6285.807043866346
8266,5780.525603963908
8267,4966.709778431822
8268,4974.5450102736995
8269,7715.7654980560765
8270,7198.443313693547
8271,5992.815228515299
8272,14082.76540882229
8273,5374.286382612127
8274,5383.038198136273
8275,4874.313971250327
8276,6446.153709541912
8277,7220.970141043168
8278,5959.421177608036
8279,6495.908905136892
8280,6745.943716485815
8281,5329.706997506651
8282,5758.412529783202
8283,4824.551152729061
8284,5404.386086060528
8285,4992.801701368786
8286,4802.129015254037
8287,4775.08604309984
8288,6409.298646071951
8289,14063.892001086271
8290,6438.944487958843
8291,5096.261729449617
8292,5848.761960508873
8293,4361.110247970498
8294,5558.17367063987
8295,3705.3199210613075
8296,7493.839844865511
8297,5961.923610587734
8298,6292.922010105972
8299,9968.307280839112
8300,9718.545186616893
8301,6085.347825043837
8302,5970.210420058579
8303,4361.948748691403
8304,5351.546333706007
8305,6590.0900627483
8306,6321.800006502751
8307,4355.345620116787
8308,4315.3612349947425
8309,3979.481480621356
8310,4872.078563437361
8311,5374.602251563044
8312,5341.36145083177
8313,4921.95166773851
8314,6136.875747277488
8315,5838.04905834037
8316,5305.020610776597
8317,4843.406659452908
8318,4446.291777152796
8319,6255.5661089239575
8320,4142.43624006819
8321,8137.6810198766325
8322,4994.035404827725
8323,3881.569001464414
8324,6099.423453269567
8325,4978.9136224579925
8326,4559.177125221163
8327,4808.370025323012
8328,5301.900293189775
8329,7636.835775421792
8330,7818.36613956116
8331,5768.34462550072
8332,4616.504546760959
8333,5683.42664563673
8334,5970.488376219378
8335,5517.3943431037105
8336,5271.838318370676
8337,6694.755839234479
8338,8631.766736496094
8339,6126.714451742075
8340,5705.456940104212
8341,5731.883361213887
8342,5229.175964552868
8343,7633.814436468793
8344,5206.093274737205
8345,9992.210785749478
8346,5224.628878601511
8347,4831.473525128585
8348,4700.084467788567
8349,4823.738639255692
8350,6508.718106045381
8351,14926.103750857334
8352,3944.723291305418
8353,4762.325417624122
8354,7170.336734806175
8355,5834.8386920319745
8356,5804.66656583808
8357,6675.284407417922
8358,4708.477505006026
8359,4519.804564197497
8360,4216.325637882845
8361,7065.400360557135
8362,4961.098818615147
8363,6776.157252066697
8364,5449.031164159529
8365,4918.909869468946
8366,6457.744676782472
8367,5280.24177843842
8368,3592.2971038255546
8369,7521.857387781495
8370,6909.71312188235
8371,4125.666115701695
8372,6452.067093681012
8373,5157.418017777435
8374,4579.478779018482
8375,7118.801366424512
8376,5536.49039568025
8377,6413.847187953149
8378,4881.842757959246
8379,4556.479359748685
8380,5922.480773928734
8381,3234.8235309929914
8382,6795.77825831633
8383,4214.211712794557
8384,5598.25564795749
8385,4539.743777712056
8386,5562.0920774916995
8387,5131.452235338979
8388,5851.293783108993
8389,4870.225490928329
8390,5835.18830095277
8391,5727.5335309177035
8392,6692.5597880563755
8393,5694.842719219421
8394,6701.551517514827
8395,7307.24111878362
8396,7082.073471588432
8397,3848.9466669747358
8398,5474.324815350548
8399,6411.653566162339
8400,4769.247744017832
8401,7059.446130655097
8402,5050.709199437784
8403,7416.505021735904
8404,7369.190916680316
8405,7291.920608834339
8406,4506.321132948426
8407,7186.5724777666455
8408,7973.2499035400215
8409,5348.133162167519
8410,6436.446944904973
8411,6898.20550046964
8412,5398.814010295239
8413,5328.92691433587
8414,5952.981728165133
8415,5383.768573940295
8416,5414.9099591208915
8417,5837.172477105659
8418,5188.791098009567
8419,5106.7449232013605
8420,5766.875896967838
8421,5903.437731085723
8422,6096.754469124526
8423,6325.110313146565
8424,6307.908914179002
8425,5723.9993489040335
8426,6307.875418193232
8427,5949.4852489421155
8428,5478.4568550474005
8429,5630.77625179402
8430,5566.0834224875
8431,6617.429766625157
8432,5665.224832084239
8433,5108.831720562207
8434,5607.050234447597
8435,5682.102520128379
8436,5943.040224256794
8437,5413.965292953174
8438,4773.167939891788
8439,5676.7766349524445
8440,6482.801817225143
8441,5420.285017059511
8442,5913.934506680223
8443,6061.20968075366
8444,5010.5523361514815
8445,4863.8608639080785
8446,3869.086304487201
8447,5366.00821276315
8448,6073.080850585215
8449,5756.523587301337
8450,6807.827944220876
8451,7162.8063145785445
8452,5194.667725051989
8453,6412.123880029302
8454,4732.135171853724
8455,4431.505890991296
8456,5893.875101062317
8457,8103.049494849719
8458,6046.458353242219
8459,6557.170083609225
8460,4818.669832064883
8461,6134.421493167601
8462,7621.476520167375
8463,5065.15004604716
8464,6048.149654720175
8465,4559.616218306352
8466,4567.519408545602
8467,4726.147880745709
8468,5524.885786408035
8469,5273.380523380195
8470,4763.968141515869
8471,5556.831935073566
8472,4201.617098417772
8473,5629.009684550927
8474,6379.176305954036
8475,4760.315670742299
8476,6026.564735470567
8477,6212.6239846217195
8478,4694.230149289013
8479,5570.9938324937575
8480,6482.284428184559
8481,6413.974114568899
8482,5583.483371493795
8483,4517.263284728029
8484,9415.347350386786
8485,5111.412071276098
8486,4900.993477852766
8487,7101.783774094388
8488,6674.143856018635
8489,6751.446512790132
8490,5826.523281578722
8491,6256.524202784919
8492,6723.034825730395
8493,10480.873608480677
8494,4640.952955673811
8495,4681.932873310593
8496,4922.186925931381
8497,6636.151410358049
8498,5667.194484812653
8499,7022.564839897946
8500,6546.562511233162
8501,5015.32178893524
8502,4715.308857274324
8503,5825.740450306556
8504,6584.676518289447
8505,4680.434052409993
8506,5560.345698571513
8507,4114.115439529708
8508,5639.328133711779
8509,5905.184359099763
8510,5965.010708318067
8511,7162.91676665149
8512,5737.44809848168
8513,4414.025945979321
8514,5761.737213748908
8515,6234.656654890326
8516,6936.548089605339
8517,6268.376831274797
8518,6074.471029699317
8519,4828.260514181118
8520,5216.058333920392
8521,7984.276944930813
8522,4824.504562188183
8523,8629.426629614798
8524,5945.262523440434
8525,4542.09717376809
8526,6021.081935305723
8527,5060.321103936649
8528,5949.166607378405
8529,6141.524437173467
8530,3633.6221462337703
8531,4626.256738378474
8532,5625.462825231043
8533,6924.823122374047
8534,7800.7346780408925
8535,4933.63711722429
8536,5625.627724025877
8537,5385.53935726806
8538,6185.680967546943
8539,5259.669297859891
8540,8292.118797450466
8541,6922.504648176598
8542,9599.716237149496
8543,4277.365606765824
8544,4968.626415758955
8545,10265.125667023845
8546,8057.400266011712
8547,5062.723246394817
8548,7852.957038547409
8549,5142.3546382974255
8550,4797.219665113296
8551,4492.793062435895
8552,4492.163576716421
8553,4793.157364227001
8554,4631.446838051127
8555,4159.398459969268
8556,4711.767752443523
8557,7218.6823645050745
8558,6360.034296210614
8559,19230.590867182014
8560,5022.982638573894
8561,5101.031242474364
8562,5741.423425193332
8563,8266.242898362398
8564,5978.618488966011
8565,6835.005342579318
8566,5623.233620783919
8567,7286.004337504901
8568,7113.877551611537
8569,4822.590514608337
8570,5459.878177797818
8571,6740.180404122393
8572,7118.175082406744
8573,6216.12048713227
8574,6250.267225181582
8575,5757.15499582248
8576,5244.07867077662
8577,7508.388317052561
8578,8610.130797678541
8579,8916.352589732476
8580,8457.839182080883
8581,6893.203540629202
8582,5440.1880893714515
8583,6221.966693582061
8584,4599.67613810756
8585,8260.919955293053
8586,8510.575905358475
8587,8477.568642901222
8588,5485.423090827008
8589,4701.409549097077
8590,5225.676118814963
8591,5930.127569770206
8592,8545.534556665276
8593,6039.291319851564
8594,5340.491837471016
8595,5102.096563565158
8596,7101.6470242904
8597,4720.247542955123
8598,6496.264480832323
8599,5135.314466870949
8600,6259.18959904085
8601,6241.825828127703
8602,5851.9375542833395
8603,6481.875173204326
8604,6362.0069976350405
8605,5501.85157982996
8606,6022.379785666266
8607,6364.765151255074
8608,8538.008047751946
8609,5852.1213405969165
8610,7454.753505905273
8611,6918.213504066034
8612,7463.856944040045
8613,6716.070342643491
8614,7111.068639953173
8615,5056.765163530678
8616,6494.594445536262
8617,6234.898571268235
8618,6234.6227532576795
8619,8124.602921737601
8620,6622.3212856713335
8621,5251.806100676286
8622,6289.650773627947
8623,5970.322087379335
8624,7565.891292782221
8625,5371.342751973277
8626,10290.571226367361
8627,5182.085557827343
8628,5785.604176498767
8629,6973.10343140753
8630,5627.645290941371
8631,5878.225452297556
8632,5988.046613524866
8633,6358.655761603367
8634,5606.915001771007
8635,5202.504019693578
8636,6574.600499642458
8637,6478.281365782491
8638,6069.032402963296
8639,5466.526561215634
8640,6673.987362696839
8641,8539.455615079607
8642,6670.847721037823
8643,5476.189604906622
8644,6466.183043446699
8645,5889.649824779512
8646,6778.465467124203
8647,6545.6601124252165
8648,5205.57933753694
8649,6884.509855695967
8650,6577.827286808133
8651,6055.7839615525145
8652,6517.004730767745
8653,5185.269819199906
8654,5543.726455286177
8655,5164.890425149922
8656,6521.780027066027
8657,7519.715896718025
8658,5095.878345537719
8659,5432.093569082594
8660,6224.3228673274925
8661,5747.99327627733
8662,6087.775617891319
8663,6135.760082523126
8664,6010.222653851589
8665,6670.669577502662
8666,5207.239810866193
8667,5619.429387861953
8668,6095.883996766114
8669,7945.097555309146
8670,6538.080831926072
8671,7035.469302957503
8672,7321.153028811704
8673,5767.187421690599
8674,7228.575758616268
8675,6199.349842453683
8676,6300.393454369088
8677,7829.4171407867625
8678,5880.430022595972
8679,8140.7465452293045
8680,7355.417911941939
8681,6929.57567644033
8682,5855.465451671545
8683,7388.253990363053
8684,6810.600911748131
8685,5510.138898395121
8686,4892.799947595713
8687,6076.528653423021
8688,6810.1592658723175
8689,5808.1661373523475
8690,5610.36812057713
8691,7444.637198368263
8692,6181.283323666349
8693,5854.473931635288
8694,5683.5345182822275
8695,5711.772106027314
8696,7277.4851853399405
8697,6404.3732147559995
8698,6227.442092116639
8699,5199.8392811319145
8700,6030.19888418037
8701,6473.550977326556
8702,5159.203485649378
8703,5999.432359128445
8704,4893.20257141466
8705,6860.366748507425
8706,5727.189181459431
8707,5942.251818304774
8708,8048.652798704455
8709,6127.421736779594
8710,5438.324262082814
8711,10491.585460940138
8712,6094.910152585881
8713,6317.166348887958
8714,6454.175073458974
8715,5073.286506616978
8716,6420.247386175044
8717,5697.975933473645
8718,6816.94698440152
8719,8512.413178728024
8720,6068.566348172919
8721,3756.9442122754936
8722,5112.669936947845
8723,6556.431425395327
8724,6979.868561704587
8725,5877.978354761226
8726,6057.211359636692
8727,5155.213444217089
8728,5351.423063735758
8729,5186.818811348042
8730,5024.442074314739
8731,5730.237539385919
8732,6577.09809854681
8733,6463.742370373243
8734,6250.721886986858
8735,6754.852231551032
8736,6538.501797232401
8737,6480.702020291589
8738,5550.641435537007
8739,7661.753791033584
8740,8017.142214450634
8741,5942.819540362307
8742,6762.239341262552
8743,6102.8700368868795
8744,6483.235526934345
8745,5384.484301913808
8746,5954.897964976598
8747,5280.968232308489
8748,7650.292583437515
8749,6208.827574241486
8750,7473.613413100207
8751,7557.833453125873
8752,5980.653930793222
8753,6186.9596748205895
8754,16386.858337411963
8755,8594.828896570243
8756,6642.122529367833
8757,3921.6117043949075
8758,5970.899518078754
8759,8374.959550221914
8760,5258.510865385282
8761,11708.052257892723
8762,17381.732114185255
8763,6373.633547215051
8764,5754.249860983694
8765,6958.609575075643
8766,6020.127317758171
8767,8189.732002941186
8768,5571.4350463038045
8769,7103.096930015689
8770,0.0
8771,5756.1373356984
8772,6311.2553080663165
8773,6896.5855360766045
8774,7017.317987157333
8775,5234.8746423752655
8776,6651.340308509528
8777,6565.482946328122
8778,5432.544667268163
8779,6127.16211278854
8780,6075.324630510503
8781,5319.469966979091
8782,5858.320261291738
8783,6067.557374455923
8784,5738.128794394836
8785,4993.149357026853
8786,5729.926501689634
8787,6239.944599766188
8788,7873.210304699568
8789,6407.764736863501
8790,7018.095386996095
8791,6710.004391162175
8792,4896.143256317663
8793,5956.968076613117
8794,6053.785152250309
8795,5127.104544948181
8796,5454.615048912908
8797,6360.0898666159255
8798,6022.603535728228
8799,6673.539468465651
8800,7281.281841096104
8801,6122.602416811478
8802,5324.523412834839
8803,5893.0825463295405
8804,7510.491078564545
8805,5705.000003653168
8806,6436.927741834018
8807,13353.340740867665
8808,6611.091834344367
8809,6119.411064487533
8810,5723.680309912275
8811,5698.920448190564
8812,6085.2822331897705
8813,4771.411356032439
8814,6386.377311019804
8815,7430.169327101742
8816,5305.2637240377235
8817,12884.26471419126
8818,9477.361367674725
8819,5644.488840274539
8820,6475.628537714046
8821,5849.628087507698
8822,6917.631524684127
8823,6305.978995499389
8824,8869.399142912149
8825,6197.266063780432
8826,7573.587887505004
8827,6079.80644871493
8828,6908.003006900983
8829,5549.965869820284
8830,7535.827343487601
8831,5998.420527787376
8832,6078.113252861623
8833,5773.660131398091
8834,6136.295165490478
8835,8154.107765658988
8836,7546.259522825276
8837,5957.013440092416
8838,8095.807338596738
8839,6630.356589670199
8840,9432.854643831992
8841,5058.001984404345
8842,5323.075012527573
8843,6516.579244763947
8844,7779.888206611666
8845,6657.261464612704
8846,6240.690295727013
8847,6675.795264627896
8848,6524.086171118304
8849,5378.264831206241
8850,7425.471593892303
8851,7050.564809046532
8852,5554.082245229319
8853,11891.526398721715
8854,15646.297013833806
8855,6786.06656746034
8856,6833.805057856311
8857,7599.11162713835
8858,8636.135006012948
8859,8462.469018858843
8860,6384.501431548692
8861,7233.471264267596
8862,6151.633955378548
8863,6974.066007713144
8864,5513.093111071454
8865,6182.907225119314
8866,5495.7144362812505
8867,5628.595043591258
8868,5989.089591287847
8869,4964.622940711985
8870,4935.52026379428
8871,5697.48377923396
8872,4976.859356891199
8873,4818.298871316636
8874,5701.837623880276
8875,6233.492474056083
8876,7635.374497567526
8877,7418.682449306965
8878,7718.80409793676
8879,6339.77238356514
8880,6379.388929364351
8881,8197.760787995252
8882,6774.475086386485
8883,5065.284909729659
8884,5545.550986897271
8885,7675.38228919388
8886,5548.265388681209
8887,6038.2633712762245
8888,5311.277775270208
8889,5657.697422482965
8890,7602.839035537381
8891,5648.214801881
8892,5751.303221405485
8893,7346.5481132290015
8894,8056.359834287107
8895,9374.039837340359
8896,6224.963139370322
8897,8118.289902678021
8898,4758.772805569517
8899,5518.437574190493
8900,5999.049851244025
8901,5045.7457507443805
8902,6831.783030678104
8903,5223.795501789373
8904,7143.99991392096
8905,7528.472495804551
8906,8101.577268552272
8907,7428.152519223512
8908,5561.311128804613
8909,5894.035902999195
8910,7361.149796145564
8911,6757.213187124695
8912,7221.989352776497
8913,6032.713335638301
8914,6429.73915996677
8915,8054.422411769448
8916,5885.676941203595
8917,6494.6100117862015
8918,6847.945006354202
8919,7282.401795960038
8920,10759.546777348472
8921,6482.44847414888
8922,11752.185825857037
8923,6061.664390406628
8924,6193.490752590538
8925,4569.0624647809345
8926,6827.510613227104
8927,6247.994777644642
8928,5495.818945123565
8929,7218.271249097976
8930,5836.045063921987
8931,4667.529669753761
8932,5880.928920215281
8933,5870.145284290331
8934,6702.420051711896
8935,6116.280278930268
8936,6686.830818488982
8937,6466.883757190397
8938,5889.681280191928
8939,7518.481356019882
8940,5459.965216636426
8941,5471.8775616720095
8942,5966.72742524778
8943,7331.210514109358
8944,9490.751175043728
8945,6923.329136556166
8946,5029.770826968881
8947,5926.6185574697265
8948,6996.589728346807
8949,6483.058876059748
8950,6105.290804785805
8951,7205.255289331606
8952,6027.228481586925
8953,6436.509435599814
8954,5904.675733949535
8955,7092.680509520097
8956,5843.213583130354
8957,6315.286580114413
8958,5948.9999097021055
8959,5686.334977938253
8960,5443.999580175664
8961,5349.510574504608
8962,7176.845988320154
8963,7793.658588664495
8964,8324.836807717964
8965,9421.56448036097
8966,7369.484726366727
8967,6009.5787842129075
8968,6344.763315832381
8969,9083.21029623225
8970,8159.042231692924
8971,6478.420938959029
8972,6975.79020168579
8973,7912.078899856683
8974,5761.581336476237
8975,5067.074997294324
8976,8862.979757396919
8977,5943.439717449767
8978,7192.2503012139805
8979,6018.963743105626
8980,4147.593739083124
8981,9142.693565091899
8982,5520.228471832288
8983,6028.937286278115
8984,5667.8931413174405
8985,5912.663898080507
8986,6388.8789746939465
8987,6497.289647957245
8988,6282.714634095216
8989,6278.113226487589
8990,5150.645611164808
8991,5289.699124800287
8992,5355.197865591991
8993,6621.928219596351
8994,17331.338970874152
8995,5036.574176737562
8996,5731.9806443674415
8997,7063.709075066016
8998,5129.572412568426
8999,4953.105828033288
9000,5595.578436265509
9001,5151.611925476263
9002,6267.1572992152915
9003,6568.768569210924
9004,5129.779961614921
9005,6983.844729878923
9006,4722.071791830446
9007,5259.474241853183
9008,6862.199308424071
9009,7319.656778134408
9010,9012.422045948064
9011,5896.108497556586
9012,6369.962062948992
9013,4852.291173215742
9014,6245.837725105422
9015,12311.903404527528
9016,7923.088988731665
9017,6226.4430800102955
9018,4997.122258648517
9019,6032.178995948337
9020,5348.491696309346
9021,4898.878315601948
9022,7682.3144321704185
9023,5756.405885212091
9024,5363.923249330596
9025,6418.686776275812
9026,5857.92487991124
9027,5667.756156879311
9028,6044.736129793635
9029,6586.5854831765555
9030,6083.210443007534
9031,5124.438909503458
9032,5746.656667080358
9033,6262.344346832269
9034,7493.90025327041
9035,6563.487737631209
9036,6958.245329541192
9037,4870.026790305762
9038,6474.104268908909
9039,5701.50012560711
9040,6006.686984533281
9041,6232.358535372681
9042,7071.033057303388
9043,5608.058248197313
9044,6615.58146867974
9045,6664.3384717584995
9046,5508.696685371021
9047,5701.924752754161
9048,6405.479468699651
9049,5928.582690506977
9050,5543.874729081536
9051,6770.791590786766
9052,6309.411522264465
9053,5543.821942445109
9054,8601.360393574807
9055,5094.691746854942
9056,4798.355043629839
9057,6733.547370925904
9058,7252.170243564977
9059,9027.385158533827
9060,5903.106388342411
9061,6934.225872113326
9062,5706.932319267954
9063,6992.73475090936
9064,6242.089377402786
9065,6247.645015039143
9066,4183.685661261734
9067,5662.848995833863
9068,6207.394797032647
9069,5993.001334410269
9070,4817.933452725972
9071,6619.667148080316
9072,7025.3427840158065
9073,6039.177017230717
9074,7393.836958714951
9075,6564.946562169442
9076,7988.795758311194
9077,5411.790727614911
9078,5733.2060639977835
9079,5877.163569284991
9080,6346.300797560641
9081,6951.734917880356
9082,5087.575368953144
9083,8050.129013378772
9084,6266.824703104466
9085,6330.82323255627
9086,5375.573538024718
9087,5012.930693629344
9088,6407.915359004258
9089,5427.5563155389145
9090,8103.613243707746
9091,6136.7468560968055
9092,5894.589971631772
9093,7203.8774168252
9094,6198.504804416514
9095,5810.0703232280985
9096,6868.228967184211
9097,5828.839387492622
9098,7848.313926244261
9099,8125.732995731056
9100,6920.145789710327
9101,6088.013143965808
9102,5671.269496283838
9103,5071.800418715947
9104,4416.637559721295
9105,7022.448869277213
9106,5566.886783284228
9107,7700.984517783415
9108,5521.564873200551
9109,5866.3043971525
9110,5682.064088869096
9111,8859.338467332975
9112,5365.242604000798
9113,5756.385727199807
9114,6063.174936497723
9115,6838.63584888849
9116,5895.749095496035
9117,6738.05922251674
9118,7028.595991194199
9119,8667.569336036273
9120,6426.1200100310825
9121,6881.145130271993
9122,6327.20862372905
9123,5568.447225538215
9124,5516.088282142648
9125,8396.158475895421
9126,7707.068892269155
9127,6612.150674884033
9128,15038.198318186767
9129,5898.220043069713
9130,5950.623553103696
9131,5631.944394002158
9132,7041.491795947557
9133,7802.658345932938
9134,6526.786216204704
9135,7079.075106330694
9136,7341.281802891462
9137,5847.577513094287
9138,6305.248407207912
9139,5431.298269043301
9140,5974.359927782452
9141,5616.733908452457
9142,5403.86646236043
9143,5374.986538447367
9144,6956.134523496661
9145,14543.60837060283
9146,6994.1235311711125
9147,5708.902895983214
9148,6468.113709238474
9149,4907.946125395208
9150,6217.66816020198
9151,4277.315890269279
9152,7902.456542033856
9153,6557.2616969933815
9154,6835.929168106399
9155,10523.486324051379
9156,10333.30512759273
9157,6697.868259312263
9158,6521.705179364712
9159,4957.28683509705
9160,5971.244411057738
9161,7145.2691059605695
9162,6903.4882113925205
9163,4912.955430566276
9164,4862.197112419452
9165,4567.569046211872
9166,5438.074099523702
9167,5923.30905634274
9168,5928.140723100147
9169,5477.130710950781
9170,6732.213833683134
9171,6435.472103746542
9172,5924.997435614054
9173,5485.303149752676
9174,5000.30529766081
9175,6810.745152136227
9176,4691.143044847887
9177,8692.860063088889
9178,5596.551134316675
9179,4645.951349322263
9180,6646.043682344568
9181,5532.927142966006
9182,5126.762480188586
9183,5327.181296515411
9184,5953.354784618753
9185,8194.565743813768
9186,8403.617299755473
9187,6363.6827119063655
9188,5178.861233056532
9189,6285.164092743124
9190,6519.195180999074
9191,6134.10658116009
9192,5825.851838878689
9193,7249.934882446749
9194,9173.295898192497
9195,6633.391285973408
9196,6193.670758636434
9197,6241.270579168736
9198,5777.882769332565
9199,8188.993479681063
9200,5872.916231856086
9201,10593.948232855866
9202,5809.072924353967
9203,5378.309402553294
9204,5253.319705914024
9205,5386.159512590505
9206,7110.455553151774
9207,15521.44183726299
9208,4575.46007584501
9209,5386.257624707793
9210,7711.865896502567
9211,6487.638865246165
9212,6346.195727534471
9213,7291.9966454743035
9214,5336.724113789919
9215,5066.640441622207
9216,4773.935448332335
9217,7611.270759940647
9218,5643.938929289023
9219,7356.395206703438
9220,6004.91478353451
9221,5506.997435059462
9222,7002.2945930870865
9223,5891.2476169780475
9224,4166.587250054367
9225,8063.3865494778875
9226,7347.933731464142
9227,4756.402900241283
9228,7047.405180086657
9229,5742.944617115879
9230,5251.189344866129
9231,7700.48957131428
9232,6131.828482085895
9233,6920.524022184482
9234,5444.19944425482
9235,5180.304166311959
9236,6541.816220297468
9237,3905.71935872595
9238,7350.9573015286
9239,5127.329883249109
9240,6286.565933841144
9241,5141.481224818449
9242,6157.430163897347
9243,5733.1896824453725
9244,6394.30094110942
9245,5555.963591851207
9246,6345.194342746374
9247,6232.232856982991
9248,7239.180017131376
9249,6302.633388740015
9250,7190.243996279701
9251,7862.420161995889
9252,7563.588307270002
9253,4542.465751409614
9254,6018.4049022266545
9255,6966.832609374609
9256,5317.954548797528
9257,7654.784217060742
9258,5632.397404327552
9259,7929.520619918833
9260,7738.170022373034
9261,7847.099652046609
9262,5072.909206069289
9263,7733.192706841646
9264,8596.719136532454
9265,5900.637303788889
9266,6998.803631200547
9267,7408.287550263435
9268,5980.502215185007
9269,5893.18581205309
9270,6528.905281101654
9271,6014.5053584798825
9272,5963.616763900588
9273,6479.068967405429
9274,5733.183501089043
9275,5664.354733650849
9276,6348.564101857606
9277,6465.794417381297
9278,6683.533741392903
9279,6880.289356358835
9280,6949.919602340885
9281,6265.528510600426
9282,6847.337285960901
9283,6491.014410638508
9284,6110.008377701672
9285,6232.513698900413
9286,6154.949270460573
9287,7219.16721373155
9288,6267.74056157319
9289,5657.538525341904
9290,6188.738439337365
9291,6297.561063417255
9292,6536.893133877846
9293,5956.972450953601
9294,5321.874744671484
9295,6225.483439732141
9296,6607.650738717007
9297,5980.388809192376
9298,6495.622711569991
9299,6656.547767159305
9300,5559.259140931178
9301,5410.696741332788
9302,4499.823089026795
9303,5951.534812101596
9304,6668.418936990862
9305,6380.413468441022
9306,7304.974039791806
9307,7760.918433770009
9308,5845.833459888038
9309,6953.6530417256945
9310,5273.664333550117
9311,4980.2126957709925
9312,6475.563305952085
9313,8594.242880860407
9314,6587.987514938612
9315,7075.51929119039
9316,5456.185685385055
9317,6654.832208286277
9318,8449.419752738902
9319,5639.913044097888
9320,6614.145190806517
9321,5190.353002845939
9322,5255.829694429257
9323,5363.663734065881
9324,6087.242472703609
9325,5924.5462582162445
9326,5312.674946295566
9327,6138.520139963333
9328,4921.1629314978345
9329,6170.538846247319
9330,6870.3696919647355
9331,5307.1515481670085
9332,6584.607020065921
9333,6823.629823161349
9334,5375.362792089363
9335,6264.709587564713
9336,6962.845263849897
9337,6960.594343643899
9338,6165.171576383565
9339,5148.000069267617
9340,9880.309319545873
9341,5658.247948700808
9342,5475.283624081572
9343,7683.471978984156
9344,7317.516505627048
9345,7306.625556002402
9346,6379.02742320009
9347,6907.6899376209685
9348,7274.465643523871
9349,10972.473298238101
9350,5248.743625194405
9351,5373.257651340019
9352,5503.87513082115
9353,7234.263529549514
9354,6179.332931973298
9355,7389.023623635426
9356,7053.547100325059
9357,5588.494968104887
9358,5398.148967948199
9359,6433.513219608002
9360,7134.4975457865
9361,5363.274163083868
9362,6142.0339034612825
9363,4662.8222443094055
9364,6173.992125924646
9365,6531.253479659872
9366,6507.515023080052
9367,7725.2734529470645
9368,6267.780528031822
9369,4995.714150869088
9370,6357.075300154555
9371,6800.417353862556
9372,7496.229874310012
9373,6814.997060349798
9374,6669.809116104964
9375,5584.934880399103
9376,5771.237377132662
9377,8539.45598814307
9378,5338.35903950282
9379,9191.783315910374
9380,6528.428724634238
9381,5123.785378657858
9382,6607.757201843469
9383,5574.1755812512865
9384,6491.67092214039
9385,6683.053598869859
9386,4234.2351726710585
9387,5281.023590367876
9388,6207.151030120813
9389,7426.877176154137
9390,8349.441482820575
9391,5516.30047517965
9392,6233.418393546471
9393,6102.054680292668
9394,6781.01905395259
9395,5855.462935492264
9396,8854.97381878912
9397,7477.683691388867
9398,9995.46160978938
9399,4866.231454738897
9400,5475.303249990288
9401,10812.4165381213
9402,8561.815527633229
9403,5611.430051174513
9404,8448.295124953043
9405,5691.061443077122
9406,5383.998937381673
9407,5116.258500540768
9408,5185.682661151297
9409,5334.686525923394
9410,5180.153642830824
9411,4784.674965273202
9412,5260.47455722322
9413,7638.22641435919
9414,6915.213339422884
9415,19785.76991039429
9416,5569.818515998604
9417,0.0
9418,0.0
9419,0.0
9420,0.0
9421,0.0
9422,0.0
9423,0.0
9424,0.0
9425,0.0
9426,0.0
9427,0.0
9428,0.0
9429,0.0
9430,0.0
9431,0.0
9432,0.0
9433,0.0
9434,0.0
9435,0.0
9436,0.0
9437,0.0
9438,0.0
9439,0.0
9440,0.0
9441,0.0
9442,0.0
9443,0.0
9444,0.0
9445,0.0
9446,0.0
9447,0.0
9448,0.0
9449,0.0
9450,0.0
9451,0.0
9452,0.0
9453,0.0
9454,0.0
9455,0.0
9456,0.0
9457,0.0
9458,0.0
9459,0.0
9460,0.0
9461,0.0
9462,0.0
9463,0.0
9464,0.0
9465,0.0
9466,0.0
9467,0.0
9468,0.0
9469,0.0
9470,0.0
9471,0.0
9472,0.0
9473,0.0
9474,0.0
9475,0.0
9476,0.0
9477,0.0
9478,0.0
9479,0.0
9480,0.0
9481,0.0
9482,0.0
9483,0.0
9484,0.0
9485,0.0
9486,0.0
9487,0.0
9488,0.0
9489,0.0
9490,0.0
9491,0.0
9492,0.0
9493,0.0
9494,0.0
9495,0.0
9496,0.0
9497,0.0
9498,0.0
9499,0.0
9500,0.0
9501,0.0
9502,0.0
9503,0.0
9504,0.0
9505,0.0
9506,0.0
9507,0.0
9508,3702.106416695532
9509,0.0
9510,0.0
9511,0.0
9512,0.0
9513,0.0
9514,0.0
9515,0.0
9516,0.0
9517,0.0
9518,0.0
9519,0.0
9520,0.0
9521,0.0
9522,0.0
9523,0.0
9524,0.0
9525,0.0
9526,0.0
9527,0.0
9528,0.0
9529,0.0
9530,0.0
9531,0.0
9532,0.0
9533,0.0
9534,0.0
9535,0.0
9536,0.0
9537,0.0
9538,0.0
9539,0.0
9540,0.0
9541,0.0
9542,0.0
9543,0.0
9544,0.0
9545,0.0
9546,0.0
9547,0.0
9548,0.0
9549,0.0
9550,0.0
9551,0.0
9552,0.0
9553,0.0
9554,0.0
9555,0.0
9556,0.0
9557,0.0
9558,0.0
9559,0.0
9560,0.0
9561,0.0
9562,0.0
9563,0.0
9564,0.0
9565,0.0
9566,0.0
9567,0.0
9568,0.0
9569,0.0
9570,0.0
9571,0.0
9572,0.0
9573,0.0
9574,0.0
9575,0.0
9576,3909.8987968129436
9577,0.0
9578,0.0
9579,0.0
9580,0.0
9581,0.0
9582,0.0
9583,0.0
9584,0.0
9585,0.0
9586,0.0
9587,0.0
9588,0.0
9589,0.0
9590,0.0
9591,0.0
9592,0.0
9593,0.0
9594,0.0
9595,0.0
9596,0.0
9597,0.0
9598,0.0
9599,0.0
9600,0.0
9601,0.0
9602,0.0
9603,0.0
9604,0.0
9605,0.0
9606,0.0
9607,0.0
9608,0.0
9609,0.0
9610,0.0
9611,0.0
9612,0.0
9613,0.0
9614,0.0
9615,0.0
9616,0.0
9617,14248.837272798955
9618,24210.900926255737
9619,0.0
9620,0.0
9621,0.0
9622,0.0
9623,0.0
9624,0.0
9625,0.0
9626,6536.84857024495
9627,0.0
9628,0.0
9629,0.0
9630,0.0
9631,0.0
9632,0.0
9633,0.0
9634,0.0
9635,0.0
9636,0.0
9637,0.0
9638,0.0
9639,0.0
9640,0.0
9641,0.0
9642,0.0
9643,0.0
9644,0.0
9645,5315.230376834301
9646,0.0
9647,0.0
9648,0.0
9649,0.0
9650,0.0
9651,0.0
9652,0.0
9653,0.0
9654,0.0
9655,4527.545101919802
9656,0.0
9657,0.0
9658,0.0
9659,0.0
9660,0.0
9661,0.0
9662,0.0
9663,0.0
9664,0.0
9665,0.0
9666,0.0
9667,0.0
9668,0.0
9669,0.0
9670,0.0
9671,0.0
9672,0.0
9673,9063.415623825607
9674,0.0
9675,0.0
9676,0.0
9677,0.0
9678,0.0
9679,0.0
9680,0.0
9681,0.0
9682,0.0
9683,0.0
9684,0.0
9685,0.0
9686,0.0
9687,0.0
9688,0.0
9689,0.0
9690,7624.217123703987
9691,0.0
9692,0.0
9693,0.0
9694,0.0
9695,0.0
9696,0.0
9697,0.0
9698,0.0
9699,0.0
9700,0.0
9701,0.0
9702,0.0
9703,0.0
9704,0.0
9705,0.0
9706,0.0
9707,0.0
9708,0.0
9709,0.0
9710,0.0
9711,0.0
9712,0.0
9713,0.0
9714,0.0
9715,0.0
9716,0.0
9717,0.0
9718,0.0
9719,0.0
9720,0.0
9721,0.0
9722,0.0
9723,0.0
9724,0.0
9725,0.0
9726,0.0
9727,0.0
9728,0.0
9729,0.0
9730,0.0
9731,0.0
9732,0.0
9733,0.0
9734,0.0
9735,0.0
9736,0.0
9737,0.0
9738,0.0
9739,0.0
9740,0.0
9741,0.0
9742,0.0
9743,0.0
9744,0.0
9745,0.0
9746,0.0
9747,0.0
9748,0.0
9749,0.0
9750,0.0
9751,0.0
9752,3351.191129816736
9753,0.0
9754,0.0
9755,0.0
9756,0.0
9757,0.0
9758,0.0
9759,0.0
9760,0.0
9761,0.0
9762,0.0
9763,0.0
9764,0.0
9765,0.0
9766,4448.301972110115
9767,0.0
9768,0.0
9769,0.0
9770,0.0
9771,0.0
9772,0.0
9773,0.0
9774,0.0
9775,0.0
9776,0.0
9777,0.0
9778,0.0
9779,0.0
9780,0.0
9781,0.0
9782,0.0
9783,0.0
9784,0.0
9785,0.0
9786,0.0
9787,0.0
9788,0.0
9789,0.0
9790,0.0
9791,0.0
9792,0.0
9793,0.0
9794,0.0
9795,0.0
9796,0.0
9797,0.0
9798,0.0
9799,0.0
9800,0.0
9801,0.0
9802,0.0
9803,0.0
9804,0.0
9805,0.0
9806,0.0
9807,0.0
9808,0.0
9809,7420.8814705363475
9810,0.0
9811,0.0
9812,0.0
9813,0.0
9814,0.0
9815,0.0
9816,0.0
9817,0.0
9818,0.0
9819,4534.1348759552575
9820,0.0
9821,0.0
9822,0.0
9823,3595.9347803873648
9824,0.0
9825,0.0
9826,0.0
9827,0.0
9828,0.0
9829,0.0
9830,0.0
9831,0.0
9832,0.0
9833,0.0
9834,0.0
9835,0.0
9836,0.0
9837,0.0
9838,0.0
9839,0.0
9840,0.0
9841,0.0
9842,0.0
9843,0.0
9844,0.0
9845,0.0
9846,0.0
9847,0.0
9848,0.0
9849,0.0
9850,18533.030279187726
9851,0.0
9852,0.0
9853,0.0
9854,0.0
9855,0.0
9856,0.0
9857,0.0
9858,0.0
9859,0.0
9860,0.0
9861,0.0
9862,0.0
9863,0.0
9864,6739.391500016144
9865,0.0
9866,0.0
9867,0.0
9868,0.0
9869,0.0
9870,0.0
9871,0.0
9872,0.0
9873,0.0
9874,0.0
9875,0.0
9876,0.0
9877,0.0
9878,0.0
9879,0.0
9880,0.0
9881,0.0
9882,0.0
9883,0.0
9884,0.0
9885,0.0
9886,0.0
9887,0.0
9888,0.0
9889,0.0
9890,0.0
9891,0.0
9892,0.0
9893,0.0
9894,0.0
9895,0.0
9896,0.0
9897,0.0
9898,0.0
9899,0.0
9900,0.0
9901,0.0
9902,0.0
9903,0.0
9904,0.0
9905,0.0
9906,0.0
9907,0.0
9908,0.0
9909,0.0
9910,0.0
9911,0.0
9912,0.0
9913,0.0
9914,0.0
9915,0.0
9916,0.0
9917,0.0
9918,0.0
9919,0.0
9920,0.0
9921,0.0
9922,0.0
9923,0.0
9924,0.0
9925,0.0
9926,0.0
9927,0.0
9928,0.0
9929,0.0
9930,0.0
9931,0.0
9932,0.0
9933,0.0
9934,0.0
9935,0.0
9936,0.0
9937,0.0
9938,0.0
9939,10824.09755883117
9940,0.0
9941,0.0
9942,0.0
9943,0.0
9944,0.0
9945,0.0
9946,0.0
9947,0.0
9948,0.0
9949,0.0
9950,0.0
9951,0.0
9952,0.0
9953,0.0
9954,0.0
9955,0.0
9956,0.0
9957,0.0
9958,0.0
9959,0.0
9960,0.0
9961,0.0
9962,0.0
9963,0.0
9964,0.0
9965,0.0
9966,0.0
9967,0.0
9968,0.0
9969,0.0
9970,0.0
9971,0.0
9972,0.0
9973,0.0
9974,0.0
9975,0.0
9976,0.0
9977,0.0
9978,0.0
9979,0.0
9980,0.0
9981,0.0
9982,0.0
9983,3716.75148656153
9984,15970.374553555603
9985,0.0
9986,0.0
9987,0.0
9988,0.0
9989,0.0
9990,0.0
9991,0.0
9992,0.0
9993,0.0
9994,0.0
9995,0.0
9996,0.0
9997,0.0
9998,0.0
9999,0.0
10000,0.0
10001,0.0
10002,0.0
10003,0.0
10004,0.0
10005,0.0
10006,0.0
10007,0.0
10008,0.0
10009,0.0
10010,0.0
10011,0.0
10012,10591.32577659139
10013,0.0
10014,0.0
10015,0.0
10016,0.0
10017,0.0
10018,0.0
10019,0.0
10020,0.0
10021,0.0
10022,0.0
10023,0.0
10024,0.0
10025,0.0
10026,0.0
10027,0.0
10028,0.0
10029,0.0
10030,0.0
10031,0.0
10032,0.0
10033,0.0
10034,0.0
10035,0.0
10036,0.0
10037,0.0
10038,0.0
10039,0.0
10040,0.0
10041,0.0
10042,0.0
10043,0.0
10044,0.0
10045,0.0
10046,0.0
10047,0.0
10048,0.0
10049,0.0
10050,0.0
10051,0.0
10052,0.0
10053,0.0
10054,0.0
10055,0.0
10056,0.0
10057,0.0
10058,0.0
10059,0.0
10060,0.0
10061,0.0
10062,0.0
10063,0.0
10064,0.0
10065,0.0
10066,0.0
10067,0.0
10068,0.0
10069,0.0
10070,0.0
10071,0.0
10072,0.0
10073,0.0
10074,0.0
10075,0.0
10076,0.0
10077,0.0
10078,0.0
10079,0.0
10080,0.0
10081,0.0
10082,4183.133711413007
10083,0.0
10084,0.0
10085,0.0
10086,4329.722363330697
10087,0.0
10088,0.0
10089,0.0
10090,0.0
10091,0.0
10092,0.0
10093,0.0
10094,0.0
10095,0.0
10096,0.0
10097,0.0
10098,0.0
10099,0.0
10100,0.0
10101,0.0
10102,0.0
10103,0.0
10104,0.0
10105,0.0
10106,0.0
10107,0.0
10108,0.0
10109,0.0
10110,0.0
10111,0.0
10112,0.0
10113,0.0
10114,0.0
10115,0.0
10116,0.0
10117,0.0
10118,0.0
10119,0.0
10120,0.0
10121,0.0
10122,0.0
10123,0.0
10124,0.0
10125,0.0
10126,0.0
10127,0.0
10128,0.0
10129,0.0
10130,0.0
10131,0.0
10132,0.0
10133,0.0
10134,0.0
10135,0.0
10136,0.0
10137,4101.427984194175
10138,0.0
10139,0.0
10140,0.0
10141,0.0
10142,0.0
10143,0.0
10144,0.0
10145,0.0
10146,0.0
10147,0.0
10148,0.0
10149,0.0
10150,0.0
10151,0.0
10152,9544.848169043458
10153,0.0
10154,0.0
10155,0.0
10156,0.0
10157,0.0
10158,0.0
10159,0.0
10160,0.0
10161,0.0
10162,0.0
10163,0.0
10164,0.0
10165,0.0
10166,0.0
10167,0.0
10168,0.0
10169,0.0
10170,0.0
10171,0.0
10172,0.0
10173,0.0
10174,0.0
10175,0.0
10176,0.0
10177,0.0
10178,0.0
10179,0.0
10180,0.0
10181,0.0
10182,0.0
10183,0.0
10184,0.0
10185,0.0
10186,0.0
10187,0.0
10188,0.0
10189,0.0
10190,0.0
10191,0.0
10192,0.0
10193,0.0
10194,0.0
10195,0.0
10196,0.0
10197,0.0
10198,0.0
10199,0.0
10200,0.0
10201,0.0
10202,0.0
10203,0.0
10204,0.0
10205,0.0
10206,0.0
10207,0.0
10208,0.0
10209,0.0
10210,0.0
10211,0.0
10212,0.0
10213,0.0
10214,0.0
10215,0.0
10216,4200.186230288275
10217,0.0
10218,0.0
10219,0.0
10220,0.0
10221,0.0
10222,0.0
10223,0.0
10224,0.0
10225,0.0
10226,0.0
10227,0.0
10228,0.0
10229,0.0
10230,0.0
10231,0.0
10232,0.0
10233,0.0
10234,0.0
10235,0.0
10236,0.0
10237,0.0
10238,0.0
10239,0.0
10240,0.0
10241,0.0
10242,0.0
10243,0.0
10244,0.0
10245,0.0
10246,0.0
10247,0.0
10248,0.0
10249,0.0
10250,0.0
10251,0.0
10252,0.0
10253,0.0
10254,0.0
10255,0.0
10256,0.0
10257,12199.379371311361
10258,6765.785436247687
10259,0.0
10260,0.0
10261,0.0
10262,0.0
10263,0.0
10264,0.0
10265,0.0
10266,0.0
10267,0.0
10268,0.0
10269,0.0
10270,0.0
10271,0.0
10272,0.0
10273,5131.693686600706
10274,4508.394746151035
10275,6033.242408796266
10276,4777.962195535927
10277,5951.106368618039
10278,4432.8957202154015
10279,6466.3467839787245
10280,6293.460962330706
10281,4377.795942224866
10282,4584.976017567894
10283,6810.590852628667
10284,6325.83579201308
10285,5551.765219201474
10286,5773.683632091532
10287,6093.848943620252
10288,4392.537922979263
10289,7474.941286042121
10290,7719.295234089473
10291,9308.563570703924
10292,8004.666369398097
10293,7093.613055105583
10294,4837.268317237511
10295,6502.645859789217
10296,3784.602009291225
10297,7938.144807708426
10298,8372.487505151574
10299,8245.204985645587
10300,5342.074935726431
10301,4054.019976252114
10302,4673.995893557164
10303,6103.365370945551
10304,8103.835335259022
10305,5553.331813461924
10306,5283.598727569525
10307,5147.89564387939
10308,6970.538377761055
10309,3882.1303740582325
10310,6793.9176887078565
10311,5078.421356969458
10312,5669.541954152545
10313,6624.840006534695
10314,4684.874263837907
10315,6827.351976505507
10316,5693.403314667986
10317,5079.280308081196
10318,5059.477529773097
10319,6354.150753395436
10320,8479.445281492377
10321,5829.23821986548
10322,7064.690695184737
10323,6720.230386089325
10324,7195.50210765882
10325,6972.148318499021
10326,5986.29180493714
10327,4218.03166752681
10328,5653.1727138366605
10329,5625.194215208476
10330,6584.234024580849
10331,8209.150349166663
10332,6787.038298375645
10333,4326.538156350443
10334,6191.982667511281
10335,5400.9558140303325
10336,6102.004799499508
10337,4336.367321444526
10338,9275.200342779004
10339,4136.932146511591
10340,4894.929907168232
10341,6239.509171322638
10342,5839.986301914006
10343,5597.814481084945
10344,4725.115634946789
10345,6345.678125216443
10346,5806.857190744338
10347,5627.026370498202
10348,6666.571252376169
10349,6818.348131403369
10350,5589.131853466018
10351,4665.641230228004
10352,5804.137529845941
10353,8679.640587701477
10354,5901.530672085875
10355,4350.570322710678
10356,6816.540966126989
10357,5190.037639081884
10358,7055.919042665128
10359,6905.449921983694
10360,4235.190602764444
10361,7125.169021629021
10362,6013.579693306713
10363,6134.910039285787
10364,5442.408468876494
10365,4496.893311869744
10366,5775.301297802504
10367,5012.386158203989
10368,6878.757450181966
10369,6358.924809568878
10370,5080.860038607023
10371,5276.4906018533065
10372,6347.765055039437
10373,5970.143219272038
10374,5512.640660512571
10375,5423.213532402469
10376,4935.288638823575
10377,6013.81709489258
10378,5419.0209986348855
10379,4447.985510285067
10380,5915.408655156054
10381,6512.445864407266
10382,6021.170396567866
10383,7385.827225637791
10384,7555.319933312952
10385,5706.531662219873
10386,7358.350199077799
10387,5390.293429784154
10388,4894.007148212995
10389,7826.418520017908
10390,5998.9362325451575
10391,7144.479692561522
10392,7703.090152215389
10393,6803.678747930225
10394,6013.331317332933
10395,6391.987137695271
10396,7160.95883442842
10397,4435.204883367107
10398,3593.64919782072
10399,5893.947579078169
10400,5559.393794015669
10401,5728.2999739296465
10402,4950.776866370753
10403,6501.240507540628
10404,5565.374697394942
10405,4836.525184134684
10406,5717.86347651271
10407,4630.374834311422
10408,6710.819866056625
10409,6286.930763636205
10410,5209.493344616036
10411,5345.09080674746
10412,4882.4676916986145
10413,6776.115592449038
10414,4543.294859377971
10415,4744.779752541178
10416,4720.856090566913
10417,6841.50492052675
10418,4652.255166431417
10419,5227.524930275432
10420,8392.944736272091
10421,5312.568485816072
10422,5684.495332167882
10423,10316.936527948688
10424,6130.499933637249
10425,6677.600079312858
10426,5282.731195882087
10427,5152.128812831197
10428,6901.20580462446
10429,4477.102559589766
10430,6353.2755949744615
10431,7355.250099368091
10432,5214.6177109686905
10433,3648.265717656267
10434,3773.279813572859
10435,7179.427817696861
10436,7057.950363523315
10437,5570.752993097274
10438,5717.761987722545
10439,5271.464704922387
10440,4770.341197178269
10441,4273.073668355549
10442,3866.9277222922283
10443,5735.359330390148
10444,6957.580075983083
10445,5639.457232531532
10446,5422.531360745958
10447,7078.167196296274
10448,6839.119129175482
10449,6754.7581010430895
10450,5832.626044337674
10451,6845.659152660298
10452,8045.058173813518
10453,4942.17357255241
10454,6220.220613504942
10455,6259.607983156695
10456,6525.010492986757
10457,5331.526719693507
10458,5379.439062253528
10459,5314.002262121501
10460,6989.781209585904
10461,6224.3451251598235
10462,7593.955660981994
10463,7480.244175660292
10464,6325.9147310057215
10465,6659.804860357808
10466,16427.79458527067
10467,8479.4702410524
10468,6184.213811306657
10469,3797.505845970074
10470,6273.9307105705175
10471,8309.898640778118
10472,3855.4191865796206
10473,10089.491379744728
10474,16540.638139203973
10475,5726.212951483159
10476,4758.364007207633
10477,7344.217597517134
10478,4906.6309042128005
10479,7906.312539359381
10480,4206.259280443174
10481,6141.672065831787
10482,4486.989671788905
10483,5559.516402458075
10484,6644.002159689749
10485,5935.160671892702
10486,7660.863539749973
10487,5570.486077516944
10488,6925.396389261029
10489,5874.164351745876
10490,5342.7710889046875
10491,5438.088804602247
10492,6657.330199763125
10493,5210.35587317295
10494,5708.419049272035
10495,4803.550953030213
10496,4455.888759188262
10497,4341.667089941384
10498,4439.168019685758
10499,5265.5806814020225
10500,7600.936156717051
10501,6678.730436613365
10502,6597.764955448609
10503,5890.655843500638
10504,5135.299882127183
10505,4818.271828427221
10506,5237.690513877023
10507,5589.262632986943
10508,4233.7416750290295
10509,5195.168262476563
10510,6085.8277699282735
10511,6079.168986221338
10512,6497.9558643959945
10513,6103.740588830804
10514,3956.842842281854
10515,4497.780221541525
10516,7335.776650270813
10517,5709.62558895205
10518,5903.860996153613
10519,13022.845469112031
10520,6955.404314602489
10521,5529.916186130842
10522,5786.904544112322
10523,4416.680412983989
10524,4930.840585226906
10525,4337.679648966763
10526,5765.923875222743
10527,6665.424477296773
10528,5688.776448528859
10529,10249.615604982171
10530,8753.236295150593
10531,5980.2108437383395
10532,5818.776055103964
10533,5255.257605263384
10534,5956.206660500225
10535,5733.632679155728
10536,9034.415815417975
10537,6043.9104930628855
10538,7225.968293705631
10539,5463.897822443523
10540,5964.680445576799
10541,5919.831487123373
10542,6682.006275862101
10543,6076.502329606104
10544,5031.91562010028
10545,6113.096346310112
10546,6125.866269535719
10547,8420.958924399942
10548,6475.856929831511
10549,6310.757807228727
10550,6726.221372916032
10551,6890.499865238189
10552,9368.848612844247
10553,4009.7501708502987
10554,5572.992269835956
10555,6835.510324866912
10556,8096.042744977758
10557,6931.317545364204
10558,6267.117968040728
10559,6919.595855974194
10560,6917.72922207887
10561,5758.746808642512
10562,6929.155330394597
10563,6248.8126957110735
10564,5535.2204172486445
10565,11024.465918311504
10566,14945.644075323258
10567,6753.070100114766
10568,7244.601158608061
10569,7397.378588087767
10570,7634.374134250834
10571,7392.066425865089
10572,5458.820269271977
10573,6161.990999851082
10574,6507.124175229392
10575,6976.207072665025
10576,4423.116241262864
10577,5714.791076675137
10578,5534.57969024954
10579,4595.742954183417
10580,4857.162561991045
10581,4334.034354845764
10582,4053.5397633527396
10583,6054.208675630318
10584,3803.7226136772574
10585,4581.2119907243205
10586,5862.744315669448
10587,6053.033553177724
10588,7878.358904684967
10589,7705.614829616494
10590,6890.45125373064
10591,6731.82536705578
10592,6649.634686774378
10593,7845.45864953934
10594,6064.724995148266
10595,4087.3901538778437
10596,5600.7313953811345
10597,8884.28844328384
10598,4818.0221646837745
10599,6141.344999604534
10600,5101.27607711724
10601,5033.707901407852
10602,7439.564726749703
10603,5708.695607577497
10604,5966.6154754334475
10605,7602.955485022978
10606,8186.690479472611
10607,8295.311779747934
10608,4759.656570722891
10609,7753.681962997263
10610,4089.0919356753525
10611,5399.088345897139
10612,6025.328348500619
10613,4959.628147604622
10614,7204.532854238333
10615,4373.386778010995
10616,6470.380867573638
10617,6667.517320422533
10618,7734.876031242648
10619,8387.095006885143
10620,4895.154745327846
10621,5218.221904931518
10622,6362.426018562434
10623,7032.525724760566
10624,6786.646042772799
10625,6263.330680874301
10626,7120.987801701942
10627,6969.723933011309
10628,6154.0046642757625
10629,5450.301854475907
10630,7087.113712710491
10631,6357.697154115926
10632,11128.298767639477
10633,7325.798943464856
10634,12319.0063602807
10635,6155.323404417419
10636,6679.822325817231
10637,3572.5642414798062
10638,6110.2988977833365
10639,6220.046234847152
10640,5861.064195824151
10641,7201.594688552366
10642,6158.956232593001
10643,3710.761058748014
10644,6139.82475640926
10645,5000.631868191519
10646,6813.456377331721
10647,6492.955535265755
10648,5728.7837833432795
10649,6836.554698535899
10650,5998.197861821401
10651,7297.614391025365
10652,5263.505332886341
10653,5560.94336091552
10654,6356.332252935329
10655,6462.5188451916365
10656,9084.673494802157
10657,6896.043853541522
10658,4303.737899016913
10659,5208.910461473915
10660,6352.886365565039
10661,6054.317171962698
10662,4989.280276117496
10663,6290.706997031759
10664,5002.14494951147
10665,5921.196927715086
10666,6018.305632155122
10667,7468.622176196347
10668,5324.402458844684
10669,5123.391703628769
10670,6268.477523125162
10671,6221.858288631742
10672,4666.867197216875
10673,5290.47422692884
10674,7637.446781657043
10675,6775.538562829277
10676,8368.41148797457
10677,8724.597976644503
10678,7425.231291835167
10679,4970.210229382628
10680,5559.97177732088
10681,8570.253998660522
10682,7361.251086310507
10683,6230.999809057472
10684,5666.20353642897
10685,7023.847143141684
10686,4799.541406958338
10687,3989.3453344336017
10688,8466.893368327621
10689,6027.856219753435
10690,6385.350773915513
10691,5171.538542601898
10692,4154.9703248225105
10693,8102.968426973394
10694,5928.387667322364
10695,6310.62130727506
10696,4819.989688335362
10697,6262.191187347491
10698,5666.9184345720305
10699,5183.415436141217
10700,7243.834169027586
10701,6334.77120937717
10702,4815.2761261693395
10703,4801.6112842653965
10704,4423.286833227107
10705,6231.16295705727
10706,15496.940197479615
10707,4517.2304228632165
10708,6210.864051455956
10709,6728.992714054964
10710,4227.236623813339
10711,4758.9955943972445
10712,6061.645258085586
10713,4456.6842171651715
10714,7106.1863414587815
10715,6968.670056068026
10716,4547.007852365764
10717,6957.948497041768
10718,3701.2703475403373
10719,4674.929611072324
10720,6885.606037047858
10721,7328.533599125967
10722,8617.426059269574
10723,4767.341691900055
10724,5854.577610074427
10725,4700.225519077732
10726,6138.417224426235
10727,12914.087982483616
10728,8477.730806098814
10729,6282.985360372422
10730,4688.295649780606
10731,6460.985507850229
10732,4724.768677096573
10733,3821.195808871393
10734,6644.977347259792
10735,5118.221175843997
10736,5556.810811018664
10737,6766.059405566701
10738,6043.8399982604
10739,4684.917477227009
10740,5192.2348287852865
10741,6514.191911712491
10742,6092.851660397591
10743,4028.6697204547027
10744,4694.037310682799
10745,6749.401945970795
10746,7021.938866324141
10747,5845.822135072648
10748,7089.256698432674
10749,3668.7452845957214
10750,6962.419562875612
10751,4887.797319656099
10752,5088.144983962237
10753,5350.92276324985
10754,5945.342149964139
10755,4843.081336174262
10756,6644.427718805528
10757,5871.739384047618
10758,5811.6615536859035
10759,6169.516942384961
10760,5826.56531063028
10761,5938.223907897035
10762,5722.413480937438
10763,7135.844998073998
10764,6212.492843041227
10765,4058.5325842035686
10766,8732.371762466291
10767,4341.914959190282
10768,5129.1885435261
10769,6210.223439431595
10770,7953.221406303638
10771,8403.921165487085
10772,5290.08399116776
10773,5808.534964774077
10774,5418.978166297985
10775,6578.191526940928
10776,6618.708413324707
10777,6494.230874148435
10778,3719.2493485834593
10779,5798.7711031422195
10780,6333.178738085401
10781,5384.141208252048
10782,3685.4143600448974
10783,6891.444565366927
10784,6496.038554289086
10785,4864.570360841259
10786,6787.622225679619
10787,7048.325371261946
10788,8043.382083079793
10789,5220.954876597407
10790,4823.822614487095
10791,4957.602436488135
10792,6568.834538069598
10793,5611.655169040001
10794,4265.339606126039
10795,7617.0960684065385
10796,6520.057103492749
10797,6368.468002792824
10798,5296.330242185252
10799,4460.526469454864
10800,6682.951102388698
10801,4752.54517021651
10802,8146.94504040339
10803,5441.57374223306
10804,5308.63826811145
10805,7543.315374543671
10806,5381.512485457275
10807,5553.7599442693945
10808,6620.344679496204
10809,5104.3808080937015
10810,7355.910505858999
10811,8429.386657316247
10812,6534.319585103269
10813,5552.84454443993
10814,5555.316320994287
10815,3672.3429668264403
10816,3432.471257965113
10817,5996.910298314168
10818,5854.256352313011
10819,6365.918834561318
10820,5353.962367485616
10821,5384.080160342817
10822,4460.386411038514
10823,9151.695969957871
10824,5729.636870449201
10825,5616.558449104955
10826,6094.334447047017
10827,6056.486747749764
10828,6287.424092844872
10829,5775.577516829797
10830,6779.682079935862
10831,8710.8851031711
10832,6807.893236536556
10833,7047.579408378345
10834,6323.491456615878
10835,4261.942116446054
10836,5645.126966775228
10837,8211.305133917762
10838,6013.329356250634
10839,5091.72556062966
10840,13908.60831050889
10841,5134.557456409889
10842,5990.368368799498
10843,4798.203369408018
10844,7135.929904547107
10845,7947.065742181581
10846,6519.714655296161
10847,7160.3224779768625
10848,7382.510517190695
10849,5559.647245480499
10850,6535.1391516267595
10851,5347.146339530684
10852,4963.93114425334
10853,5589.37456714723
10854,4308.097273311675
10855,4679.686883158178
10856,7062.7931615984
10857,16431.217946977205
10858,6678.048126878019
10859,3990.951395356375
10860,5905.396825785655
10861,5140.279267387391
10862,6307.473958571088
10863,3274.015071556533
10864,6060.078135518403
10865,6875.901071387844
10866,5722.410145978993
10867,10106.362812856845
10868,10150.26279871166
10869,6634.350169323971
10870,4537.48078849355
10871,5097.981803661417
10872,5264.61361702869
10873,7008.451915228322
10874,7089.227959531159
10875,4836.013216305012
10876,5103.040842871974
10877,3774.4653340024515
10878,5625.816574057902
10879,5205.474939911311
10880,6115.857037186355
10881,4285.4221303959885
10882,6928.044087704643
10883,5040.485213391881
10884,5437.279374339522
10885,5258.048890418831
10886,4781.256805504466
10887,5667.9523206316435
10888,3827.971062784516
10889,8418.899574009956
10890,5459.047374078546
10891,4339.55734436646
10892,6413.889334887646
10893,5349.928376772869
10894,5317.293069017321
10895,4951.861402050987
10896,5528.79001690519
10897,7173.811864304512
10898,6823.8489241897105
10899,6564.612405778392
10900,4413.234192376176
10901,5091.097922744354
10902,6284.74057867646
10903,6173.289628749435
10904,5541.446400406009
10905,7057.231475361847
10906,9313.29689857318
10907,6630.856424380549
10908,4838.804155156971
10909,4312.57887820033
10910,5230.978360837083
10911,6987.853012248081
10912,5663.725468404021
10913,8803.098497095565
10914,5829.714619737883
10915,5632.392484625732
10916,4202.5140583432785
10917,3870.7123382216787
10918,5966.287987451072
10919,16944.225112263877
10920,3704.3514062595204
10921,5342.028984994361
10922,6618.201656049258
10923,6650.8389941976
10924,6042.5357787943985
10925,7424.302368635896
10926,5164.913503232662
10927,5329.284696006234
10928,4777.868474516613
10929,6409.6320485379965
10930,4562.669609546468
10931,6336.260392587816
10932,6012.635463297858
10933,4472.221439287816
10934,6674.961964654108
10935,6058.770139493491
10936,4464.498648430018
10937,7587.42754602613
10938,5604.343664236444
10939,4055.5678300617155
10940,7028.30026036103
10941,5769.534833979317
10942,5336.276116520266
10943,8407.547368416697
10944,6313.492787037851
10945,6524.394683660996
10946,4567.095100063852
10947,5092.840869401789
10948,4917.3762058025795
10949,3876.5073496880204
10950,6868.276453611957
10951,4148.180484568537
10952,5881.9457399171015
10953,3923.473921002913
10954,6348.526355727489
10955,4635.29802778676
10956,5238.303270477111
10957,5136.327847897705
10958,6433.34075957265
10959,5260.4995665689585
10960,7173.756404067147
10961,5818.703237499058
10962,6612.075247738995
10963,7314.9486241431005
10964,7515.939204705206
10965,4910.901754019183
10966,4823.330456910237
10967,6360.063570948239
10968,4852.570365551335
10969,7817.650035228014
10970,5936.135676323937
10971,7496.287246523676
10972,7342.835317121779
10973,7469.271508187469
10974,4141.427608654163
10975,7501.94822880788
10976,7038.424905242287
10977,6024.594528674028
10978,6495.312955980787
10979,7285.38037058447
10980,6222.818365598162
10981,5664.614910060769
10982,5139.332038681662
10983,5265.49100214656
10984,5215.803218423107
10985,6188.429294038651
10986,4568.846939602994
10987,5516.063191673821
10988,6468.728478356746
10989,5739.491921281546
10990,6636.884382878942
10991,6037.696908146209
10992,6904.404729434124
10993,5652.376250362809
10994,5500.87718302856
10995,5633.253104693004
10996,4641.620909219198
10997,5601.152514631625
10998,6004.205527470448
10999,6097.857046990035
11000,6009.632369678991
11001,5008.494591421763
11002,6374.529794905476
11003,6219.30088411307
11004,5943.417810881983
11005,4881.459854373486
11006,4504.379225442551
11007,5766.7264498518625
11008,6402.536190642944
11009,4579.8570166496265
11010,6415.846835315825
11011,6819.413585326577
11012,6218.602553522368
11013,5151.9099100017
11014,3654.9152124971824
11015,5908.633995057428
11016,6850.083241942815
11017,6031.672673664065
11018,6751.932306535481
11019,7403.447644161663
11020,4666.772948792418
11021,6464.375897933231
11022,4472.098886448225
11023,4375.761548900714
11024,6345.001343159316
11025,8114.862017597504
11026,5591.995454994307
11027,5926.515930582095
11028,4353.355714178302
11029,5351.573954410734
11030,8520.075870453631
11031,5433.590399180358
11032,6770.440567275638
11033,4518.315131986066
11034,5034.177995590488
11035,4143.67360884365
11036,5482.452325257015
11037,4530.934569819583
11038,4495.179427066632
11039,6296.081121868572
11040,3732.993321577329
11041,5322.871061043361
11042,6313.124565342109
11043,5333.591616859583
11044,5286.876093678541
11045,7005.258100361591
11046,5300.302603425029
11047,5645.928858970678
11048,7196.766730522571
11049,6807.901569723687
11050,6332.164445166992
11051,4418.494792538868
11052,7815.491599942037
11053,5870.912912919929
11054,5502.523791270148
11055,7740.008654451695
11056,7420.974948990282
11057,6975.036684108313
11058,6446.473838213822
11059,5964.008039942956
11060,6985.09760405581
11061,10180.227185793286
11062,4730.817635391564
11063,5015.220819749338
11064,5689.66648638926
11065,6931.8956818929755
11066,5818.623609344769
11067,7936.581656075577
11068,6106.306875301724
11069,5191.693864475497
11070,4310.124562936805
11071,6116.291529109376
11072,5575.160304356403
11073,4275.249758072474
11074,6253.359077630595
11075,4039.646908928502
11076,6491.063968593466
11077,6103.622429001786
11078,5587.733054531365
11079,7021.352796243634
11080,5045.829163329166
11081,5424.4523298665545
11082,6541.272465094226
11083,6379.409548835265
11084,7299.638109742424
11085,6224.824036228189
11086,6860.905307935107
11087,5481.586373726249
11088,4620.605995224181
11089,8210.070500024778
11090,4526.735400532376
11091,9076.684746187497
11092,6703.466428013352
11093,5538.304273814354
11094,6372.806722477401
11095,4729.992678396482
11096,5571.888953591703
11097,6203.960077031053
11098,4175.75952638713
11099,3835.781605453464
11100,6421.421549758101
11101,6111.897144844455
11102,8044.619516492349
11103,5974.5894994460305
11104,5613.226366807321
11105,5574.022911531523
11106,6834.376877739961
11107,4585.883369512711
11108,8769.736730202587
11109,6463.645096186393
11110,10450.066387971829
11111,5027.675013966342
11112,5086.722396824388
11113,10062.35911373481
11114,8320.146529093945
11115,4853.303948093595
11116,8495.826581906209
11117,5108.841822142767
11118,5542.500725461147
11119,4954.888890929472
11120,5227.340878274414
11121,4439.332846364378
11122,4811.338960407866
11123,4792.229189991067
11124,4532.930727986242
11125,7671.655070761462
11126,5901.1747442204105
11127,20681.179671333182
11128,6123.494940398666
11129,6268.005552773357
11130,7671.654657543595
11131,9931.963231259548
11132,7024.342263036108
11133,8361.498234673929
11134,6447.362777287687
11135,8461.474511063783
11136,8288.588689415767
11137,5542.184892820561
11138,6355.152154817069
11139,8379.399358487814
11140,8450.11515352153
11141,7440.54684841537
11142,7064.020703454814
11143,7695.017026643103
11144,6060.2219202266215
11145,8799.783580264444
11146,10151.803472967322
11147,11402.956645532548
11148,10917.718304418144
11149,8796.964907268582
11150,6938.852320322228
11151,7983.903302609916
11152,5480.494309163322
11153,9523.905024141995
11154,10768.81612949748
11155,9637.31508821032
11156,6464.253554107315
11157,6201.910394689165
11158,6548.0109617777125
11159,7622.339883229823
11160,10074.338402249157
11161,7200.760094687895
11162,6642.785493480308
11163,6286.384874655202
11164,9160.703048923031
11165,5643.968979255267
11166,8436.378574960647
11167,6232.677588820909
11168,7686.775659427692
11169,8043.482730538415
11170,7175.075624639644
11171,8000.206622752216
11172,7786.736664045884
11173,7071.218123722318
11174,7168.73682459503
11175,7797.989576435363
11176,11787.275198321915
11177,6906.245368189085
11178,9832.205845275457
11179,8593.321824299226
11180,8686.232287400431
11181,8582.315950985938
11182,9220.276123176087
11183,6104.070167349569
11184,8182.9978184597485
11185,7148.853859485863
11186,8090.138827280164
11187,10097.711147908329
11188,8162.613550587515
11189,6100.569150022774
11190,7477.199802546853
11191,6766.366525671378
11192,10704.069039125
11193,6296.311404486421
11194,11432.294650457181
11195,6035.421324876651
11196,6641.50424930729
11197,7767.932887870657
11198,6914.585421299103
11199,7159.662218987963
11200,7603.27408107149
11201,8263.962609086288
11202,8123.538832816983
11203,6985.552033772093
11204,7842.0794290312115
11205,8219.49299582811
11206,7409.8976722804655
11207,6698.292073457874
11208,7528.75764953109
11209,10215.445351278167
11210,8214.625460704623
11211,6665.4562341003775
11212,8161.5778320809595
11213,6789.877892601251
11214,8774.831853991162
11215,8217.154262500933
11216,6108.470215592514
11217,8841.637481272706
11218,8151.836526412085
11219,7265.579164867618
11220,7757.294380266195
11221,6317.911936143127
11222,7041.0641518839675
11223,6252.284951613442
11224,8336.218441324627
11225,7780.696522814606
11226,6171.456353128506
11227,6472.090761079047
11228,7772.567469273838
11229,7130.114595250091
11230,7507.917886809726
11231,7073.6509413891545
11232,6927.954858052002
11233,8003.227161342382
11234,6872.475279775339
11235,6409.488735255838
11236,7296.302222170112
11237,9333.757597195035
11238,7497.972644414206
11239,9060.585160596289
11240,9434.433063317623
11241,6954.356519107358
11242,9484.942351244586
11243,7225.221690471662
11244,7988.3458404704925
11245,9781.354659229779
11246,7151.047175079866
11247,10102.406839395708
11248,9044.635027940647
11249,8386.226381430211
11250,7567.708926129399
11251,9007.275879839339
11252,8595.882912975236
11253,6243.4756216938495
11254,5350.291609869436
11255,7788.864433497964
11256,8040.501454999008
11257,7104.490184159968
11258,6381.947274751915
11259,8715.841438870115
11260,7324.446531990799
11261,6709.505990792125
11262,7028.078615840072
11263,6763.6225096926
11264,8697.810907854082
11265,7789.5553962009535
11266,7082.474151273476
11267,6721.525648289439
11268,6969.990930087391
11269,8492.584052092736
11270,5923.71933139766
11271,7251.979223578431
11272,5902.786380572494
11273,8216.36589445471
11274,6484.786613113451
11275,6733.466605608841
11276,9522.262431732912
11277,6870.399874676594
11278,7689.083127716419
11279,11562.833956644206
11280,7440.715072964612
11281,7976.817246481236
11282,7318.9976534023945
11283,6479.870114387481
11284,8499.755502611542
11285,6507.218751768592
11286,8350.38791439784
11287,9995.040223490785
11288,7372.701714413361
11289,4927.618036050837
11290,6674.028352972197
11291,8642.383445307438
11292,8349.775303151324
11293,7235.0401852050945
11294,7475.963165268927
11295,6324.237338477687
11296,6582.459821930683
11297,6085.258746941509
11298,5971.003365151918
11299,7604.387571312055
11300,8302.616941937047
11301,7242.141141111586
11302,7230.431262000213
11303,8524.782738499656
11304,8930.342107526214
11305,8477.93531324721
11306,7256.904735702753
11307,8527.969291685633
11308,9698.840958101122
11309,6776.247827429112
11310,7935.513165354509
11311,7873.143824781401
11312,8167.522869093141
11313,6577.828449969283
11314,7040.001647015914
11315,6582.834302678131
11316,8975.426618030338
11317,7588.422958164503
11318,10151.165829227468
11319,9228.825330593048
11320,7854.557729298473
11321,7989.911079292481
11322,18639.84018263103
11323,12374.250710911452
11324,8706.081225409911
11325,4907.505010665924
11326,7730.791050837298
11327,10446.790936643412
11328,6041.395634460018
11329,13032.376216596773
11330,17902.587196304732
11331,7722.331770493373
11332,6595.90498591413
11333,8663.90627561213
11334,7061.206454652449
11335,10778.31760072333
11336,7089.051566069369
11337,8586.341228919335
11338,5455.4221919153715
11339,6690.354854503217
11340,7979.407692796931
11341,8379.829834980255
11342,9120.415122459362
11343,6856.432323667626
11344,8648.573601465143
11345,7042.355699959867
11346,6545.7677456384245
11347,7078.3579404977745
11348,7701.35756973333
11349,6436.339082691648
11350,7110.537876213319
11351,7229.396074909089
11352,6413.276980207291
11353,6265.561339146872
11354,6514.975779370799
11355,7201.651308935098
11356,8991.7268186258
11357,7732.110053564047
11358,8888.129052238726
11359,8176.449051844859
11360,6501.320943650059
11361,7554.708708221629
11362,7134.621347594047
11363,6796.438958742535
11364,6263.857867207855
11365,7204.170441858109
11366,7361.31262414909
11367,7961.419673478411
11368,8708.142458114713
11369,7408.437387383106
11370,5979.413142262666
11371,6731.005454093414
11372,8673.41042130332
11373,6771.849318893899
11374,7644.796947453716
11375,15095.664544043577
11376,8315.836323794269
11377,7601.496516543029
11378,6919.44416059192
11379,6440.711422515208
11380,7141.087904322593
11381,5931.306894148462
11382,7733.066159751293
11383,8885.705519728914
11384,7112.621129914266
11385,17471.649885465242
11386,11160.19378976527
11387,7481.707220408946
11388,7814.894874114179
11389,7035.0161525186395
11390,8339.999996013552
11391,7625.956901325785
11392,11469.92045811053
11393,8002.805519511605
11394,9109.79954502644
11395,7278.300114783743
11396,8330.371478230409
11397,7075.105228367184
11398,9079.809016126264
11399,7233.724417922365
11400,6966.151937249229
11401,7520.949963295274
11402,7328.560364296815
11403,10121.946469474491
11404,8923.675574520032
11405,7671.189816420514
11406,9107.911022099024
11407,8511.002672020959
11408,10831.073973879433
11409,6097.838982387238
11410,6592.771379710239
11411,8434.814675251682
11412,9657.601496641248
11413,8551.820352146979
11414,7614.654370317979
11415,8384.348842252191
11416,8387.393602249855
11417,7110.492427156891
11418,9463.835357366463
11419,8505.790299349175
11420,6956.396244037697
11421,13404.429885279207
11422,17629.974473782633
11423,8459.411887914835
11424,9251.107405642706
11425,10018.383656893966
11426,10173.808015969993
11427,10449.774421893679
11428,7656.035163072294
11429,8572.971466989382
11430,8224.542850736227
11431,8258.461244864899
11432,6450.540296640988
11433,8226.680149289776
11434,7130.316537327025
11435,6426.0647208552855
11436,6991.795749872802
11437,6282.477145891969
11438,6130.305462902195
11439,7534.702159368368
11440,5780.308803218996
11441,5831.570182554089
11442,7294.255482464261
11443,7937.954266127083
11444,9502.885294619791
11445,9036.357555198305
11446,9072.495571275196
11447,8062.5680926376
11448,8415.225444188016
11449,9529.106197498711
11450,8263.974833412005
11451,6287.1609571707595
11452,7410.1693438299235
11453,9735.81134496962
11454,7255.283437574632
11455,7671.154081174802
11456,6725.128263292653
11457,6822.058932307483
11458,10012.092551320118
11459,6681.262593497249
11460,8348.657908767866
11461,9171.0149191419
11462,9904.109154979444
11463,9974.724255482008
11464,7465.507605026835
11465,9106.354997234483
11466,6059.033216461943
11467,6766.100788089735
11468,7276.405769024877
11469,6335.5148214778865
11470,7996.1445405026225
11471,6343.8857382198885
11472,8674.401651506876
11473,9009.993877520948
11474,9813.939514069905
11475,8711.182272830647
11476,6549.361717561602
11477,7544.886784414589
11478,8628.176540393248
11479,8597.640003998096
11480,9318.67207995254
11481,7758.048843794722
11482,7720.079867919825
11483,8939.380017178815
11484,7675.9992896034255
11485,7659.639478727074
11486,8818.318835511454
11487,8993.560298261187
11488,13726.427910646118
11489,8661.108569070197
11490,13399.081808045024
11491,7250.176038309323
11492,8270.300623353145
11493,5603.056107923583
11494,7754.032310130331
11495,7416.660111695975
11496,7260.213554846338
11497,8648.105843298059
11498,7576.78439460201
11499,5710.791916278316
11500,7696.425128106648
11501,7644.627922729785
11502,7465.102334734148
11503,7757.303752200359
11504,7718.725190363928
11505,8361.780034644771
11506,7109.390581120501
11507,8986.35044921186
11508,6444.353367708774
11509,7153.275710954287
11510,7669.088061688715
11511,8931.216800119204
11512,11036.476410700576
11513,8568.391758038091
11514,5998.0930333437445
11515,6964.529522966912
11516,8290.931649333712
11517,7922.2663921739595
11518,6952.207533158305
11519,8675.61844193902
11520,7028.060786904634
11521,6997.731091014618
11522,7618.2376643905
11523,8832.769162022307
11524,7420.001318400732
11525,7684.739410590017
11526,7582.633541128301
11527,7448.4309181343315
11528,6673.517937507876
11529,6872.471073125675
11530,8879.206624761075
11531,9273.93770894501
11532,9996.84728100363
11533,12692.018880104997
11534,9040.21352196136
11535,7394.147068296598
11536,7826.865602043105
11537,10303.37335289298
11538,9511.318655092098
11539,7497.321448491904
11540,7873.226415840294
11541,9335.279628402528
11542,6744.10565060088
11543,6224.646492769056
11544,9223.09213465227
11545,7454.7836410868595
11546,8677.375490258817
11547,6846.364254206077
11548,5601.0464802357865
11549,11045.213309734334
11550,7200.1047860628305
11551,7970.179473793828
11552,7334.8019596909335
11553,8045.731601130763
11554,7963.009786886539
11555,7374.089666017379
11556,7864.949408655609
11557,7973.214567707506
11558,5866.818750146508
11559,6290.595467857878
11560,6433.573933758437
11561,7861.509821632352
11562,19609.881250787435
11563,6074.897731377073
11564,7623.317984234549
11565,8602.638617201903
11566,6075.191636905981
11567,6000.0515074642535
11568,7375.801276088724
11569,6004.578717010401
11570,7779.717457770659
11571,8562.184743006164
11572,6051.679231298084
11573,8389.711165486224
11574,5636.718705169811
11575,6649.27776208098
11576,8267.578827670564
11577,8820.160950571742
11578,10090.614663723998
11579,6936.975755770788
11580,7441.068531080317
11581,5765.19180881957
11582,7863.359647084073
11583,13130.986029523703
11584,10032.85209462788
11585,8113.504909442527
11586,6357.290072135109
11587,7832.1656392194345
11588,6599.573412784202
11589,5949.8677167674805
11590,9198.541807103327
11591,7829.4420677353255
11592,6682.806721964256
11593,8630.252661488927
11594,7136.832574325717
11595,6538.929517310786
11596,6892.272120158601
11597,7778.245940678591
11598,7286.612870730449
11599,6133.687499551779
11600,6663.597702077272
11601,8047.099945362289
11602,8443.250500278675
11603,7825.706903795291
11604,8652.54905782305
11605,5732.6852056583875
11606,8256.954733997582
11607,6152.185602535213
11608,7602.957255317809
11609,7203.395056901316
11610,8536.802290372962
11611,6584.958798571743
11612,8273.957900593143
11613,8181.2339077291745
11614,7005.3607280193755
11615,7520.160111977726
11616,7303.950728166977
11617,7158.329235991649
11618,6748.019335756386
11619,8382.07322224334
11620,7576.50210986837
11621,6555.22209109687
11622,10413.582883513294
11623,6415.8523788371
11624,6750.994028287242
11625,7712.471821153471
11626,8858.215631372403
11627,10400.73649923707
11628,6832.737345374826
11629,8399.995105182898
11630,6577.611293739949
11631,8129.353614807953
11632,7982.85539915067
11633,8117.536933580564
11634,4683.66488458292
11635,8201.434186206023
11636,8015.482169877172
11637,6646.966935058857
11638,5667.4305452997905
11639,8447.837992790719
11640,7951.67322931718
11641,7470.3153239194635
11642,8864.091634673783
11643,8318.841534017774
11644,9904.669945382291
11645,7046.22657624564
11646,6608.927532020592
11647,7192.041534023491
11648,8771.055926613706
11649,7882.734019041391
11650,6090.454643773344
11651,9245.640971531684
11652,7698.201225740025
11653,7516.83732754093
11654,6495.066777377565
11655,6096.893827656263
11656,8000.093556922076
11657,6491.510466213459
11658,9931.587942458656
11659,7370.725537762942
11660,6877.918985812285
11661,8979.558973675044
11662,7403.5250500584725
11663,6908.138997834845
11664,8128.476793373537
11665,6850.874780149477
11666,9345.858970888608
11667,9917.746944602995
11668,8092.018859474481
11669,7502.505356972335
11670,6774.266414556245
11671,5890.35994647944
11672,5189.455278241208
11673,8010.930069866061
11674,6901.463538869768
11675,9276.149641541517
11676,6623.998133991103
11677,7725.073850351209
11678,6537.120045630895
11679,11781.259887621049
11680,7099.72485872603
11681,6797.766371718685
11682,7824.609103757361
11683,7621.660582589711
11684,7656.738822891263
11685,8676.711568179582
11686,8202.143216849454
11687,10112.324024133986
11688,8090.314205639651
11689,8764.983274359089
11690,8192.825805555696
11691,6340.684418212879
11692,6607.868806956169
11693,10085.678314408933
11694,9629.515135482916
11695,7454.07112837473
11696,16738.86688826994
11697,7389.024252026762
11698,7535.15441599028
11699,6581.830681059585
11700,8839.930599160803
11701,9350.893522594704
11702,7731.863973522728
11703,8877.726343957604
11704,9099.91438317144
11705,6718.280372922463
11706,7826.265044411011
11707,6632.100505270419
11708,6650.33623790248
11709,6867.933360409185
11710,6366.998457099969
11711,6391.019689071314
11712,8421.92077997237
11713,17087.892185609137
11714,8368.525540414026
11715,6868.634135978688
11716,7958.963582994894
11717,6518.8391160283945
11718,8016.9623059755195
11719,5516.972314312186
11720,10033.359734875707
11721,8475.386175711963
11722,8300.416723484952
11723,12087.310521084286
11724,11263.825495024605
11725,8655.96736436505
11726,7609.730067798684
11727,6921.101560759161
11728,6873.476728372291
11729,8706.85239950487
11730,8516.868022851468
11731,6211.654762085667
11732,6431.020907640926
11733,5434.523288954636
11734,7245.361340651711
11735,6904.916517793607
11736,7795.638115484335
11737,6333.100744147303
11738,8761.718359175607
11739,7417.480493967134
11740,7645.574283601501
11741,6798.710748372216
11742,6173.462316083955
11743,8259.412461040469
11744,5484.197399337964
11745,9942.788718717984
11746,6732.048900756832
11747,5724.671892140289
11748,8109.294039274331
11749,6731.93616609219
11750,6886.400233974127
11751,6627.686592353916
11752,7106.519649625157
11753,9041.169390029774
11754,9397.797575187922
11755,8220.572528968372
11756,5600.927847619005
11757,7066.383473690427
11758,7342.6017703440975
11759,7850.321088112173
11760,6835.353996210043
11761,8746.99632529026
11762,10516.98029587235
11763,7843.956408700534
11764,7717.1690060240335
11765,7333.7273924817555
11766,6629.12733197539
11767,9803.751632148718
11768,7049.211627441899
11769,11510.962955047475
11770,6972.11954221913
11771,7046.875585119123
11772,6297.387983271246
11773,6793.860602364427
11774,7886.766528956398
11775,17255.96489799601
11776,5499.915195576479
11777,6676.108518153226
11778,9704.50527902615
11779,8832.204382717873
11780,7576.079229941694
11781,9102.458166903494
11782,6548.909090062374
11783,6705.3380385274095
11784,6001.859464941256
11785,8521.956929370945
11786,6319.749425047609
11787,8233.881961715064
11788,7166.28270462858
11789,6187.004597713063
11790,8331.476911186572
11791,7748.404754924813
11792,5976.57902847715
11793,9288.459143348153
11794,8987.67605910434
11795,5664.408495973038
11796,8828.248220733813
11797,6871.126643143476
11798,6970.5145311186125
11799,9787.671242549737
11800,7928.639796910749
11801,7960.258991941644
11802,6378.347639813718
11803,6291.854706954929
11804,7826.74707678999
11805,5069.816515673542
11806,8710.449990532241
11807,5968.51765911871
11808,6700.452404312639
11809,6081.847078387859
11810,7963.673365600395
11811,6609.872382662528
11812,8040.7483274748965
11813,7163.94610353171
11814,7755.056037454432
11815,7195.793197224947
11816,8572.564238313715
11817,7342.728753040059
11818,9231.973696804296
11819,9090.147192929571
11820,9666.27838250634
11821,6468.097690924154
11822,6856.41724240917
11823,8549.82153495544
11824,6210.343926085297
11825,9432.797045100906
11826,7469.4616338575215
11827,9083.853474345195
11828,9559.7066917222
11829,8937.710754319745
11830,5884.022974585004
11831,9233.759367071054
11832,10120.217383920055
11833,7781.11133294862
11834,7632.220295316441
11835,9203.078686071509
11836,7732.533711771637
11837,7566.54125310945
11838,7547.9711193475805
11839,6873.617222903503
11840,6742.720148526655
11841,7616.337650564285
11842,6728.87228364327
11843,6776.204320722043
11844,8005.844556257449
11845,7358.396897711736
11846,8198.716988960687
11847,8416.435381216554
11848,8083.473482745354
11849,7776.348705990338
11850,8503.019033645767
11851,7848.758570110747
11852,7402.519185096569
11853,7131.333837241365
11854,7290.256916955283
11855,8259.400105427227
11856,7352.393307281478
11857,6535.411521525311
11858,7793.727111149566
11859,8180.051238682441
11860,7376.431496094219
11861,7459.46643187945
11862,6160.605561995999
11863,7103.998378789792
11864,8187.778662563071
11865,6986.791025359879
11866,7975.701271847282
11867,8453.527790073276
11868,6558.672306410257
11869,6679.387838240981
11870,5523.258346749898
11871,7035.252280306192
11872,8627.142684430732
11873,7345.5177293036995
11874,8398.485631423568
11875,9165.20358422969
11876,6811.503168361959
11877,8331.795118347805
11878,6781.503508259865
11879,5902.678479004262
11880,8057.140263927083
11881,10473.24417752787
11882,7970.758150495456
11883,8073.505769110316
11884,6275.70618959154
11885,7828.121255559976
11886,9731.81598477645
11887,6781.193578824844
11888,8419.121910001402
11889,6242.187465162671
11890,5691.853603024548
11891,6182.542295398123
11892,7024.342324031032
11893,6840.961900998468
11894,6218.394857087044
11895,7715.278438112662
11896,5895.30180568471
11897,7523.1238225964
11898,8243.747547196468
11899,6746.780565923165
11900,7556.702920422429
11901,8658.206789719745
11902,6909.869140513174
11903,7134.286843125153
11904,8612.768366831042
11905,8458.41165458004
11906,7917.452604974506
11907,6142.367125715473
11908,13168.412417331978
11909,7190.450230612648
11910,7107.536162971178
11911,9251.855219974623
11912,8516.959714172188
11913,8810.735660015771
11914,8153.188108934574
11915,7592.239278518522
11916,8870.935874117056
11917,14208.065924211049
11918,6465.483639504926
11919,6432.750742798188
11920,7157.078099400721
11921,8659.011824560062
11922,7546.00060050035
11923,9175.145115733989
11924,8028.296375524437
11925,6404.84899072095
11926,6159.181166426516
11927,7429.014598327213
11928,8932.718841213826
11929,6124.306361562185
11930,7936.627020447021
11931,5395.404617314066
11932,7575.533499262793
11933,7910.462444094191
11934,7735.964378122668
11935,8663.177439920963
11936,7552.290721074269
11937,6843.649646110644
11938,8436.320600549925
11939,8425.83102266825
11940,8579.261302277328
11941,8083.706074179826
11942,8501.448028001669
11943,7292.244675050567
11944,7320.569482082963
11945,10004.434093276834
11946,6188.137463034764
11947,9871.74019952547
11948,8425.602507950078
11949,6957.501590058444
11950,9031.668190108396
11951,6516.873433685648
11952,7720.120277183005
11953,8088.903034523321
11954,5113.568057265027
11955,5979.573169342321
11956,7840.921189932085
11957,9182.792783289859
11958,8978.055989319053
11959,7202.9679092086535
11960,7268.631259721881
11961,7436.193631281023
11962,8602.346200106354
11963,7278.995614695503
11964,10850.893964766537
11965,8913.053590730542
11966,10792.609360164539
11967,6080.743619335344
11968,6762.777460789411
11969,10587.63089767806
11970,10137.414287336494
11971,6520.058343239268
11972,10436.4638333025
11973,6482.860162137836
11974,6964.952133517674
11975,6303.580793702532
11976,7023.282558652519
11977,6603.243730791204
11978,5995.079738897708
11979,5916.556472344762
11980,6138.750614433027
11981,10411.896489007535
11982,8278.946119505254
11983,21615.056263776893
11984,7330.490609676584
11985,5934.910910721619
11986,7639.771072660324
11987,10115.242829707247
11988,7028.855183005479
11989,8516.81806525596
11990,6426.934813822923
11991,8831.262792299209
11992,8658.376970651188
11993,5637.590338543435
11994,6370.5222617782365
11995,8284.169688659147
11996,8685.378629746503
11997,7605.431534461975
11998,7249.331239370491
11999,7464.175941724756
12000,6168.652280311417
12001,8755.898062491897
12002,10533.416030156182
12003,11167.839036451409
12004,10920.667152691492
12005,8545.296758097682
12006,6941.801168595586
12007,7565.319508453874
12008,5340.810387018557
12009,9679.22485472403
12010,10760.744846473104
12011,10134.441732091274
12012,6494.299656898183
12013,5969.861568213649
12014,6315.962135302197
12015,7506.361941680372
12016,10478.40479300648
12017,7135.260263161052
12018,6332.68857410269
12019,6007.589201782704
12020,9028.050048363582
12021,5501.055774438389
12022,8187.599304394837
12023,5919.047145383172
12024,7671.428446633136
12025,7894.977422772584
12026,7085.761446593788
12027,8012.332065226572
12028,7771.389451251327
12029,7078.324744496227
12030,7025.823619778152
12031,7862.728954159386
12032,11584.476051320256
12033,6822.000902226459
12034,9816.631003104114
12035,8679.667394114342
12036,9087.385174305406
12037,8276.639793907781
12038,9367.262785592675
12039,6076.898678601563
12040,8040.084613642865
12041,7040.218764190899
12042,7753.093756166339
12043,9926.801470550286
12044,8266.259129602438
12045,6092.260728283887
12046,7351.540443618808
12047,6881.81532613084
12048,10736.219719401757
12049,6319.737212159393
12050,11714.904101146556
12051,6092.087981734399
12052,6756.95304976675
12053,7838.753412546229
12054,6707.4514241074885
12055,7051.429749565165
12056,7635.424761348252
12057,8039.896176655379
12058,7875.5895842292375
12059,6741.260769477795
12060,7679.057290121725
12061,7935.646605111565
12062,7419.864960928489
12063,6825.565149870784
12064,7565.300064684746
12065,10122.299658737233
12066,8238.051268377583
12067,6525.026639965984
12068,8041.195951706433
12069,6656.356293262307
12070,8597.378061405283
12071,8096.772382126421
12072,5961.832008772884
12073,8544.505697691244
12074,8018.314927073148
12075,7094.953764547612
12076,7616.8647861317995
12077,5954.462606947342
12078,6768.45611618601
12079,6158.56880183204
12080,8154.354685986029
12081,8551.101588562351
12082,6146.310134365571
12083,6331.708851549266
12084,7814.4867647920355
12085,6879.494787450635
12086,7686.03159526199
12087,7251.76464984142
12088,7106.068566504267
12089,8181.340869794644
12090,6762.630593230245
12091,6471.860727639231
12092,7144.064689179718
12093,9528.122250238339
12094,7710.364462388386
12095,8831.716405443343
12096,9203.335501508574
12097,6770.614511306665
12098,9194.409541836667
12099,7287.593682855055
12100,8061.112108146319
12101,9636.815336848578
12102,6967.3051672791735
12103,10151.662224298407
12104,8868.908936289703
12105,8302.860564350014
12106,7447.982820022218
12107,9056.531264742038
12108,8475.501032600712
12109,6421.589330146116
12110,5515.288710841015
12111,7861.496630138786
12112,8207.757976459468
12113,6999.931825173018
12114,6467.000730080553
12115,8765.09682377282
12116,7490.1389817552545
12117,6899.443975197841
12118,6789.220100192621
12119,6812.877894595305
12120,8794.461009759383
12121,7563.512083443767
12122,7272.412135679192
12123,6719.537876019567
12124,7137.247451547859
12125,8133.546819321856
12126,6136.11114937184
12127,7369.913070258968
12128,5912.887935860283
12129,8097.333251154337
12130,6662.900321565716
12131,6911.580314061106
12132,9331.225101296954
12133,7060.110229705528
12134,7458.755539988951
12135,11635.46615328503
12136,7200.595734496275
12137,7847.623240910202
12138,7381.369645785787
12139,6175.432021020441
12140,8115.119533446645
12141,6697.156736174307
12142,8469.719479248388
12143,10069.23649182762
12144,7469.579445695447
12145,4800.971615468967
12146,6674.50854927529
12147,8100.42070993209
12148,8149.970529935549
12149,7311.220741252707
12150,7426.769096547665
12151,6057.059738495113
12152,6761.001794211546
12153,6147.630739324902
12154,6033.37535753531
12155,7362.784838746912
12156,8073.869160978512
12157,7431.85149614052
12158,7292.803254383605
12159,8312.555777001347
12160,8645.438176502405
12161,8108.311642275458
12162,7233.575562660628
12163,8683.40153719265
12164,9659.084040011907
12165,6966.185811834827
12166,8054.844730205061
12167,7695.242722795652
12168,8037.825910616943
12169,6379.750369086253
12170,7252.393464990094
12171,6370.395472982991
12172,9130.858863537354
12173,7316.489378534784
12174,10025.378244912268
12175,9348.156895443599
12176,7555.212794694047
12177,7557.73961134059
12178,18736.49028453633
12179,12072.020475663065
12180,8778.713422050734
12181,4821.522206344431
12182,7394.126367886522
12183,10519.423133284234
12184,6171.750692255491
12185,13110.422523915404
12186,17560.55645349346
12187,7900.4454789456395
12188,6785.842970319845
12189,8079.249328512489
12190,7135.40272298929
12191,10850.949797364154
12192,7259.2255035598755
12193,8660.537497256175
12194,5461.1175486171305
12195,6720.702338930999
12196,7791.660719565773
12197,8454.026103317086
12198,8600.379852125889
12199,6621.470373454367
12200,8278.949930493383
12201,7220.469408412132
12202,6520.360291313595
12203,7233.790186004794
12204,7258.138710318489
12205,6495.592469136509
12206,6927.274303399774
12207,7274.773122704998
12208,6555.592618233624
12209,6431.253788911328
12210,6704.913763776514
12211,7357.083554442118
12212,8827.443856895425
12213,7432.765118959621
12214,9053.821502003177
12215,8250.645320181684
12216,6438.5416681659735
12217,7627.474975897456
12218,7196.993339977439
12219,6658.115566822069
12220,6453.79585161357
12221,7289.223897186747
12222,7161.5078509333125
12223,8046.473128807048
12224,8864.00296745033
12225,7249.380086466146
12226,6051.349990110618
12227,6786.469451681357
12228,8505.110122897837
12229,6701.98793574351
12230,7764.128512304269
12231,15168.2967406844
12232,8107.091835050238
12233,7720.828081393585
12234,6687.152291513478
12235,6489.966807417914
12236,7226.141359651231
12237,6050.638458999015
12238,7911.608132032156
12239,8934.960904631609
12240,6811.405744897412
12241,17508.116244772657
12242,11325.88623952972
12243,7230.6256939362775
12244,7993.008582566444
12245,7213.129860970906
12246,8414.196264350383
12247,7698.589097966614
12248,11173.136484405442
12249,7648.425445334016
12250,9229.13110987699
12251,7443.992564548199
12252,8404.56774656724
12253,6824.023701894515
12254,9249.982953616765
12255,7122.468432028967
12256,7063.029668531318
12257,7224.716115285692
12258,7299.876337069047
12259,9736.705320447783
12260,9093.917970216424
12261,7456.056225890507
12262,9253.212534361277
12263,8330.831669432051
12264,10867.136396761129
12265,6383.823094152512
12266,6499.518007168927
12267,8217.660456940352
12268,9388.805466687072
12269,8290.683555953647
12270,7308.089414656525
12271,8321.56956676811
12272,8094.515386200919
12273,6914.074167628159
12274,9566.852732049229
12275,8598.547469774507
12276,6664.645796445728
12277,13706.712580230533
12278,17850.070006853504
12279,8336.11659319283
12280,8893.445347791263
12281,10018.341419329776
12282,10453.409247976073
12283,10620.01681759007
12284,7805.751905964792
12285,8786.911749677845
12286,7853.314084154969
12287,8159.2045585626465
12288,6412.264474787695
12289,8307.613615412754
12290,7135.383305985221
12291,6644.7091122868305
12292,7094.698425235472
12293,6373.059647588235
12294,6127.827711474833
12295,7325.95767062433
12296,5998.953194650541
12297,5951.03017737896
12298,7305.816859334634
12299,7764.226058867526
12300,9372.52191044949
12301,8875.701301864528
12302,9227.930121329653
12303,7833.820311679066
12304,8178.901864268719
12305,9632.008872861377
12306,8331.755015979033
12307,6284.683205743398
12308,7386.7281769578785
12309,8978.046871530018
12310,7217.007615721343
12311,7621.206495746803
12312,6816.739971159867
12313,6902.992398430471
12314,10186.086270566728
12315,6611.401210346859
12316,8142.1169494632295
12317,8994.339768825264
12318,9644.629600538483
12319,10227.95538144606
12320,7549.678009640607
12321,9192.343755469394
12322,6033.874002089336
12323,6797.176403059861
12324,7153.547939439865
12325,6281.708338736391
12326,8077.078006625611
12327,6471.518572552601
12328,8649.24243713426
12329,9084.077332342682
12330,9987.933233316515
12331,8697.81960742624
12332,6626.827611777181
12333,7542.409032987228
12334,8712.346945007013
12335,8360.867534881363
12336,9399.605546075521
12337,7561.6305842659895
12338,7323.777981430577
12339,9020.313483301796
12340,7613.22001411934
12341,7733.722933548812
12342,8697.079193157171
12343,8955.284476407885
12344,13873.068164352479
12345,8197.164048053233
12346,13480.015274168007
12347,7116.512607626168
12348,7806.356102336198
12349,5683.989574046572
12350,7834.96577625332
12351,7155.69103055411
12352,7066.330473326141
12353,8746.661101969672
12354,7476.2533113761165
12355,5708.3141648509545
12356,7544.779824725298
12357,7606.352100876496
12358,7667.186064085131
12359,7629.525057060745
12360,7894.806113642543
12361,8045.243136199586
12362,6911.312500237473
12363,9139.749909545224
12364,6620.434290987389
12365,7164.971979247353
12366,7418.006535216046
12367,9084.616260452567
12368,11225.710617535146
12369,8521.843639855313
12370,6234.026608388042
12371,7047.5501931219
12372,8411.351137685911
12373,8005.287062328946
12374,7165.687274634139
12375,8773.356467345975
12376,7088.399994114377
12377,7071.854868263378
12378,7633.091619788307
12379,8560.741585909307
12380,7642.081259252537
12381,7863.247576708741
12382,7517.159822148816
12383,7221.2414983166
12384,6793.937425860083
12385,6684.719771215262
12386,8662.33888648382
12387,9352.943463603066
12388,10005.995269775327
12389,12788.326904850937
12390,9017.276381962985
12391,7368.99933445043
12392,7895.784406909136
12393,10363.712560102715
12394,9702.116933622683
12395,7577.907416200143
12396,7920.449015569351
12397,9455.699116754724
12398,6946.189379951863
12399,6284.985699978798
12400,9607.305464273151
12401,7552.267094320923
12402,8763.71750354092
12403,7035.077811801199
12404,5358.875436281672
12405,11309.179790343056
12406,6909.256187662567
12407,7683.186984645826
12408,7290.6668913978965
12409,7743.824020251054
12410,7918.874718593495
12411,7765.087834298132
12412,7258.374610983396
12413,7812.255185758539
12414,6121.859529918729
12415,6282.295146066047
12416,6376.322257984715
12417,7825.307911346057
12418,19695.892502675404
12419,6079.44693210165
12420,7230.876713898166
12421,8594.338295410065
12422,6040.621424077504
12423,5978.420382313229
12424,7131.980392306458
12425,5996.27839521857
12426,7272.297061152668
12427,8285.778161982202
12428,6123.285879073921
12429,8425.02052071701
12430,5708.325352945648
12431,6627.824156733191
12432,8022.564682513576
12433,8618.56320974037
12434,10152.952889521126
12435,7093.938306387562
12436,7596.46701000108
12437,5827.496870856143
12438,7900.552262094858
12439,13193.324255320831
12440,9618.452616600638
12441,7893.117511216923
12442,6559.387919265593
12443,7592.567683349498
12444,6728.702000668318
12445,5963.254588582724
12446,9256.577302637883
12447,7984.840546656089
12448,6396.563550691284
12449,8355.766047903486
12450,6883.547878843265
12451,6668.058105194902
12452,7094.369967289086
12453,7777.793289714419
12454,7137.482821879145
12455,6186.193784920077
12456,6843.241715639293
12457,7814.187728486446
12458,8552.239397357014
12459,7861.775238555779
12460,8600.601450064165
12461,5874.93040102319
12462,7973.000338439633
12463,6340.429815473204
12464,7629.460734613737
12465,7421.744475409663
12466,8600.704587866105
12467,6634.143740812918
12468,8253.891773542658
12469,8207.73738702509
12470,6642.279643844993
12471,7206.624225137653
12472,7317.33759998222
12473,7001.129333610573
12474,6610.230494084757
12475,8309.594705644105
12476,7443.679586367226
12477,6619.124388590017
12478,10515.71836949915
12479,6491.040127150642
12480,6415.200817997713
12481,7774.810046950605
12482,8468.543235119374
12483,10556.134978157826
12484,6978.303883866751
12485,8463.89740267604
12486,6719.856489104752
12487,8191.69184060508
12488,7681.1301860456415
12489,7877.3866553016305
12490,4871.862278196975
12491,7959.3077672487325
12492,7840.400370462862
12493,7006.944011775991
12494,5809.675740664593
12495,8266.294670637863
12496,8105.68699713259
12497,7627.277874536237
12498,9019.49011359454
12499,8031.744166119281
12500,9621.14398785148
12501,6803.268659735804
12502,6770.369396444606
12503,7353.483398447504
12504,8605.83262908916
12505,7937.999022861091
12506,6158.836255073731
12507,9260.752984767882
12508,7513.791260594097
12509,7260.356900906015
12510,6313.0102863634065
12511,6265.141829093435
12512,8023.767982364893
12513,6566.698214527002
12514,9792.37896227528
12515,7328.800697240241
12516,6940.25721160942
12517,8694.495209578157
12518,7465.863275855607
12519,6976.219958605025
12520,8330.574640504019
12521,6959.912374156335
12522,9432.215101950214
12523,9525.93861137776
12524,8247.417338395237
12525,7663.94722139635
12526,6815.909558745336
12527,6070.003960041461
12528,5251.793504038344
12529,8229.2794883744
12530,6685.6679224200925
12531,9325.057436503908
12532,6557.815696730576
12533,7516.295759190708
12534,6716.764059192917
12535,11843.598113418175
12536,6894.159852628488
12537,6618.7950133612585
12538,7712.749627146906
12539,7806.894351021493
12540,7364.428917472169
12541,8752.049333802024
12542,8257.408220669156
12543,10174.662249931114
12544,7916.8343283121785
12545,8575.7067636964
12546,7993.883054935679
12547,6495.7690737795865
12548,6506.759015413524
12549,10330.78017928084
12550,9704.852901105356
12551,7512.106623909289
12552,16564.17331182901
12553,7451.362477823896
12554,7623.893453897872
12555,6644.168906856718
12556,8722.650258004916
12557,9263.246456094921
12558,7682.015495454597
12559,8753.723496196872
12560,9011.673541605665
12561,6879.722237346477
12562,7749.040141896516
12563,6410.528742431198
12564,6798.661494845808
12565,6683.711653958101
12566,6419.504742468266
12567,6459.401300371701
12568,8440.83010775369
12569,17150.230411406264
12570,8510.493588500045
12571,7026.172042973913
12572,8021.301808792028
12573,6439.201614260074
12574,7675.246345945587
12575,5649.898870054278
12576,10166.28629061779
12577,8166.0353867343565
12578,8364.319020978095
12579,12271.05923182042
12580,11124.059323145682
12581,8718.305590162177
12582,7767.267974793907
12583,6588.20694817694
12584,7028.875207293053
12585,8759.358684873161
12586,8388.981109556185
12587,6076.095590748687
12588,6290.148609896711
12589,5636.621136085121
12590,7083.091710010308
12591,7016.120221699848
12592,7644.403415853783
12593,6507.165218929414
12594,8532.377226057695
12595,7498.4847156256155
12596,7458.538006125054
12597,6538.897825274892
12598,6122.272521358116
12599,8340.416682698948
12600,5662.741187927313
12601,10143.639353619452
12602,6569.261981656553
12603,5474.545879795851
12604,8194.777574740048
12605,6739.748951675111
12606,6750.543845016674
12607,6528.916115425477
12608,7109.287420005385
12609,9346.99952288183
12610,9478.801796846397
12611,8024.797183212292
12612,5704.385902845952
12613,7222.452045440747
12614,7561.8015416399185
12615,7655.509409554716
12616,6938.387175697806
12617,8787.628000342218
12618,10695.524084461693
12619,7970.095926872727
12620,7816.697487199279
12621,7433.255873657001
12622,6848.32710327121
12623,9884.755853807193
12624,6927.145884759756
12625,11762.700764851008
12626,6856.05282308062
12627,6871.646081645518
12628,6369.754911256282
12629,6855.20971440653
12630,7949.77484758309
12631,16315.505622204346
12632,5585.398731042201
12633,6426.474746381587
12634,9808.19096362987
12635,8687.78656282769
12636,7795.279001237514
12637,8911.994470920848
12638,6372.974937319942
12639,6641.767718766079
12640,5892.206409285846
12641,8696.021404153054
12642,6485.176606156272
12643,8283.77367286107
12644,7170.932376015901
12645,6352.431778821726
12646,8257.925575290168
12647,7556.466685530624
12648,5772.232252961558
12649,9360.826071333182
12650,9047.806296284882
12651,5809.981372973556
12652,8652.647375309482
12653,6855.169905905051
12654,6789.90773727998
12655,9206.95161069612
12656,7731.1702849486755
12657,8162.739423026494
12658,6411.052244502915
12659,6217.717917917103
12660,7884.782572324551
12661,5004.038337793558
12662,8867.32735885753
12663,6014.986897492348
12664,6872.827629827135
12665,6098.767877945034
12666,7790.886400805323
12667,6680.359526300645
12668,8088.7816375445445
12669,7055.244585367965
12670,7595.632393164407
12671,7375.352028495494
12672,8773.054926954428
12673,7498.042049669345
12674,9278.442935177929
12675,9378.79021932482
12676,9712.747620879973
12677,6196.241743991537
12678,7151.957926617649
12679,8566.74233451261
12680,6396.572785792287
12681,9349.345850485144
12682,7306.641200945268
12683,9130.322712718826
12684,9699.236183219462
12685,8999.963797825398
12686,6029.595851585522
12687,9486.654326128932
12688,10219.745865095298
12689,7597.268129591261
12690,7811.5514972102055
12691,9098.774406906798
12692,7662.814924127098
12693,7613.010491483091
12694,7596.004429417231
12695,6994.726668109162
12696,6888.293025527173
12697,7451.645554501986
12698,6799.587056658168
12699,6819.425981508885
12700,7897.099590519707
12701,7444.667846481873
12702,8234.374152600316
12703,8464.468691286202
12704,8145.726526251006
12705,7828.861329867228
12706,8675.764469082887
12707,7935.257148257665
12708,7462.6494222771125
12709,7201.820980879481
12710,7280.853165502217
12711,8276.320904984397
12712,7245.474781511884
12713,6680.984398525829
12714,7697.16981686371
12715,7971.214071180933
12716,7618.96869265265
12717,7507.499741949103
12718,6306.178438996517
12719,7290.227238496781
12720,8249.923497589252
12721,7127.884588553157
12722,8049.700489150843
12723,8370.076595457514
12724,6651.840912993619
12725,6976.910489471707
12726,5575.770970626789
12727,7072.537112067065
12728,8321.186297690232
12729,7314.949103366272
12730,8645.337204978194
12731,9320.516880858971
12732,6812.321608132673
12733,8371.191134744011
12734,6933.882522273541
12735,6048.25135600478
12736,8091.340355109922
12737,10612.773669025131
12738,8057.256728642374
12739,8269.088542381927
12740,6461.9350492985295
12741,7876.154565629627
12742,9778.285223150082
12743,6768.585059056576
12744,8380.796268544036
12745,6301.506226052718
12746,5864.228828539043
12747,6328.115172398641
12748,7070.163536200915
12749,6857.882700555643
12750,6270.907480963935
12751,7646.951517489679
12752,6011.861961524297
12753,7668.696699596919
12754,8290.216785570095
12755,6871.303757460062
12756,7620.520035624101
12757,8400.035055081487
12758,7082.244366027669
12759,7273.816334622418
12760,8468.43096843637
12761,8551.580261163408
12762,7849.125684351524
12763,6237.802923737907
12764,13250.998692837995
12765,7162.52268494924
12766,7059.674379840563
12767,9236.416968707174
12768,8641.120819797776
12769,8876.890104186012
12770,7982.461513057891
12771,7729.077332237672
12772,9000.690411115462
12773,14383.712452840693
12774,6496.584492006891
12775,6274.4921804420665
12776,6930.660636852877
12777,8690.11267706202
12778,7472.449264603951
12779,9206.245968235948
12780,8266.893843741664
12781,6675.8690574828615
12782,6234.694219955108
12783,7507.598765217786
12784,8990.754336748383
12785,6199.819415090777
12786,7845.439348762995
12787,5617.750514153441
12788,7539.536100069613
12789,7989.046610984765
12790,7842.796188269951
12791,8820.349324019453
12792,7654.775114530499
12793,6571.072329411347
12794,8178.1488659116685
12795,8508.417298174265
12796,8401.452598734339
12797,8159.219127708417
12798,8355.033122117593
12799,7166.88834706391
12800,7404.719829285005
12801,10111.03827404733
12802,6369.827377167669
12803,10015.795476143281
12804,8310.066184564239
12805,6729.8157814576825
12806,9142.301975853828
12807,6605.5030946949255
12808,7826.95208733029
12809,8177.532695532598
12810,5144.66890976699
12811,6055.086222870913
12812,7856.742947201135
12813,9355.538218726977
12814,9159.745903451952
12815,6962.720113939159
12816,7444.277788351534
12817,7611.8401599106755
12818,8431.61960422967
12819,7385.827424842787
12820,10658.222410665232
12821,8997.203937932574
12822,11014.95525700391
12823,5908.436452949522
12824,6851.407121798689
12825,10651.182611985614
12826,10220.000562842511
12827,6649.343986955017
12828,10298.300327684963
12829,6664.550076270742
12830,7016.176489691556
12831,6307.701936287358
12832,6994.519395179871
12833,6710.075540938487
12834,6176.769653030613
12835,5731.1326984782545
12836,6227.380275442305
12837,10241.169893130853
12838,8404.921000747856
12839,21355.76351221088
12840,7122.327943177161
12841,7073.530508618031
12842,8755.017962214097
12843,11048.881746703226
12844,8200.9590560356
12845,9483.342094367581
12846,7608.306810069443
12847,9808.530500653562
12848,9608.632225535519
12849,6901.864138207625
12850,7550.572646994128
12851,9236.264373930844
12852,9646.387382539653
12853,8268.363070927859
12854,8425.705778655269
12855,8437.767804148009
12856,7348.702665527308
12857,9899.018620971094
12858,11474.800952964633
12859,12464.683767494702
12860,11727.860756801882
12861,9502.629664959735
12862,7741.900069832859
12863,8528.167691634386
12864,6608.760032613846
12865,10615.407486021464
12866,11712.839531744807
12867,11095.581565507615
12868,7674.8467981287085
12869,7221.683338870918
12870,7511.610639441322
12871,8452.941350633599
12872,11435.531150750778
12873,8307.320400745615
12874,7515.502209596076
12875,7290.248263229943
12876,9985.17640610788
12877,6685.278761600011
12878,9172.02157044162
12879,7101.860780876556
12880,8612.813369441586
12881,8868.569285195843
12882,8085.6507527860385
12883,8597.303508317762
12884,8712.77437405977
12885,8035.451102240536
12886,8288.055824822224
12887,8913.563013489556
12888,12301.41548328177
12889,8065.489361730409
12890,10736.685759463528
12891,9272.100260364341
12892,10033.964583258643
12893,9224.540813891641
12894,10136.303082794113
12895,7301.887376483982
12896,8954.770067788733
12897,8279.742198333872
12898,8697.442435625573
12899,10941.543230226365
12900,9239.850992025693
12901,7354.492933327974
12902,8568.687804038966
12903,8069.709427020659
12904,11556.044027837783
12905,7544.874820210876
12906,12667.042521863823
12907,7297.789173907723
12908,8010.692017695061
12909,9080.537107482238
12910,7931.15463403178
12911,8373.87233354792
12912,8816.915276645772
12913,9018.803166383685
12914,8821.285395021865
12915,7400.5164600125945
12916,8909.984023136645
12917,8594.902295646349
12918,8252.532229008366
12919,7399.826830498739
12920,8813.779747680588
12921,11085.147841917751
12922,9204.5752974892
12923,7524.915946158223
12924,8987.775360659665
12925,7904.835976258168
12926,9541.726740864513
12927,9048.86706739812
12928,7244.4928345227745
12929,9507.353880871764
12930,8984.83895618475
12931,8337.571929576137
12932,8616.754092324036
12933,7212.374176821378
12934,7950.943072393807
12935,7408.631923829253
12936,9100.934094939263
12937,9797.395599522002
12938,7370.013344289862
12939,7559.584663419282
12940,8761.066173745268
12941,8117.798550778949
12942,8646.893193843396
12943,8498.058660801053
12944,8359.80753443258
12945,9158.608578149
12946,7421.886283765044
12947,7729.77229751328
12948,8404.881309085731
12949,10496.319477503408
12950,8854.370299069431
12951,9783.811090715044
12952,10160.668408370626
12953,8020.677633303878
12954,10205.008610492161
12955,8538.060295760419
12956,9310.593614543155
12957,10615.722326576899
12958,8209.923332307708
12959,11118.186253410024
12960,9816.463498308538
12961,9525.427816334295
12962,8432.405086069004
12963,10023.055293853655
12964,9427.595717872422
12965,7675.328298074426
12966,6821.131004903614
12967,8758.347152894172
12968,9446.105475233351
12969,8196.633857550598
12970,7713.294741040192
12971,10022.144332641286
12972,8664.131851258715
12973,8127.037976062915
12974,7979.669329311315
12975,8025.917924749354
12976,9687.503312648776
12977,8786.07933542804
12978,8473.516127291407
12979,7378.793566554366
12980,8375.59495032174
12981,9090.879726183897
12982,7199.071532505782
12983,8368.429791153316
12984,7233.523169474287
12985,9346.390512391463
12986,7916.639289494026
12987,8131.384315767894
12988,10283.319786568662
12989,8294.448967672872
12990,8399.91122752871
12991,12486.540053008353
12992,8391.044963614962
12993,8432.594684001398
12994,8639.28121565982
12995,6948.40697732182
12996,9077.967716627154
12997,7932.195694008046
12998,9403.846859194706
12999,11414.904919005729
13000,8410.964368503906
13001,6129.051806051642
13002,7648.221052858828
13003,9052.515395203796
13004,9361.784284011024
13005,8632.975621491407
13006,8693.03841401227
13007,7291.51644632822
13008,7452.481601330511
13009,7371.607342977417
13010,7291.286927409347
13011,8365.337633015906
13012,9020.448569931748
13013,8608.04489781431
13014,8491.705426958499
13015,9260.110339020186
13016,9591.133987295043
13017,9071.15982545597
13018,8190.761315310943
13019,10062.845877042562
13020,10997.425951179384
13021,8167.289803447044
13022,9158.250372505941
13023,8600.737054691963
13024,8943.320242513251
13025,7625.499089383245
13026,8398.671169134625
13027,7586.5236287586795
13028,10040.029041364767
13029,8644.215861309456
13030,10786.935169465814
13031,10305.283253187896
13032,8539.635060740828
13033,8740.55491469014
13034,19878.46009361913
13035,12695.911449211115
13036,9763.828833119136
13037,5722.814769949392
13038,8444.960427216703
13039,10951.910486616527
13040,7597.093031066842
13041,13398.248766634817
13042,18035.56977694334
13043,8877.7131873
13044,7940.0196003416495
13045,9411.290212987384
13046,8337.828325632127
13047,11689.939392990327
13048,8448.160975826082
13049,9607.160641654973
13050,6259.032834886943
13051,7911.953941714036
13052,8739.215281584604
13053,9406.164524034357
13054,9546.959261079128
13055,7230.3624356958
13056,9241.798113673904
13057,8415.39685712627
13058,7711.6118940966335
13059,8439.471132627736
13060,8613.3610631061
13061,7362.950066519949
13062,8183.776521605579
13063,8495.327184671076
13064,7820.085084070751
13065,7182.394202862714
13066,8000.498755740878
13067,8587.641054057709
13068,10096.13504050831
13069,8443.364187615116
13070,9950.672024758576
13071,9202.783740898953
13072,7097.79735870077
13073,8783.450635007737
13074,8432.491476602156
13075,7317.371257356868
13076,7688.834809447309
13077,8542.96286511506
13078,8395.250177924758
13079,8709.404665272934
13080,9828.733869400829
13081,8471.947338450418
13082,7409.526437654045
13083,7786.358757873602
13084,9761.612341103644
13085,7918.116091519199
13086,8410.932173832143
13087,16019.370640407724
13088,9060.161673387529
13089,8683.04550651649
13090,7920.8946185049335
13091,7754.459273255036
13092,8034.792702994871
13093,6697.442120526894
13094,8890.41165756956
13095,9901.48493374323
13096,7470.661435432212
13097,17813.57379292507
13098,12520.584764569394
13099,8243.266413338595
13100,8943.263837450782
13101,7876.061397436795
13102,9360.819408749181
13103,8868.65006085457
13104,12113.317018879614
13105,8799.004919158733
13106,10186.257467621284
13107,8612.448844649203
13108,9351.190890966038
13109,7408.9951449857235
13110,10425.936879511844
13111,8355.235605954824
13112,8265.108813209117
13113,7809.687558376896
13114,8009.797864298588
13115,10669.212105814118
13116,10046.05639093369
13117,8409.126064227796
13118,10438.319745664392
13119,9288.1645762941
13120,11881.7802921257
13121,6997.789385868941
13122,7821.960591151702
13123,9180.508640120872
13124,10367.48839648894
13125,9253.531739134165
13126,8474.452880419494
13127,9278.75531941842
13128,9046.610071472613
13129,7860.653576581386
13130,10491.692308128733
13131,9565.071498886125
13132,7898.734581402216
13133,14456.562911281928
13134,18992.03981593628
13135,9513.23355686462
13136,9867.037210214521
13137,10747.998896066547
13138,11583.737055178934
13139,11572.155238307338
13140,9108.398521169422
13141,9917.239556880704
13142,8816.162267335476
13143,9402.725230397315
13144,7720.499842781348
13145,9232.453191492259
13146,8081.962714938459
13147,7845.813103899047
13148,8327.509334606884
13149,7061.5657262979
13150,7327.755967112897
13151,8338.598390026653
13152,7215.1529320808895
13153,7273.472761361736
13154,8252.396268287868
13155,8539.682392119103
13156,10329.854817311538
13157,9822.280710817768
13158,10172.411717561805
13159,8780.399720632297
13160,9141.750047449228
13161,10584.14729357864
13162,9307.584813107143
13163,7562.628529966925
13164,8356.306563709093
13165,9637.302562064813
13166,8203.590910758256
13167,8567.78590470004
13168,7722.234303056189
13169,8131.794546995358
13170,10963.495824078947
13171,7478.7588077303
13172,9087.812760255869
13173,9996.892563094252
13174,10601.96250740053
13175,11269.374121000068
13176,8549.567315832854
13177,10347.997458769123
13178,7304.37856783601
13179,7976.1809452894795
13180,8401.383012974746
13181,7604.150922719167
13182,9305.880155190494
13183,7707.761479594341
13184,9610.999610675464
13185,10050.670436297662
13186,10884.783756071914
13187,9334.881588590648
13188,7826.755867415245
13189,8528.845173812404
13190,9706.720974880782
13191,9323.71571806188
13192,10277.440634766926
13193,8547.91460430769
13194,8610.338015397958
13195,10428.471779562358
13196,8565.31469939104
13197,8941.295449143752
13198,9659.927376337686
13199,9947.38304776327
13200,14650.883412983134
13201,9160.01223123375
13202,14319.00486979418
13203,8350.254934617611
13204,8769.204285516698
13205,6839.842606021014
13206,8959.576450828781
13207,8371.81918632979
13208,8111.649256337864
13209,9738.504133775408
13210,8422.83272032934
13211,6974.646128651907
13212,8496.87450999699
13213,8598.450672231873
13214,8915.538336444977
13215,8288.78074759553
13216,9094.734369280599
13217,8991.82254515282
13218,8144.079674163336
13219,10074.494629616407
13220,7886.766254788342
13221,8210.290762259074
13222,8370.101220487742
13223,10024.876256842219
13224,12186.81513447452
13225,9417.906084873439
13226,7536.673223592669
13227,8253.750948102095
13228,9352.736060494366
13229,8981.11685945705
13230,8321.34097793386
13231,9719.97961174477
13232,8289.649860783053
13233,7331.130439623687
13234,8606.683482211556
13235,9508.296147928135
13236,8119.436091149092
13237,8791.371217386259
13238,8469.25450742051
13239,8173.336183588299
13240,7368.199106488041
13241,7412.244439204142
13242,9614.433571755522
13243,10352.832769795306
13244,10968.843452955842
13245,13338.732905983874
13246,10019.829176231975
13247,8367.516055344773
13248,8856.862234545639
13249,11325.469733643919
13250,10648.740078021478
13251,8748.585283663337
13252,9183.234095250502
13253,10295.956670338745
13254,8149.091363999229
13255,7534.536845875078
13256,10644.551601881429
13257,8498.84650327416
13258,9728.448405491421
13259,8236.1818034134
13260,6544.191531961993
13261,12149.437343927075
13262,7494.227630753775
13263,8646.035167826332
13264,8277.25018643481
13265,8595.265644884155
13266,8910.973289948879
13267,8813.411369732285
13268,8534.211709236986
13269,8717.749517654845
13270,6989.217127302168
13271,7511.0972946309375
13272,7632.454299844082
13273,9068.828583180719
13274,19584.33115991663
13275,7348.752624311901
13276,8177.456122851401
13277,9472.17338410147
13278,7359.056714012745
13279,7322.065301578924
13280,8078.55980125969
13281,7187.838850576188
13282,8403.678030635272
13283,9237.872847253906
13284,7368.664423024477
13285,9628.848115537496
13286,6975.203389365856
13287,7316.330235442853
13288,9245.131934497846
13289,9888.085577705291
13290,11030.787978212531
13291,8305.795795908587
13292,8791.165535040745
13293,6694.854468239583
13294,8833.059047461194
13295,14335.294064403626
13296,10588.031003351856
13297,8877.539777263695
13298,7498.606366590523
13299,8544.662368621191
13300,7417.208079377983
13301,7240.886122911749
13302,10256.466608830124
13303,8805.072340984105
13304,7641.469095898494
13305,9302.437011761713
13306,8095.36163291873
13307,7586.165583222861
13308,8319.545586527505
13309,9000.360541698688
13310,8370.796068424253
13311,7460.218151695314
13312,8065.845199721161
13313,8766.282413758141
13314,9794.039647548088
13315,8550.281317265437
13316,9557.934356926213
13317,7219.825506028862
13318,8919.579747392861
13319,7576.857749395079
13320,8616.04402965065
13321,8515.51829915631
13322,9552.843008583368
13323,7957.539353348938
13324,9216.739956723173
13325,9184.888795183817
13326,7509.637241228434
13327,7865.879915672451
13328,8573.46964184158
13329,8234.442580155684
13330,7876.63553176162
13331,9257.149267662939
13332,8687.746330821154
13333,7852.481370580699
13334,11365.712379644805
13335,7182.519934269607
13336,7074.45650853251
13337,9142.225144253174
13338,9767.322635440705
13339,11576.845631050068
13340,8270.058482458617
13341,9434.312127829198
13342,7965.235033055308
13343,9404.666670080653
13344,8634.200024382933
13345,8856.069585103496
13346,6109.489926442318
13347,8788.01484283311
13348,8786.9797794161
13349,8245.521073933298
13350,7076.553777084801
13351,9247.419158254275
13352,9355.785592262098
13353,8597.692599689386
13354,10082.7133553659
13355,8690.99985665407
13356,10529.780135717956
13357,7968.978928243729
13358,7957.373482365602
13359,8315.631802834863
13360,9546.988316628926
13361,9125.549181401337
13362,7385.018129965076
13363,9990.776070092921
13364,8690.74162739943
13365,8484.060110830305
13366,7124.194617228684
13367,6956.621636212399
13368,8970.347391318128
13369,7815.050486886857
13370,10708.753520960163
13371,8516.418603700224
13372,8153.015595614983
13373,9641.074618531396
13374,8686.570779122272
13375,8213.301534231105
13376,9291.714473920363
13377,8163.588500925105
13378,10343.317263805504
13379,10719.012708289434
13380,9415.873618496253
13381,8620.580349465241
13382,8032.037714521024
13383,7353.153478253954
13384,6427.6335287407455
13385,9322.945911600666
13386,7474.426870659719
13387,10227.4230493981
13388,7795.443344975917
13389,8703.505520168283
13390,7939.367543274785
13391,12487.75891881007
13392,7885.959148988663
13393,7856.4226616066
13394,8682.328013898126
13395,8970.770532578777
13396,8409.74770048389
13397,9688.010535197005
13398,8926.717630319616
13399,11339.143253993263
13400,8869.904166649476
13401,9529.395359952188
13402,8977.301048781628
13403,7755.339718348744
13404,7739.526189339389
13405,11276.730364718227
13406,10880.806827000435
13407,8502.836343176807
13408,17017.012572422413
13409,8168.567925553756
13410,8570.472862851111
13411,7809.4871172756775
13412,9668.600443442298
13413,10215.34114136662
13414,8887.684749695738
13415,9697.98020557447
13416,9965.362137861453
13417,8105.904112237822
13418,8408.295832431311
13419,7626.656898206888
13420,8076.946695871441
13421,7917.024900503221
13422,7701.000240162387
13423,7767.613155022937
13424,9100.085798288497
13425,17927.63996491847
13426,9457.91164978355
13427,8029.19976798591
13428,9193.109580065438
13429,7098.457304794873
13430,8684.841142400259
13431,6285.248487435498
13432,11133.355079202951
13433,9119.723982990128
13434,9347.002465859105
13435,12999.400517369302
13436,11755.96378178975
13437,9653.929543166203
13438,8972.262887993713
13439,7524.415000597426
13440,8264.825152872712
13441,9748.09816151517
13442,9341.075794827893
13443,7315.76159182816
13444,6875.120052987917
13445,6861.796755323543
13446,8035.186395282014
13447,8240.749768319009
13448,8623.086345655653
13449,7531.082442580169
13450,9478.327411495078
13451,8714.943699873154
13452,8646.722920168222
13453,7770.38097368591
13454,6989.630118741555
13455,9275.657105673077
13456,6888.923062818658
13457,10879.719049986743
13458,7834.55708857873
13459,6907.010155500153
13460,9156.501770187555
13461,7607.10654905855
13462,7697.12325396991
13463,7405.678935265989
13464,8374.35804895556
13465,10456.12833926381
13466,10711.154506636249
13467,9059.424169326272
13468,6919.7057624793315
13469,8491.559802028543
13470,8786.431088259074
13471,8618.79260576364
13472,7805.744773081245
13473,9810.147766605338
13474,11652.157212530587
13475,8616.899588400598
13476,8789.405718581984
13477,8644.29194419995
13478,8052.003230039972
13479,10819.996276781325
13480,8136.36866362414
13481,12772.93758292998
13482,8088.712596486086
13483,7530.901772180316
13484,7268.665720225029
13485,7825.277907383807
13486,9139.309269960717
13487,17017.940582633753
13488,6893.610585693436
13489,7659.7879929267065
13490,10749.57588643832
13491,9719.83674349343
13492,8756.418834653854
13493,9856.251180298446
13494,7610.602585565283
13495,7301.0234093008785
13496,7131.872410365319
13497,9925.188002918216
13498,7866.445206792192
13499,9503.604801811876
13500,7981.190816725179
13501,7600.113146182723
13502,9457.065774226747
13503,8502.416870967998
13504,6431.487943496355
13505,10322.974475720537
13506,10011.28725929975
13507,7118.193227624792
13508,9596.596624779808
13509,8088.912232896506
13510,7764.098462758092
13511,10180.54347311937
13512,8684.858881204453
13513,8743.648260246673
13514,7655.658593562799
13515,7450.923763941825
13516,8875.512291592067
13517,6323.149893179535
13518,9810.306192650067
13519,7203.710622728878
13520,8126.740295962468
13521,7340.09849936549
13522,8744.574997061105
13523,7891.378048383281
13524,9079.620397149449
13525,8272.227767355556
13526,8418.982511833416
13527,8557.716362943902
13528,9735.272352077334
13529,8666.498329770342
13530,10722.163842176846
13531,10254.131962265983
13532,10614.591284262886
13533,7247.075803321717
13534,8267.231242833945
13535,9522.53999295943
13536,7621.2023324114525
13537,10308.5497230594
13538,8280.233063368516
13539,10306.691538656976
13540,11142.957090218377
13541,9697.254586082525
13542,7255.7777264768665
13543,10448.378521576435
13544,11184.298781754109
13545,8543.21831502863
13546,9055.804236294674
13547,9758.030097441586
13548,8636.406786550348
13549,9056.731398482005
13550,8790.963921195113
13551,8323.89194261078
13552,8114.474900418518
13553,8673.389356127529
13554,8000.691048270384
13555,8059.091982588358
13556,8849.194275791398
13557,8688.920585566344
13558,9186.044628932166
13559,9399.70911426033
13560,9317.030148745029
13561,8812.506911406139
13562,9851.718394977963
13563,8871.126794747637
13564,8426.130385291968
13565,8412.8395029621
13566,8517.934741128276
13567,9508.219639526666
13568,8497.76816722991
13569,7907.166273417174
13570,8643.749225816931
13571,8991.479762684752
13572,8848.451825790697
13573,8510.381981901057
13574,7532.360313887862
13575,8493.903365265545
13576,9066.151246224956
13577,8372.280778690054
13578,8996.279898104069
13579,9343.963986784258
13580,7855.517039762389
13581,7636.166180006506
13582,6904.9362451284205
13583,8306.279439058508
13584,9289.558412698507
13585,8553.86412338251
13586,9783.806452256791
13587,10209.391177696609
13588,8104.227506746557
13589,9333.339539131379
13590,7939.6985012809655
13591,7295.386650746521
13592,9060.918741861133
13593,12048.582030186906
13594,8993.126375132342
13595,9405.608492034014
13596,7687.110668536951
13597,9080.857678752336
13598,10782.184823982532
13599,7992.2882689808675
13600,9354.388130967294
13601,7652.84189802286
13602,6986.005358634332
13603,7575.796539759638
13604,8332.304394928376
13605,8127.150527865465
13606,7497.08935585528
13607,8599.04620276137
13608,7370.586029806116
13609,8630.845103984271
13610,9329.844384016244
13611,7530.559447994861
13612,8864.370153141737
13613,9373.922446408229
13614,8015.9861414295565
13615,8391.116692056366
13616,9319.398284483645
13617,9517.81116195835
13618,8801.220369623212
13619,7589.138595708048
13620,13895.159498229888
13621,7747.494128040448
13622,7718.930070375361
13623,10188.51165397887
13624,9891.726031547933
13625,9803.271117237997
13626,8956.348904384628
13627,9014.14090715912
13628,9868.0480084989
13629,15304.571230441028
13630,7665.040772107902
13631,7527.331638779362
13632,7877.240045806101
13633,9578.986973899659
13634,8650.517382524671
13635,9599.88782850301
13636,9362.95293051493
13637,7894.035566092682
13638,7615.962820591028
13639,8731.301975142062
13640,9972.741701463669
13641,7581.0880157266965
13642,8797.534034034685
13643,6821.426640922211
13644,8164.212154249281
13645,9172.539345546085
13646,8779.640987825518
13647,9953.099706317294
13648,8631.324525174532
13649,7517.651738364578
13650,9123.09510761522
13651,9021.500127684509
13652,9715.591541732283
13653,9120.943323155909
13654,9294.464087502683
13655,8246.957027841072
13656,8333.441032206836
13657,10986.17863545977
13658,7247.2386936667635
13659,11164.5586412824
13660,9255.012426267798
13661,7676.3951904109135
13662,10047.474932865018
13663,7482.91441119402
13664,8763.796886885859
13665,9134.165823601475
13666,6247.285826194803
13667,7006.100357973948
13668,8803.322356154365
13669,10494.08433063447
13670,10406.881198193694
13671,7910.274675957988
13672,8612.73406845254
13673,8679.456811680924
13674,9367.133959055038
13675,8571.023094937069
13676,11846.979399654641
13677,9925.925140854413
13678,12240.130876242332
13679,7124.564608725211
13680,7520.716531449143
13681,11138.801345046786
13682,11140.859340442848
13683,7873.9735335741825
13684,11243.246569388524
13685,7890.731951162085
13686,7994.859419493417
13687,7383.114348428224
13688,8062.837155989564
13689,7651.460463746934
13690,7402.951527921958
13691,7104.523411178635
13692,7474.515570184046
13693,11134.277559868682
13694,9380.319075881636
13695,21361.275636634404
13696,7707.299386268369
13697,7371.583962987231
13698,9336.75233404655
13699,11637.174254266463
13700,8555.34256261851
13701,9782.959332266322
13702,7862.052847899267
13703,9907.054711915967
13704,9707.156436797924
13705,7240.987498514926
13706,7662.976911027764
13707,9266.678029659319
13708,9928.865814694884
13709,8357.024197287783
13710,8559.214799398505
13711,8577.685419737736
13712,7440.526196676108
13713,10219.399995957656
13714,11779.22942764435
13715,13141.938597843733
13716,12425.457123889413
13717,9717.018360039256
13718,8331.91685646987
13719,8725.687731772203
13720,6657.118582051168
13721,10909.15478745626
13722,11930.24401567145
13723,11149.299848668661
13724,8015.8089060000975
13725,7732.997774149912
13726,8077.092185685286
13727,8460.729493199795
13728,11608.283597909176
13729,8497.019986983923
13730,7816.117614748654
13731,7401.429363355811
13732,10284.184469344636
13733,7003.070514026143
13734,9338.8664691841
13735,7402.47618602913
13736,8689.90431320431
13737,8963.937509808069
13738,8284.145943881382
13739,8697.796353782707
13740,8789.865317822494
13741,8155.260019668472
13742,8605.847577248365
13743,8776.259585355756
13744,12779.999878855118
13745,8179.23241263965
13746,12115.797732270028
13747,9417.903995081026
13748,10019.424805207474
13749,9398.918170361245
13750,10497.120144805542
13751,7393.7109076327815
13752,9248.51736922353
13753,8891.214422835985
13754,8884.86806725289
13755,11108.388128968845
13756,9332.520026874525
13757,7608.238971157799
13758,8869.303209191541
13759,8161.532958169457
13760,12215.85322983035
13761,7862.666572637018
13762,12970.10168690389
13763,7414.829768280583
13764,8102.515548843861
13765,9742.51585590398
13766,8042.335734157646
13767,8758.062110713538
13768,9388.555239967725
13769,9216.323206521502
13770,9129.396335669886
13771,7394.41376205167
13772,9200.505019778722
13773,8619.639749509388
13774,8893.055539565012
13775,7467.907223973833
13776,9110.99076722189
13777,11363.836696395067
13778,9507.634462529268
13779,7723.411137253571
13780,8977.842313669315
13781,8202.046995799452
13782,9753.192637350074
13783,9038.934020407769
13784,7518.819605237436
13785,9724.63989084357
13786,9287.898121224818
13787,8471.080950319372
13788,8815.249283419382
13789,7530.165929247521
13790,8063.6772554194595
13791,7542.140944572482
13792,9107.869702890615
13793,9889.2191306708
13794,7481.19444441573
13795,7878.2188506733155
13796,8768.854316311465
13797,8167.087536309257
13798,8735.209887675876
13799,8601.107942019611
13800,8462.856815651134
13801,9247.777806596325
13802,7423.433168911179
13803,8055.347872867845
13804,8721.820756930963
13805,10779.929251217894
13806,9280.580659374607
13807,9839.079774352611
13808,10358.188448508443
13809,8154.186654047108
13810,10392.434242119478
13811,8867.07779825631
13812,9938.080325677945
13813,10782.567225319379
13814,8343.43235305093
13815,11432.471168519847
13816,9765.174880715775
13817,9826.043221486872
13818,8599.249984811484
13819,10337.340208963478
13820,9417.662670882071
13821,7778.377579292982
13822,6880.715304410693
13823,9102.3596346039
13824,9791.13399900118
13825,8309.368040576252
13826,7836.924755143585
13827,10351.16183513718
13828,9270.764938607226
13829,8266.679011438226
13830,8298.30351656534
13831,8311.470445533761
13832,10018.757692856432
13833,9107.275473465452
13834,8613.157162666726
13835,7382.95028753257
13836,8720.623474089569
13837,9308.165736155703
13838,7625.2818928109655
13839,8672.620297752639
13840,7325.676619615104
13841,9647.005917544038
13842,8019.688570712583
13843,8234.433596986442
13844,10375.136286802648
13845,8658.028591542781
13846,8771.2665550675
13847,13698.664744770731
13848,8709.679150868998
13849,8429.053936823855
13850,8964.856791014388
13851,7166.06304136702
13852,9190.452958501195
13853,8116.457727126451
13854,9860.412710738276
13855,11780.514175658394
13856,8519.861795221223
13857,6113.729736408639
13858,7962.505967968651
13859,9082.929050932271
13860,9496.1080678051
13861,9073.079697354526
13862,9131.395302142862
13863,7610.150633582247
13864,7468.1139285019835
13865,7700.624845473313
13866,7620.304429905245
13867,8562.857673153723
13868,9010.515522941398
13869,8989.628102371988
13870,8820.722929454392
13871,9229.40245431226
13872,10049.137649983555
13873,9268.679865593787
13874,8055.205074909677
13875,10371.282646653619
13876,11578.185114686568
13877,8306.930838822358
13878,9786.403372203293
13879,8742.140069792833
13880,9148.3970739875
13881,7783.863138035568
13882,8824.881529439805
13883,7740.613382386747
13884,10324.421359984482
13885,8962.850048563492
13886,11046.869969878067
13887,10507.405177490053
13888,8727.060692368144
13889,8965.51974058941
13890,21506.23159420503
13891,13087.847509634741
13892,10124.569170345276
13893,5694.702816851237
13894,8411.690591725399
13895,11342.837834245101
13896,8242.35752968259
13897,14238.018512135528
13898,18858.164324597805
13899,8966.882415747325
13900,8079.660635716976
13901,9729.92440024142
13902,8682.856849399956
13903,12713.311236672807
13904,9010.445956332955
13905,9921.445556764796
13906,6063.876871136061
13907,8290.887410107705
13908,8687.92666399184
13909,9720.44943914418
13910,9631.791418001958
13911,7544.08767604822
13912,9439.31815381172
13913,8518.446138344818
13914,7923.017463811343
13915,8747.907902238798
13916,8724.542163231969
13917,7337.590071273589
13918,8484.391926758148
13919,8987.957536883365
13920,8085.05687197033
13921,7822.956899233977
13922,8140.139791116202
13923,8896.077823668771
13924,10386.656037150387
13925,8630.789819242433
13926,10274.103773583467
13927,9517.068656008776
13928,7031.485034338348
13929,9366.316348399445
13930,8740.928246213216
13931,7311.268559395944
13932,7828.475844822634
13933,8666.592879218453
13934,8488.218391116428
13935,8809.29154170262
13936,10113.126188020544
13937,8772.562743602994
13938,7486.249542904633
13939,7996.079699038707
13940,10127.429476884137
13941,7955.766308637656
13942,8633.48438850037
13943,17728.80879606098
13944,9008.873055794766
13945,8885.167430818647
13946,7993.2820988117655
13947,8036.569866898138
13948,8159.375718215061
13949,6986.072056803929
13950,8979.580886016885
13951,10215.769848853053
13952,7424.9298439546255
13953,18555.114243080272
13954,13127.217851917907
13955,8087.944203103348
13956,9032.433065898107
13957,7955.367540981645
13958,9675.104323859005
13959,9495.86388108792
13960,12571.320681568126
13961,9401.265412631672
13962,10420.742188769065
13963,9219.081931997714
13964,9665.475806075861
13965,7429.7558351808275
13966,10988.221860018715
13967,8468.978656864065
13968,8425.330581469274
13969,7834.377127191247
13970,7770.89556526052
13971,11037.066378542475
13972,10360.341306043514
13973,8253.803853992538
13974,10914.346893341486
13975,9440.863073796982
13976,13164.300960957606
13977,7044.220708713408
13978,7891.786120675153
13979,9299.038531575618
13980,10650.137516197492
13981,9430.471046387145
13982,8653.397661956651
13983,9560.551904512127
13984,9209.835102959541
13985,7715.445430702519
13986,10835.70478983846
13987,9879.356413995949
13988,8199.349986554782
13989,14676.758503271221
13990,20976.743846552432
13991,9789.6081522671
13992,9973.302634637035
13993,11706.561037298994
13994,11912.754557674833
13995,11886.440153417161
13996,9287.171389531662
13997,10246.257059376605
13998,8982.306026910206
13999,9703.340635549892
14000,8006.052363565766
14001,9576.465673201988
14002,8035.30779782405
14003,7985.454139274368
14004,8693.118591259556
14005,7140.871869842752
14006,7451.38598121629
14007,8320.590468831306
14008,7354.793967456214
14009,7331.957989539526
14010,8156.346288508917
14011,9081.859035316633
14012,10506.794124564518
14013,9728.275511316253
14014,10456.804036181518
14015,8717.770801693869
14016,9318.689354702208
14017,10898.432208688464
14018,9417.334774439305
14019,7686.258544070318
14020,8393.381361723803
14021,9744.473888285554
14022,8517.87582586808
14023,8492.31665780592
14024,7876.168884133357
14025,8704.84125626372
14026,11419.042393747404
14027,7538.4425206737105
14028,9447.827786448992
14029,10173.831870347232
14030,10768.106266975261
14031,11876.458915800786
14032,8759.288256997956
14033,10487.638494144445
14034,7633.396070331913
14035,8005.851843687552
14036,8691.202870449071
14037,7652.770640767699
14038,9878.926864458863
14039,8122.189775938734
14040,9915.972662180015
14041,10364.955351407485
14042,11208.215504896805
14043,9439.138414228448
14044,7929.805148633799
14045,8638.595135144566
14046,9916.441916045884
14047,9500.65502531486
14048,11168.69765760584
14049,8485.285685369263
14050,8908.391469767153
14051,11001.518488830727
14052,8469.264719612085
14053,9389.304803612964
14054,9836.866683590666
14055,10261.667962873093
14056,15043.243158253073
14057,9293.078205992628
14058,15342.37671347666
14059,8411.302113578777
14060,8902.270260275576
14061,7229.051972285005
14062,9586.790271062131
14063,8401.49008472787
14064,8049.020337399438
14065,10052.789048885232
14066,8223.472181934578
14067,7098.2761427553
14068,8420.552728488026
14069,8912.735587341696
14070,8983.7753268459
14071,8281.597167228072
14072,9197.783650499154
14073,9028.531164104708
14074,8205.126853124491
14075,10358.88694823612
14076,7989.815536006899
14077,8151.193182818343
14078,8307.472301549315
14079,10309.268575461932
14080,12907.124149937625
14081,9580.074262845485
14082,7930.520787052228
14083,8377.38096220549
14084,9461.633487211682
14085,9090.866820789211
14086,8460.982013309182
14087,10034.264526854593
14088,8598.086630394117
14089,7314.081349126967
14090,8539.447832212314
14091,9466.247961874544
14092,8364.616403868507
14093,9163.150229771361
14094,8227.971884921366
14095,8210.709624141673
14096,7468.085982917727
14097,7729.733659729412
14098,9551.804652817094
14099,10562.553710960408
14100,11166.363493093659
14101,13958.44351650336
14102,10217.349216369792
14103,8671.706561944096
14104,9171.147149655462
14105,11630.442785148469
14106,10942.444260246464
14107,8890.434047907424
14108,9468.78661603492
14109,10449.475094799142
14110,8257.839660092603
14111,7863.55434837097
14112,10816.973714348194
14113,8514.974389341212
14114,9969.747640622592
14115,8375.822838788721
14116,6842.244986331182
14117,12258.334770644393
14118,7503.648019603214
14119,8855.326076264111
14120,8591.535101544634
14121,8712.705540144918
14122,9225.258205058703
14123,9035.452502924147
14124,8589.255010273446
14125,8900.498428511728
14126,7048.90084024558
14127,7692.8583163313815
14128,7918.006820628503
14129,9390.024721218133
14130,21692.264748283473
14131,7484.727248032727
14132,8135.40793679781
14133,9580.301624798596
14134,7439.22174640466
14135,7401.131262641548
14136,7942.632517653794
14137,7423.766983241615
14138,8453.792523846989
14139,9195.824661200315
14140,7471.713704243034
14141,9961.815121874872
14142,7078.252670584413
14143,7416.217111872539
14144,9566.32807253526
14145,10199.187307232207
14146,11589.467175117248
14147,8650.824319676416
14148,9457.063891028924
14149,6658.1541716475585
14150,8926.371713086348
14151,15375.409971328798
14152,10597.927026657171
14153,9064.965408891012
14154,7711.094189534357
14155,8408.735085015294
14156,7496.514222922832
14157,7569.903625407635
14158,10466.187549995226
14159,9265.237090268109
14160,7690.088813947027
14161,9683.032770839674
14162,8156.408811879899
14163,7782.338515185995
14164,8616.032293718361
14165,9300.975946851266
14166,8431.843247385417
14167,7737.906447435254
14168,8250.107232839551
14169,8693.265421319305
14170,10175.456637983581
14171,8746.552203230554
14172,9734.873664179193
14173,7322.874787247419
14174,8856.950828454434
14175,7980.926177352055
14176,8930.328944760473
14177,8758.140165233013
14178,9867.127923693191
14179,8081.16936745233
14180,9391.117313192777
14181,9478.592977408804
14182,7559.455444042587
14183,7879.277068189827
14184,8859.022162626
14185,8295.489759116854
14186,7935.120759939408
14187,9194.52034872451
14188,9032.98273371681
14189,8218.09062723336
14190,11563.232419782622
14191,7315.117003861351
14192,7171.762324623996
14193,9680.028003485899
14194,9825.807863618495
14195,12148.234868362933
14196,8527.16604531373
14197,9748.597042939022
14198,8068.284314273865
14199,9961.004208221397
14200,8592.151838329342
14201,8892.778204055388
14202,6320.884672605695
14203,8991.935276513568
14204,8734.541607990719
14205,8538.645720477747
14206,7179.603058303358
14207,9413.970392006848
14208,9737.202582697591
14209,8891.396781914373
14210,10654.102592678766
14211,8681.206440454542
14212,10787.14651880934
14213,8452.670052336438
14214,8060.422763584159
14215,8403.948496667343
14216,9917.09775133255
14217,9249.179195504728
14218,7508.648144068468
14219,9919.561057937979
14220,8744.298047752476
14221,8563.126071892933
14222,7611.561903366823
14223,6972.253963383871
14224,8986.47527738518
14225,7887.351294234304
14226,10966.119904051548
14227,8817.034008852801
14228,8709.353133755718
14229,9658.872775431373
14230,9242.908317263014
14231,8456.408519592178
14232,9403.283746425992
14233,8321.963168704235
14234,10905.990880286558
14235,10863.38427798129
14236,9987.26285580912
14237,8709.749577912566
14238,8085.594134874068
14239,7537.415511372359
14240,6983.971066881485
14241,9565.567777677366
14242,7454.330543284596
14243,10538.266037366597
14244,7848.999765328959
14245,9187.196644261
14246,8079.008578650107
14247,13238.19369483082
14248,7823.330230050235
14249,7980.213498413618
14250,8627.923877805646
14251,9279.207302189836
14252,8347.118781545461
14253,10219.551907045874
14254,9122.988516284735
14255,11874.900059249168
14256,8807.275247711048
14257,9726.915400090005
14258,9164.726680408945
14259,8063.77648795981
14260,7800.573368300553
14261,11474.250404856044
14262,11463.672540392143
14263,8712.557284341909
14264,17655.353714543962
14265,8858.785356652235
14266,8503.237212851864
14267,8401.457087473378
14268,9866.120483580115
14269,10297.439457664394
14270,9188.300154848313
14271,9874.91951282745
14272,10225.625835845123
14273,8208.95339345637
14274,8434.676799365723
14275,7700.794051444766
14276,8136.53099537852
14277,8022.693077207471
14278,7978.688535902342
14279,7891.243169126329
14280,9200.001450212052
14281,17962.084575610294
14282,9751.615832008536
14283,8312.809541700391
14284,9785.07955026314
14285,7091.273724427412
14286,8872.266774027576
14287,6492.568277001544
14288,11777.105954580678
14289,9296.663290243108
14290,9661.287380968928
14291,13313.685432479126
14292,11834.916964395328
14293,10082.467189338648
14294,9395.366241921662
14295,7702.235103629555
14296,8800.58195812862
14297,9989.397396646342
14298,9278.446875889465
14299,7394.827552890786
14300,6884.540441837356
14301,7158.283462514398
14302,7972.557476343586
14303,8399.124436098136
14304,8744.675856890177
14305,7824.786624805155
14306,9655.266718748058
14307,9080.552956525822
14308,9150.994777145776
14309,8084.086353115203
14310,6963.645044905111
14311,9589.9420207829
14312,6991.9723440372145
14313,11194.003965096566
14314,8127.681735123196
14315,7395.560968570156
14316,9266.251731519716
14317,7570.406252466527
14318,7629.035069355814
14319,7640.940640046662
14320,8806.488214275976
14321,10883.556960848182
14322,11121.384761031997
14323,9236.363476579252
14324,7240.921970848432
14325,8799.996571639602
14326,8924.225023153364
14327,8791.676006491265
14328,7759.178966359965
14329,10115.120818109888
14330,11741.326440977911
14331,9276.246416597427
14332,9093.596225181307
14333,8999.806792342117
14334,8348.489937230821
14335,11134.281191891148
14336,8652.764421890137
14337,13380.022377730696
14338,8156.54403341863
14339,7553.840811973397
14340,7537.894028443164
14341,8118.982089608803
14342,9447.746039571775
14343,17348.35318895472
14344,7017.240599796829
14345,7741.415904772708
14346,10858.473313155637
14347,9923.757177173888
14348,9178.6588128532
14349,10039.974745522803
14350,7773.032082694207
14351,7293.839828933417
14352,7190.357638543108
14353,10270.216526686045
14354,7926.029506299271
14355,9789.157322596297
14356,8040.82664461989
14357,7659.6974456898015
14358,9747.586770868824
14359,8699.936911105815
14360,6421.694527296825
14361,10431.871902437853
14362,10403.64700456969
14363,7221.242508843348
14364,9783.728591417217
14365,8149.959411857673
14366,7951.5240943854105
14367,10193.259907578014
14368,8861.798188457433
14369,8939.919146211789
14370,7920.6303814623825
14371,7518.755200874369
14372,9085.23323275717
14373,6376.706313532577
14374,10104.010374875053
14375,7795.6805929265865
14376,8530.808723919437
14377,7625.65102014991
14378,8921.514304314085
14379,8219.507772497946
14380,9393.905312259272
14381,8755.918891448275
14382,8499.246957661662
14383,8697.357398319224
14384,9923.649135920105
14385,9237.887567083208
14386,11278.50138031759
14387,10547.83614449097
14388,11043.12893043533
14389,6958.518378405971
14390,8489.272376025809
14391,9836.824908069253
14392,7984.7878394733025
14393,10485.48903031238
14394,8207.214159058301
14395,10863.029076797719
14396,11678.713895474282
14397,10173.463928742132
14398,7358.827007695423
14399,10537.54775002376
14400,11488.489288353432
14401,8702.148765472728
14402,9336.791679265307
14403,10036.262154787828
14404,8567.453632195144
14405,9613.068936622747
14406,9156.57317784778
14407,8426.941223829335
14408,8217.524181637064
14409,8987.094735556819
14410,8138.775378406747
14411,8183.930943294981
14412,8871.804403908316
14413,8994.912871557219
14414,9280.627304083187
14415,9691.856591246356
14416,9851.230248761975
14417,8900.119434614504
14418,10391.865937361037
14419,8957.886783341157
14420,8818.490130561908
14421,8718.831788952975
14422,8699.599634134427
14423,9941.528616195128
14424,8811.473546659196
14425,7988.078116511935
14426,8638.994363077636
14427,9178.905394312069
14428,9164.850466618851
14429,8802.529458887084
14430,7613.272156982623
14431,8609.559862036043
14432,8994.936234070012
14433,8739.792862077169
14434,9090.86257325509
14435,9520.903294037238
14436,8217.545841585264
14437,7741.00193602488
14438,7006.4288211080175
14439,8425.2006742188
14440,9487.078452836324
14441,9055.018690027338
14442,10424.24309803867
14443,10595.21065286042
14444,8423.45218073608
14445,9420.099527724899
14446,7943.056475231117
14447,7376.298493841282
14448,9131.487461838788
14449,12597.833829375975
14450,9079.886363725862
14451,9831.480408379428
14452,7802.76716530745
14453,9424.329497281207
14454,11478.79856361989
14455,8121.153771522571
14456,9438.387105779517
14457,7703.005267246512
14458,7367.936348467503
14459,7656.708382854399
14460,8639.184459300475
14461,8430.588665096226
14462,7598.581931834877
14463,8594.291340022075
14464,7463.842482518311
14465,8697.024359692954
14466,9899.676916090151
14467,7581.249923826533
14468,9207.841971670608
14469,9587.225722221629
14470,8270.117239294443
14471,8886.20138028046
14472,9397.967812475039
14473,9627.823729225021
14474,8796.465506883917
14475,7660.652333668189
14476,15025.452463404037
14477,7814.788573089018
14478,7890.912608056909
14479,10391.753762168913
14480,10381.39464773193
14481,10107.45709935524
14482,9166.754865305742
14483,9334.135217000307
14484,10390.612554323092
14485,15574.298487596558
14486,8210.92255323369
14487,7840.182571722425
14488,7893.065915951642
14489,10082.4329946402
14490,8941.038379166745
14491,10053.890243564942
14492,9610.267221451972
14493,8028.740036928562
14494,7700.820277843283
14495,9235.569127302282
14496,10182.46264262877
14497,7665.945472978952
14498,8858.665289932907
14499,7189.7045728444
14500,8231.506599297842
14501,9730.973608671286
14502,8893.230839403175
14503,10266.228900788696
14504,8744.914376752191
14505,7409.502294400697
14506,9278.003466705642
14507,9479.425822109231
14508,10052.570915445276
14509,9234.533174733566
14510,9471.403394755664
14511,8687.733779101012
14512,8652.418372177002
14513,11620.643476672165
14514,7262.99131846835
14515,11454.80358692716
14516,9431.951733520778
14517,7575.030004418409
14518,10641.035432295555
14519,7620.498024574816
14520,8877.386738463516
14521,9248.608209793978
14522,6996.794888972823
14523,7086.10453701843
14524,8741.208988950862
14525,11061.061736001684
14526,10514.622904272586
14527,7802.125231994095
14528,9188.815730625749
14529,9255.538473854132
14530,9533.68519280761
14531,8735.937288057568
14532,12174.959795663424
14533,10244.902480824578
14534,12793.612519956498
14535,7132.600504052802
14536,7625.295832739172
14537,11669.000101400163
14538,11941.149017153122
14539,8037.040626213654
14540,11796.357247299708
14541,7998.473657240983
14542,7962.055328926603
14543,7769.723988723182
14544,8599.466821903488
14545,7765.050315324591
14546,7510.693234000855
14547,7135.833300789932
14548,7602.838009147779
14549,11713.099529394667
14550,10032.771738405323
14551,21560.01619019517
14552,7654.547395826763
14553,9249.460084947841
14554,11070.103792552183
14555,12795.586443808292
14556,10363.733958123028
14557,11163.474212761703
14558,9686.053862071598
14559,11958.887888190104
14560,11786.002066542082
14561,9309.536060409904
14562,9909.433543203744
14563,11392.768698794698
14564,11329.178383276247
14565,10252.253528157
14566,10935.884425930923
14567,10583.059954426573
14568,9707.56356173692
14569,11921.500429422826
14570,14000.518890350224
14571,13715.999016782274
14572,15223.724064568294
14573,11156.503181523527
14574,10629.655959613216
14575,10133.180016356597
14576,8661.397053807152
14577,12174.942750998385
14578,13967.577561688724
14579,13264.923221958175
14580,9881.555186386879
14581,9787.040943823928
14582,10245.123164371747
14583,10601.39370746736
14584,13789.89097591593
14585,10865.58133273915
14586,9706.551041776762
14587,9662.071093205446
14588,12527.537249021296
14589,8742.072449945785
14590,10845.911342525975
14591,9291.376544840334
14592,10694.536652291647
14593,10990.009188559585
14594,9802.578815337705
14595,10624.291666940866
14596,10897.564636691463
14597,10501.288603371253
14598,10289.028631703506
14599,10528.970545720824
14600,14082.863361426773
14601,10470.036571183771
14602,12612.277446107239
14603,11134.063345584138
14604,12118.531900748594
14605,10851.802876955238
14606,12356.526964139472
14607,9615.809960027069
14608,10413.497981337337
14609,10823.491122988702
14610,10472.612090421548
14611,12453.47333746237
14612,11446.171787672067
14613,9360.811663410752
14614,10686.775246083376
14615,10383.632010563746
14616,13519.211764904567
14617,9545.84762709214
14618,14289.33377939372
14619,9668.005557658154
14620,10321.248552360437
14621,11723.564357537414
14622,10243.538116996388
14623,10533.077988890665
14624,11190.07138831402
14625,10725.72867599161
14626,10936.563175438601
14627,9387.698422630727
14628,10974.913833470555
14629,10597.462502619597
14630,11253.625087359605
14631,9311.649709529891
14632,10784.919886899963
14633,13231.718653518605
14634,10881.851021907325
14635,9336.778380022504
14636,11102.018663209694
14637,9875.976115477524
14638,11123.565482588005
14639,11190.927619066397
14640,9159.958679277775
14641,11158.609436009372
14642,10662.114680602876
14643,10694.925496780319
14644,10377.593505883628
14645,9183.51431604075
14646,9939.431246487744
14647,9821.972503404115
14648,11260.0563812293
14649,12051.965121816696
14650,9682.396827254479
14651,9568.028752510972
14652,10909.51853057903
14653,10297.023089236995
14654,10395.629682380826
14655,10763.853933165507
14656,10703.791116022225
14657,11320.191715755298
14658,9382.7658617184
14659,9712.138186802398
14660,10494.412933669464
14661,12076.126398021834
14662,10999.69566732824
14663,12035.039671614828
14664,11827.769488806887
14665,10434.018212878742
14666,11832.122940923902
14667,10464.43917267886
14668,11413.340497379391
14669,12116.450577536321
14670,10567.276899511884
14671,12809.544121873902
14672,11554.813634285656
14673,11610.768920663408
14674,10106.294858153358
14675,11714.413162317533
14676,11536.323744103982
14677,9997.110582809562
14678,9101.128557837354
14679,11451.832134270271
14680,11426.740011585092
14681,10185.122031644545
14682,9979.09001340464
14683,11964.130650014602
14684,11607.92329134056
14685,10431.481467405776
14686,10003.720858857869
14687,9926.119510321267
14688,11301.404656103494
14689,10842.810895262508
14690,10738.502625608038
14691,9307.878330440079
14692,10357.004531260927
14693,10747.650557639974
14694,9761.43298645347
14695,10138.219741365867
14696,9222.011343568227
14697,11347.135059855245
14698,10238.421574229164
14699,10423.669597385193
14700,12757.147706197158
14701,10236.955719529335
14702,10125.320035962339
14703,14407.649882357506
14704,10415.096493161527
14705,10459.5828426245
14706,10621.64710494895
14707,9227.01570989021
14708,10536.118009135604
14709,10297.221097027039
14710,11941.297711145442
14711,13292.813426258681
14712,10503.913401423722
14713,8173.526992516283
14714,9428.709955707283
14715,11209.01972006765
14716,11770.934343331268
14717,10985.70142102075
14718,11108.115057706276
14719,9315.567975874772
14720,9345.574094888825
14721,9324.476229148713
14722,9273.652816698479
14723,9976.89143966229
14724,11131.182423437644
14725,10608.696985964327
14726,10491.837080625368
14727,10893.322033563449
14728,11887.957124655179
14729,10643.70318506147
14730,9863.345134325602
14731,11860.247027016465
14732,13424.040621043516
14733,10502.818203348204
14734,11590.234693694802
14735,10282.639222735894
14736,10625.222410557182
14737,10006.039604208847
14738,10649.29358381615
14739,9970.36720521571
14740,11631.093757321052
14741,10584.558717475504
14742,13076.510617440837
14743,12776.093962029812
14744,10213.524832825182
14745,10732.876737598
14746,19610.317200278227
14747,14046.350159989313
14748,11697.54935861683
14749,8041.122536576785
14750,10372.2719426014
14751,13412.987843631654
14752,10340.042769017658
14753,13572.500973397562
14754,16968.307047630657
14755,11032.587572345885
14756,10322.475361833216
14757,11337.757565892154
14758,10349.547770542154
14759,14155.051490113787
14760,10893.01830908854
14761,11290.058159694243
14762,7955.137450906951
14763,10449.960051573706
14764,10369.538078285443
14765,11083.546765755158
14766,11777.26934378023
14767,9232.707613702654
14768,10838.568617618805
14769,10732.558691736218
14770,10198.22857251779
14771,10432.824012246558
14772,10750.938559891689
14773,9614.299449411954
14774,10240.50808144004
14775,10522.088949461222
14776,9776.273682013358
14777,10353.56422950865
14778,10012.785318241897
14779,10585.614383801716
14780,12209.3265734756
14781,10112.290744314329
14782,12676.295315694208
14783,10898.962071220772
14784,9015.204548381005
14785,10856.700514726137
14786,10364.406942923057
14787,9360.139550903594
14788,10053.860212466307
14789,10864.745149850198
14790,10352.655021953911
14791,10697.812120011431
14792,11364.237861234027
14793,10500.714963383949
14794,9340.605004787802
14795,9497.482540240273
14796,11876.450448550591
14797,10206.100864351445
14798,10391.51873538711
14799,18731.197623077496
14800,10681.14933905191
14801,10705.900312271495
14802,9878.29946253407
14803,9710.647871197645
14804,10293.325553916262
14805,8909.359323320785
14806,11043.7502254324
14807,11583.277655670698
14808,9423.066374561826
14809,19858.123057570774
14810,14602.711384561853
14811,9864.254079002974
14812,11115.134379452526
14813,9864.468852175287
14814,11043.716926788451
14815,11358.873425839121
14816,14731.008914089967
14817,11250.56581124437
14818,12530.090157156492
14819,11569.687899125956
14820,11034.088409005308
14821,9430.807619265308
14822,12733.141540614313
14823,10722.449996409408
14824,10230.735978295024
14825,9780.440289473607
14826,8658.083345738449
14827,12438.318700209142
14828,11815.694435680025
14829,10030.113729892177
14830,12598.184252308849
14831,10896.724106435404
14832,12549.250495887267
14833,9039.505710500696
14834,9744.496431990816
14835,10702.609058881879
14836,12215.303189908162
14837,10826.611977779938
14838,10830.191291511843
14839,11107.85481764831
14840,11328.116288912757
14841,9873.330463700257
14842,12656.801216126018
14843,11192.29697340462
14844,9860.343203954051
14845,16960.81906667788
14846,19848.470753829548
14847,11587.034766831011
14848,12118.738286009186
14849,13945.019875725591
14850,13782.790004247974
14851,13404.68651379152
14852,11085.03039907895
14853,11969.46945551524
14854,10384.775823594717
14855,11365.866921166058
14856,9588.827293738746
14857,11358.027193850738
14858,10149.804983353835
14859,10172.242167475724
14860,10285.485758042918
14861,8962.80610839589
14862,9614.864373279794
14863,9959.586055691032
14864,9210.277100284624
14865,9196.00860220085
14866,10342.997622164141
14867,11178.121092819183
14868,11966.556879888258
14869,11940.324812303881
14870,11765.439788369344
14871,10887.934270621912
14872,10714.830286094999
14873,12573.255503744685
14874,11475.780022070072
14875,9490.338088796672
14876,10559.528651437535
14877,11680.070855611553
14878,9853.517014152087
14879,10658.387258576313
14880,9329.303955403908
14881,10344.58618047546
14882,13950.36081654565
14883,9758.652616573008
14884,11389.124356769771
14885,11517.717828359711
14886,12191.06757386127
14887,13372.01126964627
14888,10214.890755541248
14889,12633.381623879117
14890,9177.929890289537
14891,9948.531632341754
14892,10344.649449878782
14893,9526.686763558277
14894,11518.671788670603
14895,9963.297728249137
14896,10944.966195799723
14897,11720.586730773428
14898,13192.551131160506
14899,11597.352804222135
14900,10113.86427358213
14901,10165.113603043732
14902,11806.724463191062
14903,10931.18159132033
14904,12463.365905519327
14905,10572.75045210844
14906,10589.717030630129
14907,12061.701020108496
14908,10630.454142053375
14909,10884.81718934207
14910,11269.394662547678
14911,11626.179509451307
14912,15638.076186374476
14913,10514.218799183263
14914,16362.940972836108
14915,10290.497384349483
14916,10225.26107762492
14917,9178.142116038118
14918,11521.261451541388
14919,10713.035266492316
14920,9632.950344766225
14921,11369.49795284497
14922,10354.181390114896
14923,9211.30411185056
14924,10525.16592746504
14925,10175.396909761204
14926,11170.17601108474
14927,10486.211685310649
14928,11381.842775447496
14929,11199.185510336489
14930,10453.187517005432
14931,11713.631354674746
14932,10123.424237987
14933,9824.854497460192
14934,10395.718092851224
14935,11329.76131859377
14936,15244.218469362331
14937,10883.128232427101
14938,9723.70135200385
14939,10129.607032809989
14940,11545.858131434541
14941,11153.895813881367
14942,10677.267044628381
14943,11420.21881713791
14944,10229.25904665969
14945,8868.612621639284
14946,10645.917936435413
14947,11200.270576153845
14948,10353.257484618269
14949,10686.684602665235
14950,10425.214151790635
14951,10369.948090816437
14952,9329.45817568211
14953,9779.58742769753
14954,11762.892296756494
14955,12032.770429527543
14956,12588.36314293144
14957,15409.82635711561
14958,11569.575320733471
14959,10177.213745093532
14960,10536.877550801262
14961,12996.324658387759
14962,12356.686378133178
14963,11201.979229671866
14964,11081.058549325744
14965,12393.657854169498
14966,10433.226041756812
14967,9458.538591296832
14968,13110.295411272764
14969,10706.20946845783
14970,11288.075211857025
14971,10562.610866990088
14972,8550.52282292898
14973,13955.87759592363
14974,9619.521380493403
14975,10297.464253283644
14976,9931.76003529003
14977,10840.298162605444
14978,10549.143889513274
14979,11236.974527278178
14980,10649.403905853678
14981,10182.971665208508
14982,9269.110936144889
14983,9722.546922214384
14984,9530.278753919318
14985,11032.754847899365
14986,21405.014162428502
14987,9582.436879101268
14988,10318.02695280379
14989,11702.060116407638
14990,9553.92996541001
14991,9223.398807135121
14992,10145.390060841526
14993,9688.154823799492
14994,10768.779632752769
14995,11388.33298520642
14996,9626.275826073537
14997,11662.036930318272
14998,9262.311795532754
14999,9295.629806089752
15000,11162.973342985093
15001,11753.09833944527
15002,12976.826206383877
15003,10284.725639195012
15004,11200.474270117962
15005,8925.221602116324
15006,10450.596577398283
15007,15406.080048535212
15008,13167.471445576846
15009,10579.458780478271
15010,9679.785470750527
15011,10692.048478696042
15012,9396.507650024878
15013,9180.495308788375
15014,11902.41127851242
15015,11501.01566886715
15016,9911.66799456493
15017,11051.25142311291
15018,10422.071385627885
15019,9810.024555576003
15020,10991.432114085608
15021,10984.923997052474
15022,10732.355747186137
15023,9381.246168707774
15024,10370.120107170202
15025,10903.91085955562
15026,11884.326932811486
15027,10643.77399858725
15028,11171.567564804776
15029,9146.132013704979
15030,11060.150577345255
15031,10069.655842856337
15032,10270.553878505869
15033,11002.524326893696
15034,11268.677203743646
15035,9854.348857907222
15036,10764.10860797659
15037,10839.398644039036
15038,9789.531050071155
15039,9866.31511554666
15040,10471.294095916823
15041,10596.002258917564
15042,10068.20956973719
15043,10949.12369588865
15044,10701.806789292772
15045,9860.908216984953
15046,13256.797627288566
15047,9122.913180692918
15048,8993.68437369288
15049,11099.804532370596
15050,11882.514832057395
15051,14095.950863286656
15052,10122.359772066955
15053,11034.310145154343
15054,10222.846436104368
15055,11795.699100721977
15056,10226.450812874278
15057,10638.693159724366
15058,8733.076948834754
15059,11616.03502937398
15060,10915.061464351757
15061,10199.742707751922
15062,9363.662183251698
15063,10837.832264590486
15064,11377.346150121371
15065,10197.690617014528
15066,13301.507227875181
15067,10650.640444144628
15068,12262.915998258077
15069,10409.58178132242
15070,9852.426236132698
15071,10514.840756164214
15072,11242.345285691881
15073,11071.052358136669
15074,9661.826202073353
15075,10729.1023265393
15076,10636.527413438456
15077,10775.461344779655
15078,9970.793497063754
15079,8859.47203536248
15080,11177.710356501797
15081,10069.688161526621
15082,12420.74780131483
15083,10688.346879428876
15084,10594.303076689097
15085,11841.049585734274
15086,11206.071473785649
15087,10536.963777023397
15088,11510.529813735804
15089,10462.902321155956
15090,12124.324722560907
15091,12967.797437484698
15092,12127.209609019626
15093,10812.55597294877
15094,10348.421759105284
15095,9374.30298810132
15096,9164.12890826535
15097,11429.929486431874
15098,9796.302392566664
15099,11979.553751763087
15100,10160.544947093409
15101,11173.605376364816
15102,10295.293609969298
15103,16151.763278774082
15104,9901.894080945247
15105,10347.731154412193
15106,11145.541142161128
15107,10931.729684806305
15108,9894.57358111902
15109,11462.503205040832
15110,10988.143716358756
15111,13663.734899995203
15112,10462.15495514082
15113,11047.111592086225
15114,10561.985916236605
15115,9713.009793985242
15116,10033.85120256502
15117,13061.89033689434
15118,13692.106124453461
15119,10459.593195798494
15120,15085.12267195249
15121,11090.35712462332
15122,10662.248351341006
15123,11033.893568072584
15124,11392.825183575149
15125,12567.193189759048
15126,10867.924235425717
15127,11385.553201441531
15128,11669.134191666353
15129,10363.491629930702
15130,10444.21458568325
15131,9991.758500324375
15132,10292.749481762923
15133,10337.278141292809
15134,9614.557126255962
15135,9664.398774225041
15136,11107.918651720527
15137,19795.256567097527
15138,11151.586732392178
15139,9570.936299844883
15140,11582.586119627085
15141,9025.417061581567
15142,10094.66194375757
15143,8048.507298010834
15144,13494.233801113489
15145,10505.653850045257
15146,10831.46913038452
15147,15134.52088519234
15148,13388.57614101451
15149,11793.863217246002
15150,10874.947977043059
15151,8879.066185080452
15152,10644.4982021866
15153,10798.759413606665
15154,11343.1602194465
15155,9587.252400678839
15156,8776.22554974203
15157,9533.683282881637
15158,10040.33927732253
15159,10530.725903476132
15160,10622.99014279675
15161,8940.438673393915
15162,10898.642090759138
15163,10740.268544020548
15164,10722.15622669856
15165,9804.881353256264
15166,9231.612987394967
15167,10774.921564514665
15168,9177.346869703599
15169,12917.131827749183
15170,9782.61106169023
15171,9307.930279845688
15172,11063.109926352374
15173,9849.089417711955
15174,9687.98200637886
15175,9746.833688256134
15176,10735.068982303437
15177,12642.030147571899
15178,12652.632151023583
15179,10364.415646523194
15180,8848.808193222825
15181,10417.504429228438
15182,11076.407223416198
15183,10061.258283274416
15184,10047.727641734651
15185,11096.85845914553
15186,13909.016170263647
15187,11038.877558855098
15188,10495.27916734762
15189,10678.949180320922
15190,10358.564064485136
15191,12434.351350323901
15192,10562.158374530838
15193,14957.753148638707
15194,10054.790064835583
15195,9441.309748101894
15196,9602.338984527567
15197,9409.08313461329
15198,11135.395344492596
15199,18678.842002385147
15200,8821.232494087597
15201,10019.34625873703
15202,12902.986197741073
15203,11541.455546199117
15204,11368.812503537292
15205,11351.350184436047
15206,10063.996531573817
15207,9318.823988774058
15208,9403.363219216008
15209,11897.509273601216
15210,9731.328963534557
15211,11437.730168795679
15212,10296.839766634372
15213,9864.633489607433
15214,11485.34248988571
15215,9979.55618491932
15216,8253.584377012725
15217,12550.87330330789
15218,11625.10290322426
15219,9045.81513601895
15220,11228.147177494022
15221,10039.538990053818
15222,9457.491594792245
15223,12514.448724471873
15224,10214.124990789716
15225,10897.437126948007
15226,9537.695585218145
15227,9455.835920482883
15228,10490.904788561667
15229,8280.55141399521
15230,11721.694465344892
15231,9752.98760366963
15232,10541.200379743055
15233,9274.22386634928
15234,10269.719611062694
15235,9875.41191008834
15236,10735.144492491634
15237,10687.542398616413
15238,10724.367558714093
15239,10874.80774144686
15240,12088.845499194129
15241,11525.55092147835
15242,12894.065930071492
15243,12037.248742815918
15244,12891.831634267099
15245,8518.274331613138
15246,10783.734273689162
15247,11225.200858003709
15248,10254.254171777979
15249,11828.17906074252
15250,10379.700479559313
15251,12810.44749988817
15252,13310.12171694436
15253,11727.142245537434
15254,9562.082801702973
15255,12354.986677741255
15256,12696.852130606934
15257,10007.38861422818
15258,11221.941787461066
15259,11877.20898916247
15260,10735.874202741144
15261,11419.175817232492
15262,10816.288765342506
15263,10230.560431154545
15264,10402.898707303448
15265,10717.629082483352
15266,10316.59840849993
15267,10348.927977897994
15268,10889.370426860798
15269,10578.202031334939
15270,11087.725041875836
15271,10990.529441480605
15272,11890.908920811366
15273,10785.254189850515
15274,12162.872692790872
15275,10976.77600535542
15276,10233.27694228896
15277,10453.860527709518
15278,10914.436071508178
15279,11552.609923078251
15280,10449.889212264468
15281,10173.452642178308
15282,10675.22136936383
15283,10615.520837873146
15284,10831.145113657387
15285,10131.725158772393
15286,9798.646682648994
15287,10782.695482149262
15288,9644.250269852473
15289,10308.980298199767
15290,11202.041048012898
15291,10829.94261084108
15292,10581.315584416037
15293,9534.20006085425
15294,8789.467295548378
15295,10256.906196215827
15296,10785.173808657473
15297,11072.869140857381
15298,12028.724266396386
15299,12384.897353705477
15300,10113.789442692363
15301,11509.457992567284
15302,9951.24903277627
15303,9540.719599657265
15304,11575.29489121445
15305,14688.264159338161
15306,11001.15342730127
15307,11409.661094828056
15308,10043.212341491488
15309,11018.78862561326
15310,13611.420966195237
15311,10313.650424165831
15312,11466.69910737126
15313,9515.20255097431
15314,9510.464140331153
15315,9909.3924645916
15316,10203.697721053974
15317,10102.41427036714
15318,9763.37572461641
15319,10625.0030699898
15320,9314.367334986366
15321,10804.790148193042
15322,12126.722761925947
15323,9455.917389506707
15324,10800.785665084408
15325,10973.586773549232
15326,10200.483582921448
15327,10955.928151391136
15328,11390.123134230838
15329,11264.607724155147
15330,10827.17723685164
15331,9472.849617395988
15332,18207.051994724843
15333,9764.918424018722
15334,9726.585661206445
15335,12529.520157564208
15336,12252.99384332387
15337,11456.597314802839
15338,10553.115916633345
15339,10972.7709343677
15340,12363.444094550114
15341,18336.27355320852
15342,10478.005174743996
15343,9576.72672337817
15344,9816.44295384902
15345,11867.674336363176
15346,10545.859441063012
15347,12024.51625197844
15348,11866.267117889323
15349,10220.934422592118
15350,9485.539002193726
15351,11325.304073476025
15352,11581.065330963342
15353,9450.664197329397
15354,11011.846443022807
15355,9473.650500373124
15356,10142.231858042769
15357,12305.968269006446
15358,10506.157449469194
15359,11971.281484978475
15360,10333.30918694476
15361,9549.123881911468
15362,10702.457865675407
15363,11403.239032903273
15364,11645.24924303524
15365,10995.395878986785
15366,10813.667710149952
15367,10875.003834463627
15368,9954.883012250337
15369,12909.38813778313
15370,9427.578816632305
15371,13156.563128597061
15372,10668.534334640557
15373,9722.086617798774
15374,11334.990852983798
15375,9712.781209125546
15376,10490.313348529535
15377,11418.773870940995
15378,9834.720475743634
15379,9261.491980174906
15380,11018.386637438018
15381,12832.068491431519
15382,12679.044010088577
15383,9514.237695284131
15384,11566.865169902489
15385,11299.039269679735
15386,11020.744184282139
15387,10981.069874221588
15388,13287.783466335435
15389,11588.15955316663
15390,13627.811545172037
15391,9471.78494250152
15392,9490.851797273152
15393,11927.22947735891
15394,14459.184464596738
15395,10168.642093591627
15396,13262.835505889398
15397,10183.848182907355
15398,9732.948476861873
15399,10320.916408605623
15400,10725.388519921826
15401,9820.448120640309
15402,9777.777097561764
15403,9328.30138972181
15404,9746.678382078922
15405,14130.909353909474
15406,11344.835199565765
15407,21279.900573636314
15408,9713.099371316923
15409,0.0
15410,0.0
15411,0.0
15412,0.0
15413,0.0
15414,0.0
15415,0.0
15416,0.0
15417,0.0
15418,0.0
15419,0.0
15420,0.0
15421,0.0
15422,0.0
15423,0.0
15424,0.0
15425,0.0
15426,0.0
15427,0.0
15428,0.0
15429,0.0
15430,0.0
15431,0.0
15432,0.0
15433,0.0
15434,0.0
15435,0.0
15436,0.0
15437,0.0
15438,0.0
15439,0.0
15440,0.0
15441,0.0
15442,0.0
15443,0.0
15444,0.0
15445,0.0
15446,0.0
15447,0.0
15448,0.0
15449,0.0
15450,0.0
15451,0.0
15452,0.0
15453,0.0
15454,0.0
15455,0.0
15456,0.0
15457,0.0
15458,0.0
15459,0.0
15460,0.0
15461,0.0
15462,0.0
15463,0.0
15464,0.0
15465,0.0
15466,0.0
15467,0.0
15468,0.0
15469,0.0
15470,0.0
15471,0.0
15472,0.0
15473,0.0
15474,0.0
15475,0.0
15476,0.0
15477,0.0
15478,0.0
15479,0.0
15480,0.0
15481,0.0
15482,0.0
15483,0.0
15484,0.0
15485,0.0
15486,0.0
15487,0.0
15488,0.0
15489,0.0
15490,0.0
15491,0.0
15492,0.0
15493,0.0
15494,0.0
15495,0.0
15496,0.0
15497,0.0
15498,0.0
15499,0.0
15500,4250.531512237064
15501,0.0
15502,0.0
15503,0.0
15504,0.0
15505,0.0
15506,0.0
15507,0.0
15508,0.0
15509,0.0
15510,0.0
15511,0.0
15512,0.0
15513,0.0
15514,0.0
15515,0.0
15516,0.0
15517,0.0
15518,0.0
15519,0.0
15520,0.0
15521,0.0
15522,0.0
15523,0.0
15524,0.0
15525,0.0
15526,0.0
15527,0.0
15528,0.0
15529,0.0
15530,0.0
15531,0.0
15532,0.0
15533,0.0
15534,0.0
15535,0.0
15536,0.0
15537,0.0
15538,0.0
15539,0.0
15540,0.0
15541,0.0
15542,0.0
15543,0.0
15544,0.0
15545,0.0
15546,0.0
15547,0.0
15548,0.0
15549,0.0
15550,0.0
15551,0.0
15552,0.0
15553,0.0
15554,0.0
15555,0.0
15556,0.0
15557,0.0
15558,0.0
15559,0.0
15560,0.0
15561,0.0
15562,0.0
15563,0.0
15564,0.0
15565,0.0
15566,0.0
15567,0.0
15568,4342.837718654361
15569,0.0
15570,0.0
15571,0.0
15572,0.0
15573,0.0
15574,0.0
15575,0.0
15576,0.0
15577,0.0
15578,0.0
15579,0.0
15580,0.0
15581,0.0
15582,0.0
15583,0.0
15584,0.0
15585,0.0
15586,0.0
15587,0.0
15588,0.0
15589,0.0
15590,0.0
15591,0.0
15592,0.0
15593,0.0
15594,0.0
15595,0.0
15596,0.0
15597,0.0
15598,0.0
15599,0.0
15600,0.0
15601,0.0
15602,0.0
15603,0.0
15604,0.0
15605,0.0
15606,0.0
15607,0.0
15608,0.0
15609,13864.07147205973
15610,23271.64915946546
15611,0.0
15612,0.0
15613,0.0
15614,0.0
15615,0.0
15616,0.0
15617,0.0
15618,6970.774102700515
15619,0.0
15620,0.0
15621,0.0
15622,0.0
15623,0.0
15624,0.0
15625,0.0
15626,0.0
15627,0.0
15628,0.0
15629,0.0
15630,0.0
15631,0.0
15632,0.0
15633,0.0
15634,0.0
15635,0.0
15636,0.0
15637,6225.422248421898
15638,0.0
15639,0.0
15640,0.0
15641,0.0
15642,0.0
15643,0.0
15644,0.0
15645,0.0
15646,0.0
15647,4827.369836629586
15648,0.0
15649,0.0
15650,0.0
15651,0.0
15652,0.0
15653,0.0
15654,0.0
15655,0.0
15656,0.0
15657,0.0
15658,0.0
15659,0.0
15660,0.0
15661,0.0
15662,0.0
15663,0.0
15664,0.0
15665,9454.102222993604
15666,0.0
15667,0.0
15668,0.0
15669,0.0
15670,0.0
15671,0.0
15672,0.0
15673,0.0
15674,0.0
15675,0.0
15676,0.0
15677,0.0
15678,0.0
15679,0.0
15680,0.0
15681,0.0
15682,8010.596495349125
15683,0.0
15684,0.0
15685,0.0
15686,0.0
15687,0.0
15688,0.0
15689,0.0
15690,0.0
15691,0.0
15692,0.0
15693,0.0
15694,0.0
15695,0.0
15696,0.0
15697,0.0
15698,0.0
15699,0.0
15700,0.0
15701,0.0
15702,0.0
15703,0.0
15704,0.0
15705,0.0
15706,0.0
15707,0.0
15708,0.0
15709,0.0
15710,0.0
15711,0.0
15712,0.0
15713,0.0
15714,0.0
15715,0.0
15716,0.0
15717,0.0
15718,0.0
15719,0.0
15720,0.0
15721,0.0
15722,0.0
15723,0.0
15724,0.0
15725,0.0
15726,0.0
15727,0.0
15728,0.0
15729,0.0
15730,0.0
15731,0.0
15732,0.0
15733,0.0
15734,0.0
15735,0.0
15736,0.0
15737,0.0
15738,0.0
15739,0.0
15740,0.0
15741,0.0
15742,0.0
15743,0.0
15744,3874.4658340812653
15745,0.0
15746,0.0
15747,0.0
15748,0.0
15749,0.0
15750,0.0
15751,0.0
15752,0.0
15753,0.0
15754,0.0
15755,0.0
15756,0.0
15757,0.0
15758,5131.914330989179
15759,0.0
15760,0.0
15761,0.0
15762,0.0
15763,0.0
15764,0.0
15765,0.0
15766,0.0
15767,0.0
15768,0.0
15769,0.0
15770,0.0
15771,0.0
15772,0.0
15773,0.0
15774,0.0
15775,0.0
15776,0.0
15777,0.0
15778,0.0
15779,0.0
15780,0.0
15781,0.0
15782,0.0
15783,0.0
15784,0.0
15785,0.0
15786,0.0
15787,0.0
15788,0.0
15789,0.0
15790,0.0
15791,0.0
15792,0.0
15793,0.0
15794,0.0
15795,0.0
15796,0.0
15797,0.0
15798,0.0
15799,0.0
15800,0.0
15801,7750.743993534436
15802,0.0
15803,0.0
15804,0.0
15805,0.0
15806,0.0
15807,0.0
15808,0.0
15809,0.0
15810,0.0
15811,5009.578275692294
15812,0.0
15813,0.0
15814,0.0
15815,4162.026735180426
15816,0.0
15817,0.0
15818,0.0
15819,0.0
15820,0.0
15821,0.0
15822,0.0
15823,0.0
15824,0.0
15825,0.0
15826,0.0
15827,0.0
15828,0.0
15829,0.0
15830,0.0
15831,0.0
15832,0.0
15833,0.0
15834,0.0
15835,0.0
15836,0.0
15837,0.0
15838,0.0
15839,0.0
15840,0.0
15841,0.0
15842,18169.68789934542
15843,0.0
15844,0.0
15845,0.0
15846,0.0
15847,0.0
15848,0.0
15849,0.0
15850,0.0
15851,0.0
15852,0.0
15853,0.0
15854,0.0
15855,0.0
15856,7137.249431156409
15857,0.0
15858,0.0
15859,0.0
15860,0.0
15861,0.0
15862,0.0
15863,0.0
15864,0.0
15865,0.0
15866,0.0
15867,0.0
15868,0.0
15869,0.0
15870,0.0
15871,0.0
15872,0.0
15873,0.0
15874,0.0
15875,0.0
15876,0.0
15877,0.0
15878,0.0
15879,0.0
15880,0.0
15881,0.0
15882,0.0
15883,0.0
15884,0.0
15885,0.0
15886,0.0
15887,0.0
15888,0.0
15889,0.0
15890,0.0
15891,0.0
15892,0.0
15893,0.0
15894,0.0
15895,0.0
15896,0.0
15897,0.0
15898,0.0
15899,0.0
15900,0.0
15901,0.0
15902,0.0
15903,0.0
15904,0.0
15905,0.0
15906,0.0
15907,0.0
15908,0.0
15909,0.0
15910,0.0
15911,0.0
15912,0.0
15913,0.0
15914,0.0
15915,0.0
15916,0.0
15917,0.0
15918,0.0
15919,0.0
15920,0.0
15921,0.0
15922,0.0
15923,0.0
15924,0.0
15925,0.0
15926,0.0
15927,0.0
15928,0.0
15929,0.0
15930,0.0
15931,10591.888170322147
15932,0.0
15933,0.0
15934,0.0
15935,0.0
15936,0.0
15937,0.0
15938,0.0
15939,0.0
15940,0.0
15941,0.0
15942,0.0
15943,0.0
15944,0.0
15945,0.0
15946,0.0
15947,0.0
15948,0.0
15949,0.0
15950,0.0
15951,0.0
15952,0.0
15953,0.0
15954,0.0
15955,0.0
15956,0.0
15957,0.0
15958,0.0
15959,0.0
15960,0.0
15961,0.0
15962,0.0
15963,0.0
15964,0.0
15965,0.0
15966,0.0
15967,0.0
15968,0.0
15969,0.0
15970,0.0
15971,0.0
15972,0.0
15973,0.0
15974,0.0
15975,4809.683829837061
15976,15685.500436881302
15977,0.0
15978,0.0
15979,0.0
15980,0.0
15981,0.0
15982,0.0
15983,0.0
15984,0.0
15985,0.0
15986,0.0
15987,0.0
15988,0.0
15989,0.0
15990,0.0
15991,0.0
15992,0.0
15993,0.0
15994,0.0
15995,0.0
15996,0.0
15997,0.0
15998,0.0
15999,0.0
16000,0.0
16001,0.0
16002,0.0
16003,0.0
16004,10884.161964217905
16005,0.0
16006,0.0
16007,0.0
16008,0.0
16009,0.0
16010,0.0
16011,0.0
16012,0.0
16013,0.0
16014,0.0
16015,0.0
16016,0.0
16017,0.0
16018,0.0
16019,0.0
16020,0.0
16021,0.0
16022,0.0
16023,0.0
16024,0.0
16025,0.0
16026,0.0
16027,0.0
16028,0.0
16029,0.0
16030,0.0
16031,0.0
16032,0.0
16033,0.0
16034,0.0
16035,0.0
16036,0.0
16037,0.0
16038,0.0
16039,0.0
16040,0.0
16041,0.0
16042,0.0
16043,0.0
16044,0.0
16045,0.0
16046,0.0
16047,0.0
16048,0.0
16049,0.0
16050,0.0
16051,0.0
16052,0.0
16053,0.0
16054,0.0
16055,0.0
16056,0.0
16057,0.0
16058,0.0
16059,0.0
16060,0.0
16061,0.0
16062,0.0
16063,0.0
16064,0.0
16065,0.0
16066,0.0
16067,0.0
16068,0.0
16069,0.0
16070,0.0
16071,0.0
16072,0.0
16073,0.0
16074,4710.90492577913
16075,0.0
16076,0.0
16077,0.0
16078,4805.83418042023
16079,0.0
16080,0.0
16081,0.0
16082,0.0
16083,0.0
16084,0.0
16085,0.0
16086,0.0
16087,0.0
16088,0.0
16089,0.0
16090,0.0
16091,0.0
16092,0.0
16093,0.0
16094,0.0
16095,0.0
16096,0.0
16097,0.0
16098,0.0
16099,0.0
16100,0.0
16101,0.0
16102,0.0
16103,0.0
16104,0.0
16105,0.0
16106,0.0
16107,0.0
16108,0.0
16109,0.0
16110,0.0
16111,0.0
16112,0.0
16113,0.0
16114,0.0
16115,0.0
16116,0.0
16117,0.0
16118,0.0
16119,0.0
16120,0.0
16121,0.0
16122,0.0
16123,0.0
16124,0.0
16125,0.0
16126,0.0
16127,0.0
16128,0.0
16129,4427.309877966432
16130,0.0
16131,0.0
16132,0.0
16133,0.0
16134,0.0
16135,0.0
16136,0.0
16137,0.0
16138,0.0
16139,0.0
16140,0.0
16141,0.0
16142,0.0
16143,0.0
16144,9336.606225802718
16145,0.0
16146,0.0
16147,0.0
16148,0.0
16149,0.0
16150,0.0
16151,0.0
16152,0.0
16153,0.0
16154,0.0
16155,0.0
16156,0.0
16157,0.0
16158,0.0
16159,0.0
16160,0.0
16161,0.0
16162,0.0
16163,0.0
16164,0.0
16165,0.0
16166,0.0
16167,0.0
16168,0.0
16169,0.0
16170,0.0
16171,0.0
16172,0.0
16173,0.0
16174,0.0
16175,0.0
16176,0.0
16177,0.0
16178,0.0
16179,0.0
16180,0.0
16181,0.0
16182,0.0
16183,0.0
16184,0.0
16185,0.0
16186,0.0
16187,0.0
16188,0.0
16189,0.0
16190,0.0
16191,0.0
16192,0.0
16193,0.0
16194,0.0
16195,0.0
16196,0.0
16197,0.0
16198,0.0
16199,0.0
16200,0.0
16201,0.0
16202,0.0
16203,0.0
16204,0.0
16205,0.0
16206,0.0
16207,0.0
16208,4817.064712480476
16209,0.0
16210,0.0
16211,0.0
16212,0.0
16213,0.0
16214,0.0
16215,0.0
16216,0.0
16217,0.0
16218,0.0
16219,0.0
16220,0.0
16221,0.0
16222,0.0
16223,0.0
16224,0.0
16225,0.0
16226,0.0
16227,0.0
16228,0.0
16229,0.0
16230,0.0
16231,0.0
16232,0.0
16233,0.0
16234,0.0
16235,0.0
16236,0.0
16237,0.0
16238,0.0
16239,0.0
16240,0.0
16241,0.0
16242,0.0
16243,0.0
16244,0.0
16245,0.0
16246,0.0
16247,0.0
16248,0.0
16249,11968.010051064437
16250,7731.549576972018
16251,0.0
16252,0.0
16253,0.0
16254,0.0
16255,0.0
16256,0.0
16257,0.0
16258,0.0
16259,0.0
16260,0.0
16261,0.0
16262,0.0
16263,0.0
16264,0.0
16265,5164.39820650646
16266,4336.133313264161
16267,6013.723278740737
16268,4603.115639959144
16269,5878.984612700594
16270,4327.270868080055
16271,6415.223820510523
16272,6243.097034617159
16273,4510.796933815951
16274,4474.007652314021
16275,6937.755980020397
16276,6194.234815645071
16277,5466.910270629838
16278,5894.97574465725
16279,6280.657148175182
16280,4267.640032171012
16281,7477.999876373465
16282,7686.016881441602
16283,9186.07382369523
16284,7859.39729250572
16285,7181.934779227739
16286,4882.756679163675
16287,6561.308539289264
16288,3703.8340543424288
16289,7749.218406540063
16290,8507.879470406935
16291,8283.168222055687
16292,5398.746900900452
16293,4055.659690056154
16294,4749.559619132986
16295,6274.786812829109
16296,8032.309593221009
16297,5651.0563464674615
16298,5304.593974819749
16299,5285.964055213345
16300,6895.492996982806
16301,3675.836037090047
16302,6944.288050415349
16303,5129.399862178622
16304,5615.710900694417
16305,6796.479584582674
16306,4731.605522978639
16307,7016.164514253265
16308,5668.351799883746
16309,5065.08317221521
16310,4884.04987140276
16311,6556.667452209101
16312,8419.361739514903
16313,5926.962752871017
16314,6950.920968340298
16315,6691.57138201079
16316,7358.124730781063
16317,7032.374590315535
16318,5915.100164130141
16319,4108.081817265929
16320,5493.777287781139
16321,5528.962854142951
16322,6651.969000192263
16323,8262.30952662472
16324,6934.492294990936
16325,4121.1622526423835
16326,6234.971731891945
16327,5253.3539265069285
16328,5768.39337124586
16329,4171.124562288848
16330,9040.55621712102
16331,4097.960824810564
16332,4810.793960979192
16333,6169.2233356501365
16334,5922.780766333492
16335,5762.356006161446
16336,4585.061177817524
16337,6448.922947081722
16338,5990.380956048827
16339,5794.976014243772
16340,6720.98144821473
16341,6971.590223365058
16342,5586.593106056848
16343,4615.630031487865
16344,5634.9868447501785
16345,8975.05912968634
16346,5799.034851881966
16347,4422.451973128412
16348,6908.344639232925
16349,5020.886953986122
16350,7123.654018276541
16351,7040.841887239056
16352,4095.974205173096
16353,7234.693277388477
16354,5941.032118440527
16355,6175.562718393848
16356,5514.290119294228
16357,4360.005000961802
16358,5729.421742640351
16359,5147.294938766867
16360,7007.5710221523195
16361,6211.322922045474
16362,5103.8417337520605
16363,5311.243600644449
16364,6505.256971368617
16365,5987.184863135551
16366,5396.00308385537
16367,5275.150570155996
16368,4872.892914765972
16369,5956.841720986049
16370,5605.611067025394
16371,4311.097199377123
16372,6003.128063352503
16373,6406.540785270192
16374,5838.205161666955
16375,7517.70974184902
16376,7699.661248372681
16377,5823.261092860882
16378,7492.335563885473
16379,5189.939177541846
16380,4857.127567780992
16381,7802.221674725128
16382,6033.6081115837615
16383,7108.26828203905
16384,7809.511276458369
16385,6873.25803374753
16386,6196.723373462189
16387,6355.775727172799
16388,7252.762507534357
16389,4350.607862454998
16390,3535.5396131960106
16391,5844.835356366142
16392,5384.134783516792
16393,5652.464417169252
16394,4789.543414324556
16395,6335.99774838495
16396,5482.514607064537
16397,4678.907045268081
16398,5712.932626015554
16399,4395.047631871376
16400,6626.155295376286
16401,6329.919828016868
16402,4985.928203470341
16403,5492.544803362752
16404,4695.811840575342
16405,6885.639848208494
16406,4377.815522865628
16407,4838.215502211013
16408,4826.913129440828
16409,6884.4939849074135
16410,4567.658145519308
16411,5079.461968028959
16412,8546.186828233784
16413,5187.370907897688
16414,5820.912014403633
16415,10297.870650405413
16416,6125.569083140093
16417,6812.992044568219
16418,5145.842884974144
16419,5248.86404224998
16420,6975.368606098123
16421,4370.802084994179
16422,6391.238831384562
16423,7172.414102962807
16424,5160.786657510563
16425,3730.298328353818
16426,3814.2302137270954
16427,7306.5929450885915
16428,7145.170520972893
16429,5660.060925458266
16430,5881.7296578653495
16431,5288.495712328717
16432,4725.296983104492
16433,4072.7194161132384
16434,3716.1098858299015
16435,5856.813417107901
16436,7089.462592194312
16437,5520.169815091669
16438,5257.28860159028
16439,7192.048092991423
16440,7016.998981830251
16441,6848.282050326774
16442,5847.9185262116
16443,6649.034722987825
16444,8040.127323316362
16445,4823.049351963499
16446,6087.612952484661
16447,6240.15131786167
16448,6543.336129917908
16449,5382.503329778543
16450,5289.703463076896
16451,5380.901928881224
16452,6810.178028588934
16453,6259.107351676856
16454,7655.4708149545995
16455,7487.023815818665
16456,6476.285092713214
16457,6522.619110352218
16458,16474.8700431447
16459,8455.72163224828
16460,6105.090952049406
16461,3852.4043645761694
16462,6476.447409384181
16463,8336.823448766749
16464,3745.1482747580144
16465,10104.815259277142
16466,16505.664905003192
16467,5689.019513569336
16468,4584.942044570993
16469,7409.371190304346
16470,4761.6389741279845
16471,7745.527575162717
16472,4259.92200317793
16473,6070.200140741385
16474,4382.009869021963
16475,5502.174572646261
16476,6761.702911102887
16477,5863.688746802301
16478,7856.966564064861
16479,5763.1814728046575
16480,7043.1474828841165
16481,5494.773755965422
16482,5443.744903246043
16483,5276.5758680164045
16484,6775.462681557767
16485,5280.861689652338
16486,5741.754787724797
16487,4631.689691924532
16488,4367.386334236076
16489,4453.842895179518
16490,4398.446364282806
16491,5082.163582203186
16492,7666.037456894958
16493,7213.980212309328
16494,6543.424560833894
16495,5814.776935264595
16496,5264.113454097536
16497,4679.475712202069
16498,5058.003237248021
16499,5688.49668023192
16500,4127.441200433442
16501,5191.126943797613
16502,6124.946637380999
16503,6024.262282987425
16504,6294.18712251374
16505,6073.158103103103
16506,3939.9484209880125
16507,4490.663232414047
16508,7290.742587850397
16509,5744.297467990654
16510,5941.824232563714
16511,12855.231277109511
16512,7069.285211297638
16513,5619.672224842227
16514,5826.023411565047
16515,4286.0850500915985
16516,4846.243564314797
16517,4375.642885376864
16518,5720.879661148966
16519,6567.5248836449955
16520,5815.9415759205895
16521,10308.284140518841
16522,8666.402261870366
16523,6059.093925078385
16524,5761.800681197433
16525,5200.350902029471
16526,5867.285341151031
16527,5640.888485396987
16528,9060.747655484809
16529,6088.386898795409
16530,7154.442551667618
16531,5381.037732113118
16532,5875.7591262276055
16533,6025.2401944197945
16534,6489.875739975891
16535,6120.134194906258
16536,4881.457788259476
16537,6248.488311565473
16538,6097.719188135567
16539,8452.30316493427
16540,6386.935610482317
16541,6424.638703923877
16542,6622.394753312861
16543,6982.574726738854
16544,9298.18523759765
16545,3989.6053684457765
16546,5665.582069636725
16547,6908.45292498214
16548,8338.988854664261
16549,6988.030952579075
16550,6278.477761023184
16551,6970.593060672731
16552,7053.121187334232
16553,5864.155515938934
16554,6999.028123157339
16555,6158.8157265860955
16556,5517.171795221092
16557,10645.075322531047
16558,14934.511426921423
16559,6724.9326440605155
16560,7416.0226004916185
16561,7465.911858020625
16562,7433.507640793206
16563,7306.964961233884
16564,5452.835281204714
16565,5961.124506393454
16566,6607.425874593688
16567,6928.175192678533
16568,4266.450449412724
16569,5661.601375484109
16570,5721.16975864005
16571,4430.547829410408
16572,4656.87717132697
16573,4296.840916931941
16574,3889.5574879066103
16575,6176.680049119788
16576,3641.364654274178
16577,4737.190366402354
16578,5979.730314422773
16579,5934.056431431466
16580,7961.662533336479
16581,7954.417157396892
16582,6838.894913765459
16583,6823.629040161716
16584,6749.936386138674
16585,7873.767547433172
16586,5997.063559372476
16587,4012.8365623937425
16588,5636.435025435947
16589,9148.25939757119
16590,4607.265629246645
16591,6312.766441488092
16592,5132.620317651566
16593,4959.986363952903
16594,7343.623816132678
16595,5743.367486616101
16596,6158.6392495077625
16597,7639.921901400145
16598,8400.402541361937
16599,8154.140306680385
16600,4806.387829863623
16601,7509.626217494975
16602,3817.2636152462005
16603,5348.147734061609
16604,6027.8233210736435
16605,5115.824659447077
16606,7130.811316783384
16607,4312.718527555593
16608,6268.88308397118
16609,6588.543531328805
16610,7367.445956463414
16611,8402.27465458559
16612,4679.207078986301
16613,5130.155609439168
16614,6569.494932317707
16615,7132.827424124862
16616,6657.313199537829
16617,6413.710872146849
16618,7171.031365243074
16619,6699.429052828125
16620,6306.785681514382
16621,5197.805706493718
16622,7114.312206701068
16623,6304.036349334665
16624,10845.115470276844
16625,7441.269269336103
16626,11514.360489150346
16627,6198.2621265881335
16628,6795.292651688478
16629,3440.97455465583
16630,5953.147984820898
16631,6397.652222622052
16632,6023.041056773717
16633,7098.5283157292915
16634,6264.075739173808
16635,3465.609996367588
16636,6292.60577364788
16637,4789.87533275439
16638,6657.542638925294
16639,6620.401111374134
16640,5564.801507897156
16641,7007.976140419457
16642,6058.8277978343385
16643,6967.518186627402
16644,5101.512845085491
16645,5802.756126807129
16646,6462.209304966396
16647,6314.779181041424
16648,8783.161625652861
16649,6888.121277452567
16650,4297.75291094965
16651,4989.620521676521
16652,6251.224007579423
16653,6017.123734048874
16654,4841.719062025009
16655,6197.8984376819935
16656,4799.117067264165
16657,5977.237924350215
16658,6204.895700545631
16659,7582.971417626142
16660,5590.107341761594
16661,5123.064679990206
16662,6373.597029705969
16663,6345.059781144986
16664,4616.855998476736
16665,5342.227512769777
16666,7772.8387469124045
16667,6774.438517442521
16668,8468.713187338868
16669,8345.56376554658
16670,7462.66605294698
16671,5059.75873905189
16672,5462.352632385751
16673,8473.539061630627
16674,7276.149621679303
16675,6286.523335086335
16676,5493.898880095829
16677,6975.97713800527
16678,4538.673762055592
16679,3757.6121623781273
16680,8395.462579514693
16681,6168.809663775026
16682,6169.360809677156
16683,5006.343417828889
16684,4162.236009640973
16685,8063.044810983963
16686,6090.838198749013
16687,6379.009172224105
16688,4650.6178843965245
16689,6300.323314193532
16690,5552.694321107649
16691,4996.16114503454
16692,7269.809194322293
16693,6381.2840764184475
16694,4916.249940510695
16695,4727.889746810448
16696,4229.225529000352
16697,6239.675828381948
16698,15387.000936940127
16699,4361.3166844567895
16700,6346.256016711317
16701,6599.6598708199945
16702,4105.9415465709135
16703,4901.0444445209
16704,6165.123388925698
16705,4385.439515876082
16706,7210.01922362485
16707,7074.547108099093
16708,4398.944890119291
16709,6935.848701002469
16710,3590.30832732198
16711,4620.022907838412
16712,6827.08063229074
16713,7252.477104340962
16714,8488.093216034602
16715,4567.056301235979
16716,5720.678784947864
16717,4777.231888150821
16718,6169.979601124983
16719,12795.921239781545
16720,8595.259457090257
16721,6466.27814627365
16722,4602.224529737233
16723,6588.431083958608
16724,4639.913728524937
16725,3644.3248970840223
16726,6643.877301873035
16727,5137.313516674616
16728,5658.00276152444
16729,6902.944432537098
16730,6057.53013214057
16731,4519.643414208651
16732,5161.804809356749
16733,6510.216668610069
16734,6145.466175655887
16735,3793.6462414479493
16736,4523.650203089864
16737,6857.434811977088
16738,7127.336217045801
16739,5896.7411473104985
16740,7116.455192423251
16741,3611.3434184360012
16742,7097.811528130974
16743,4799.356632211232
16744,4918.7731800234
16745,5133.516881158726
16746,5897.55283904431
16747,4734.649002432047
16748,6727.984210261526
16749,5778.967078837023
16750,5912.853504191679
16751,6277.549808391254
16752,5652.727675110312
16753,5990.838423155331
16754,5894.609339592393
16755,7250.194239503793
16756,6230.017092408458
16757,3904.7063699650425
16758,8635.060948231467
16759,4283.071470857245
16760,5315.99674808103
16761,6182.25007319866
16762,8022.362402372868
16763,8280.234739965523
16764,5004.030044578517
16765,5760.745653854247
16766,5270.915204051513
16767,6485.447333182186
16768,6736.4091647378455
16769,6679.801996641035
16770,3749.196678919485
16771,5894.474453254913
16772,6504.81831613338
16773,5391.406893070511
16774,3588.381865380917
16775,6967.454606126125
16776,6583.859941340708
16777,4804.4285801659535
16778,6621.614616909679
16779,7262.78213526739
16780,8207.579954687215
16781,5310.407273374758
16782,4671.045088979117
16783,4938.615479028122
16784,6743.867773587803
16785,5527.145069598705
16786,4117.276643879566
16787,7508.874282259748
16788,6565.247423153232
16789,6487.650578299027
16790,5435.930159139786
16791,4415.482255381087
16792,6846.521768112302
16793,4596.631431810083
16794,8311.142912010815
16795,5658.110068828209
16796,5215.894074352708
16797,7732.945577592077
16798,5355.13526273244
16799,5630.984449506904
16800,6658.3079159063045
16801,5031.474520171152
16802,7253.796540919869
16803,8477.028160915825
16804,6281.764812286784
16805,5431.5915145859035
16806,5656.290135335642
16807,3602.96012984914
16808,3181.859430032485
16809,5821.73879732521
16810,5914.886288325949
16811,6360.015291679058
16812,5476.435674296623
16813,5495.0320495898195
16814,4341.6504626910555
16815,9122.841191008449
16816,5945.738761093908
16817,5813.2129913149465
16818,6211.863098038451
16819,5797.528469880843
16820,6491.757818592651
16821,5813.064044342175
16822,6751.80423463961
16823,8726.659198811903
16824,6882.00569580027
16825,7147.881107742641
16826,6476.450245690148
16827,4136.749634252333
16828,5690.850186623103
16829,8355.954108592434
16830,5861.099401442576
16831,5708.114458781396
16832,13900.986143063903
16833,5157.666335261849
16834,6176.958437190007
16835,4732.59059878656
16836,7236.231603911403
16837,8205.462173538406
16838,6501.666033268609
16839,7182.181282147402
16840,7509.51686115582
16841,5411.584283234027
16842,6738.795213508556
16843,5389.572156111327
16844,4877.2871007587255
16845,5700.682644433239
16846,4073.073794304923
16847,4532.1458345226265
16848,7234.432739646379
16849,15525.451547673227
16850,6615.080015690701
16851,4151.035625933481
16852,5747.788898263478
16853,5311.700709270949
16854,6444.04775074554
16855,3404.8215630467603
16856,5998.621196159754
16857,6948.807940159978
16858,5705.984384958854
16859,10269.250414748845
16860,10288.374186595405
16861,6466.698591336638
16862,4376.504639420487
16863,5110.685619550805
16864,5092.396057149763
16865,6390.695486236792
16866,7224.619924786521
16867,4950.635746956065
16868,5237.201380776124
16869,3744.0353145739145
16870,5776.377165820214
16871,5132.568651988761
16872,6214.907107187803
16873,4224.048922369472
16874,6970.6058943508315
16875,4886.658999153357
16876,5501.823810542773
16877,5286.883933578062
16878,4882.448756010242
16879,5620.163009711814
16880,3679.9081005380417
16881,8421.522229621018
16882,5475.323545426933
16883,4507.3459788616365
16884,6371.015280585166
16885,5408.29432120102
16886,5485.242712762892
16887,5175.255880651559
16888,5625.039711999334
16889,6832.651303045848
16890,6614.241120945279
16891,6637.519274550526
16892,4270.5872201990005
16893,4924.324743825749
16894,6088.768030708449
16895,6220.0206319551335
16896,5618.670905643518
16897,6545.639375928366
16898,9276.103460659355
16899,6668.819660790649
16900,4974.2750717347635
16901,4279.213652659655
16902,4850.473428046888
16903,6899.465603743631
16904,5633.852420534672
16905,8712.957491610501
16906,5821.911104181321
16907,5744.944150078303
16908,4065.2522118932498
16909,3980.2148476575717
16910,5893.828435175599
16911,17055.18465368917
16912,3570.7398831783476
16913,5424.158413476951
16914,6591.918713913808
16915,6735.567214541801
16916,6080.499015204498
16917,7496.184402357718
16918,5287.386810043669
16919,5384.977613110905
16920,4862.444810504975
16921,6257.915498661185
16922,4490.477005217153
16923,6112.877812664228
16924,6051.176599631023
16925,4384.504537241407
16926,6680.171519983076
16927,6174.240465364738
16928,4620.62071895856
16929,7625.140467528257
16930,5655.571433478775
16931,3908.026781426161
16932,7192.4981319684575
16933,5767.653836649396
16934,5437.4458377181645
16935,8555.001365031994
16936,6342.811363660559
16937,6496.516838364743
16938,4313.411751546132
16939,5150.125138464304
16940,5004.008046021464
16941,3843.77557164136
16942,6847.191787292956
16943,4138.5649413455185
16944,5772.005560002583
16945,3717.127085256367
16946,6448.828055091785
16947,4514.150548079237
16948,5245.401542712037
16949,5342.058642050949
16950,6480.982263172228
16951,5119.628163093964
16952,7207.903325740553
16953,5639.372599822943
16954,6612.017917814746
16955,7251.980512955783
16956,7479.29322530473
16957,5059.631883909934
16958,4691.606076149419
16959,6213.555791951853
16960,4800.640853653145
16961,7917.95173459231
16962,6107.775254371916
16963,7379.632633089533
16964,7334.995311107482
16965,7332.454308256375
16966,4070.2276374005733
16967,7513.09884843345
16968,6972.4204071833665
16969,6083.229831337036
16970,6373.642759827971
16971,7499.837134589914
16972,6386.389031321766
16973,5664.55758013652
16974,4976.358801728962
16975,5149.116437549575
16976,5144.372429610179
16977,6239.458644993565
16978,4440.9639685413595
16979,5638.754634649249
16980,6604.120443612107
16981,5596.84494910437
16982,6824.221375527465
16983,5992.6350274395845
16984,6748.90462293475
16985,5615.182812448986
16986,5348.647228220501
16987,5620.55405966424
16988,4692.84867846153
16989,5436.063376044785
16990,6022.663898782825
16991,5996.729169329151
16992,6040.86549976572
16993,4860.43162917529
16994,6466.333468011412
16995,6402.579166816626
16996,5950.683495700446
16997,4900.910596363888
16998,4356.316263196078
16999,5693.820161929313
17000,6318.281849764422
17001,0.0
17002,6630.517073501529
17003,6919.715284690873
17004,6145.696265599819
17005,5390.040054630737
17006,3424.2155892820647
17007,5906.752997727507
17008,6922.990110714949
17009,6068.700147042177
17010,6623.283638131893
17011,7196.612787173056
17012,4532.733353209157
17013,6439.225482850183
17014,4367.551054190623
17015,4121.270267402598
17016,6462.52999415075
17017,8052.128663431282
17018,5578.064982614332
17019,5708.670816347718
17020,4301.948918725405
17021,5184.75930775885
17022,8088.313276482899
17023,5534.782349686134
17024,6957.248771830568
17025,4376.852832744939
17026,4924.237815675969
17027,4046.6411141796702
17028,5250.719153201538
17029,4416.048767748725
17030,4329.40319950007
17031,6387.884794974509
17032,3604.0212482478496
17033,5378.0871490869595
17034,6081.5257538465075
17035,5491.083533188763
17036,5123.902856725841
17037,7147.4330708336665
17038,5368.447155248961
17039,5619.20867803528
17040,7311.56273239914
17041,6819.851466580485
17042,6467.556410422353
17043,4277.032493297741
17044,7786.636820992618
17045,5978.910047583128
17046,5689.331995825078
17047,7939.296791950188
17048,7308.033182752572
17049,6797.766044845259
17050,6561.619950748238
17051,5790.83126291768
17052,7086.289554561586
17053,10231.75198479348
17054,4551.4869977154485
17055,5068.17157847014
17056,5797.663621052459
17057,6778.652418982605
17058,5791.512641384806
17059,8021.763742824182
17060,5925.837289985022
17061,5292.6676788168525
17062,4237.931958607491
17063,6162.580261757014
17064,5715.495341424811
17065,4203.05715374316
17066,6406.140094869214
17067,3966.7406210059526
17068,6429.885792841194
17069,6279.764267800246
17070,5589.771302434807
17071,6789.406516630927
17072,5045.890826113597
17073,5559.844295121916
17074,6584.739141250283
17075,6344.092227358918
17076,7356.196826165346
17077,6245.2902484713295
17078,6959.975579948192
17079,5458.786256815781
17080,4572.816684304352
17081,8107.956535085656
17082,4378.672438285903
17083,8902.847110667532
17084,6683.025821106398
17085,5673.696239069715
17086,6423.721913613484
17087,4605.05709315618
17088,5573.927201495145
17089,6166.76663911723
17090,4120.562841210987
17091,3800.1680295413444
17092,6584.992215481704
17093,5878.285557903434
17094,7780.503538966401
17095,6047.470531358533
17096,5528.951590956326
17097,5480.054752600081
17098,6910.386918499159
17099,4456.444251778503
17100,8589.32330870771
17101,6414.624357915352
17102,9879.914536457682
17103,5070.100830546985
17104,4996.78554095724
17105,9774.12167198475
17106,8355.04011442778
17107,4780.397660171046
17108,8622.83292587133
17109,4931.16281894914
17110,5631.512875748707
17111,5001.17762357711
17112,5444.55214513493
17113,4426.633801335614
17114,4692.2419181026025
17115,4935.981498439342
17116,4332.124347786445
17117,7699.527513157802
17118,5852.15400594937
17119,20048.489426282533
17120,6215.298613504602
17121,5169.921801273542
17122,5650.0380930663405
17123,8163.662783266496
17124,5649.211438064893
17125,6592.51245518801
17126,5270.132658447887
17127,6917.450412627767
17128,6745.323626734403
17129,4477.376166116745
17130,5283.592432237472
17131,6913.600625595638
17132,6841.756999260848
17133,6094.937049637338
17134,5954.326447440503
17135,6168.720314471206
17136,5033.8677294616855
17137,7487.640528394171
17138,8242.279806679979
17139,9252.7747190902
17140,8545.711234648335
17141,7120.356039109992
17142,5347.562392055146
17143,6456.141507022092
17144,4541.269345324169
17145,7970.490281113504
17146,8669.487533760488
17147,8089.534418501923
17148,5096.508768498666
17149,4673.828352641633
17150,5197.521067425822
17151,6253.423850540465
17152,8087.055175019671
17153,5954.661466594483
17154,5282.932999760588
17155,5245.852498518672
17156,7129.6680270116
17157,4532.15842979771
17158,6890.835770740029
17159,5107.738887119462
17160,6343.613580676745
17161,6603.015398235895
17162,5843.4239017920245
17163,6783.761205926522
17164,6450.250833988925
17165,5594.70032184806
17166,5842.891831594296
17167,6284.030738970737
17168,9063.719752811498
17169,5734.477209602861
17170,7399.719484969693
17171,6760.20491284099
17172,7256.884743265563
17173,6928.775527554629
17174,6996.48505084753
17175,4982.156071048545
17176,6459.040724122851
17177,6036.2540090276025
17178,6551.830104166803
17179,8439.605037136216
17180,6716.562158999017
17181,4989.077736616194
17182,6213.310756832784
17183,5735.379440369645
17184,7761.8077101267445
17185,5041.5043340948705
17186,9781.957097478396
17187,4929.703260222658
17188,5616.378987555641
17189,6727.175051009193
17190,5791.581148835003
17191,5706.707487884075
17192,5879.051950115104
17193,6604.26069525277
17194,5966.438650103975
17195,5644.478435972283
17196,6655.91586388053
17197,6841.581990691718
17198,5901.9530744634585
17199,5442.089790723434
17200,6395.2573487489435
17201,8889.512944300322
17202,6532.8803226062255
17203,5613.725739816463
17204,6802.303851827852
17205,5780.983825324218
17206,7200.04082000356
17207,6891.212807684557
17208,5136.583851116309
17209,7149.147092002463
17210,6609.923902869136
17211,6153.027988196786
17212,7537.7420701504225
17213,5349.8886322342305
17214,5676.150329320396
17215,5182.873350336033
17216,6901.530234747246
17217,6711.914838123747
17218,5086.107803444573
17219,5343.456726447775
17220,6389.7219110301
17221,5964.650132938489
17222,5968.685659212811
17223,5939.854503955363
17224,5807.021369020497
17225,6575.624728462554
17226,5480.403634241628
17227,5347.001129247344
17228,6068.695349874171
17229,7661.5948218898575
17230,6230.6401107880665
17231,7411.668954443947
17232,7638.082508254934
17233,5844.366332095225
17234,7538.732328889065
17235,5956.418586956908
17236,6087.8804483836175
17237,7919.516863289407
17238,5987.105936118433
17239,8009.080902130992
17240,7629.145513780977
17241,6966.803223275105
17242,6140.581596522491
17243,7256.588347264741
17244,7146.721720129283
17245,5284.7363167095245
17246,4607.899368788633
17247,5913.971866940415
17248,6566.87596552059
17249,5728.872340770855
17250,5448.387737763956
17251,7210.307101956932
17252,5876.118956958808
17253,5665.827079561628
17254,5692.83962046266
17255,5435.65727781459
17256,7068.970569053021
17257,6419.454559806803
17258,5972.848237763888
17259,5400.9771882925015
17260,5740.032916929983
17261,6824.0611080907465
17262,4803.907981952237
17263,5817.429882769983
17264,4764.147443187429
17265,6862.833009848253
17266,5501.786599773834
17267,5746.346239737011
17268,8416.178595560435
17269,5821.653099127872
17270,5799.084302847778
17271,10368.673295975379
17272,6111.182477103951
17273,6663.362965013721
17274,6181.746814844365
17275,5331.171198834872
17276,6913.789865980375
17277,5436.769266101479
17278,6736.347031593832
17279,8216.635179317438
17280,5927.047495660597
17281,3735.140056800086
17282,5028.013490400813
17283,7200.552157683518
17284,7122.635790775833
17285,5602.246987360233
17286,5826.081139587978
17287,5192.837630732646
17288,5324.298054588289
17289,4943.887555851267
17290,4752.01381570013
17291,5972.472908582645
17292,6939.833512639813
17293,6148.541845843332
17294,6016.391790575527
17295,7055.270622463456
17296,7009.274510907553
17297,6743.115018059601
17298,5687.173610415364
17299,7375.465452904032
17300,8062.054640406626
17301,5701.677989229786
17302,6555.9274728078135
17303,6232.382633428571
17304,6535.5674454848095
17305,5427.576014281152
17306,5714.6609007672705
17307,5372.840371018986
17308,7427.333070918175
17309,6244.720745640713
17310,7603.042512233251
17311,7443.096098312895
17312,6357.123103593418
17313,6469.347697032263
17314,16350.487026558625
17315,9223.727579689044
17316,6466.242924960373
17317,3872.918073738722
17318,6303.343217457261
17319,8276.534875313122
17320,4983.687167986843
17321,11382.355391222243
17322,17178.025946787602
17323,6288.020585053133
17324,5513.1083098511735
17325,7353.95375987502
17326,5724.349318347583
17327,7950.129324686983
17328,5320.933640135048
17329,6942.6705487652525
17330,4645.218214778131
17331,5475.097317671122
17332,6581.337148425495
17333,6692.80207219339
17334,7726.958331391521
17335,5562.857093184419
17336,6937.980450616944
17337,6138.249734226379
17338,5411.715900115538
17339,5849.474933744431
17340,6514.002392591313
17341,5248.832686521833
17342,5831.289519514732
17343,5814.458675101211
17344,5389.1598804315
17345,4832.968727357169
17346,5421.991096204701
17347,5942.192304482433
17348,7918.2901769628415
17349,7245.175361955509
17350,6812.181517880711
17351,6510.04078199695
17352,5158.072666692463
17353,5773.95207374548
17354,5776.0979732062
17355,5422.849329174091
17356,5193.408381540742
17357,6168.612480684917
17358,6071.675224061044
17359,6590.721036466838
17360,7086.870599229831
17361,6095.085420193367
17362,5040.071033265758
17363,5778.7498230429355
17364,7528.825634099576
17365,5697.795292525326
17366,6342.910388754935
17367,13187.071493270125
17368,6888.919448620246
17369,5996.197058473604
17370,5729.163706095667
17371,5393.308616860005
17372,6024.974240916241
17373,4720.751085586134
17374,6319.880732632763
17375,7298.50368400343
17376,5709.900788515516
17377,12345.288668231007
17378,9176.955473663693
17379,5922.316454550418
17380,6380.583688673938
17381,5766.809655508884
17382,6713.848060800912
17383,6048.930184121131
17384,9188.03810714021
17385,6274.966612684537
17386,7388.617581696412
17387,5774.642082007389
17388,6747.576625650546
17389,5875.611114865296
17390,7258.034827138376
17391,6097.599464709197
17392,5846.85178784529
17393,6098.859232010975
17394,6456.928762069334
17395,8461.983874759964
17396,7362.375999907164
17397,6244.272941246484
17398,7942.497802922861
17399,6894.857088730473
17400,9330.22986564135
17401,5035.494832546382
17402,5282.650425778135
17403,6701.23891580031
17404,8192.717111202843
17405,6943.901606720119
17406,6323.550445525793
17407,6833.8155901447635
17408,6947.080399929158
17409,5714.526436384435
17410,7201.782886876342
17411,6857.637005796428
17412,5556.548506570148
17413,11431.78753854159
17414,15139.622928475375
17415,6767.32558502726
17416,7324.454985421369
17417,7367.353149368984
17418,8300.521738303585
17419,8325.762433291498
17420,6129.746687776625
17421,6816.695895441336
17422,6542.293635802175
17423,6946.549011095032
17424,5336.39240230552
17425,6024.659509295916
17426,5595.962325856283
17427,5380.061885001888
17428,5719.845180174998
17429,5008.363780358241
17430,4843.4569973100615
17431,5975.31139350984
17432,4653.469285976615
17433,4582.874182521106
17434,5888.162699352522
17435,5966.375923204591
17436,7896.530294544967
17437,7783.785184909838
17438,7566.239206303286
17439,6696.5853598240865
17440,6641.215855197736
17441,8024.330767127775
17442,6751.943505431554
17443,4929.264785191694
17444,5590.775960569225
17445,8563.692214971736
17446,5472.656782396909
17447,6221.198826417842
17448,5142.3010274772605
17449,5411.36999792634
17450,7388.439756971962
17451,5675.862418218217
17452,6145.391105240577
17453,7554.51531152163
17454,8335.270302570423
17455,8952.132360953716
17456,6113.662179966947
17457,7950.031184069026
17458,4615.255669519533
17459,5317.513397240503
17460,5907.079921435536
17461,5026.915827756925
17462,6585.45560612148
17463,4979.685360734638
17464,6996.227376509007
17465,7383.861695477996
17466,7539.6252707354915
17467,7632.459216636805
17468,5408.177514367527
17469,5803.47706404832
17470,8485.110293875956
17471,7024.1068931839245
17472,7018.357865590794
17473,6449.432251066888
17474,6699.348580738151
17475,7453.589228102289
17476,6155.774555908486
17477,6254.184821214285
17478,7049.179967909556
17479,7250.150272308517
17480,11166.7919184726
17481,6990.9243680981735
17482,11883.750940626862
17483,6080.399528186197
17484,6693.846489770559
17485,4254.033307782803
17486,6492.234581701266
17487,6433.230634191218
17488,5774.25020214061
17489,7019.005063680106
17490,6113.064613567912
17491,4587.250141067287
17492,6141.594648041983
17493,5794.536678006031
17494,6523.403899417872
17495,6449.76913888708
17496,6475.343934667825
17497,6916.408525349207
17498,5971.701882555296
17499,7309.437541364983
17500,5277.975335933103
17501,5564.933885717869
17502,6291.577332479342
17503,7131.598586332649
17504,9151.758860517208
17505,6855.241658179836
17506,4747.934308414052
17507,5733.193963313613
17508,6838.937809560446
17509,6445.286807516859
17510,5822.993406156123
17511,7029.282823701269
17512,5733.959997289422
17513,6433.024506532646
17514,6081.278086642947
17515,7393.567245167167
17516,5588.927630461194
17517,6127.092615545749
17518,6190.962095101621
17519,5975.8529182709735
17520,5324.581420363386
17521,5417.0293520599
17522,7531.210808776009
17523,7729.946302071392
17524,8332.584982898014
17525,9475.958272986794
17526,7306.263497419124
17527,6015.9952275094665
17528,6205.317165461537
17529,8917.523564210136
17530,7956.85166502656
17531,6322.1017466555
17532,6684.0940682196715
17533,7760.718231108419
17534,5553.068181064379
17535,4765.205353911378
17536,8472.857470351328
17537,6053.274603436509
17538,7029.537297601159
17539,5800.36141835268
17540,4211.89852970309
17541,8847.78590408711
17542,5978.630548877784
17543,6372.301256048419
17544,5654.617471586347
17545,6096.359114304438
17546,6308.019077990672
17547,6037.473822522642
17548,6899.44328076216
17549,6348.404457145717
17550,4884.22093738019
17551,5132.605488158482
17552,5167.976007628651
17553,6515.066214817064
17554,16523.34445542567
17555,4995.9574957009045
17556,6187.588527375236
17557,6949.311375795133
17558,5026.484006000988
17559,4770.695705907919
17560,6006.455899589617
17561,4924.526112756448
17562,6805.091150000718
17563,6919.22622464157
17564,5052.264356414377
17565,6879.010418271092
17566,4615.059183512068
17567,5295.045783221588
17568,6793.556290621786
17569,7338.949323783435
17570,8784.028716455428
17571,5622.507381680483
17572,6079.850139781651
17573,4769.170330288583
17574,6155.692865682409
17575,12138.033258200581
17576,8529.583941661553
17577,6534.979474206769
17578,4849.982197535156
17579,6476.223434087379
17580,5322.856576966974
17581,4682.802641851035
17582,7549.317077318767
17583,5516.439348852267
17584,5617.891204829767
17585,6755.406406487269
17586,5982.3687000125
17587,5497.812176238746
17588,5819.072069868513
17589,6453.378385878692
17590,6097.670471956622
17591,4902.7358050764
17592,5455.9757239972
17593,6671.745030128142
17594,7257.129509387379
17595,6623.041078385313
17596,7019.699144633287
17597,4647.015725191038
17598,6895.5557466454675
17599,5341.341463893432
17600,5879.415684580445
17601,6017.925165646796
17602,6936.603414305425
17603,5448.469381955012
17604,6684.422364504168
17605,6537.067171805663
17606,5865.759798654562
17607,6094.914873786906
17608,6147.6190631473455
17609,5943.042719456066
17610,5722.647292548673
17611,7017.201774895393
17612,6244.13283025531
17613,5284.080906083948
17614,8538.304900441502
17615,5080.338567624445
17616,5244.793732084165
17617,6384.71781162438
17618,7651.996488812734
17619,8594.003166460961
17620,5676.975091278599
17621,6756.439146482585
17622,5558.778166478444
17623,6745.979910374796
17624,6547.00499227887
17625,6557.49769844789
17626,3837.411235955008
17627,5879.764982498902
17628,6520.83038928213
17629,5453.592770712417
17630,4640.282296818627
17631,6870.698558336161
17632,6646.045818982615
17633,5870.822178478165
17634,7022.969879389132
17635,6970.78711029896
17636,8239.827168567026
17637,5570.5871221681755
17638,5520.495332941682
17639,5808.780869183082
17640,6660.823230628866
17641,6725.739114140919
17642,4954.149742859011
17643,8423.872644145185
17644,6341.712982189139
17645,6442.912359106782
17646,5359.182431660182
17647,4998.550681138171
17648,6620.535807263912
17649,5316.301086913291
17650,8277.309439544617
17651,6021.005817695198
17652,5647.835131097208
17653,7591.099177834921
17654,5900.649796747428
17655,5691.68717722383
17656,6775.880702156419
17657,5660.123701813574
17658,7661.976193491826
17659,8502.24563157883
17660,6679.384245705951
17661,6021.523051644742
17662,5602.610685032684
17663,4813.436067314516
17664,3818.662852806229
17665,6781.876144759341
17666,5724.007056778138
17667,7581.549377316204
17668,5512.014085865789
17669,5961.423963238595
17670,5443.034305031415
17671,8706.933576762554
17672,5833.516024307932
17673,5884.766462395305
17674,6292.799418503631
17675,6553.649454940359
17676,6203.407601290148
17677,6631.831679835073
17678,6974.3323159144265
17679,8660.7386185278
17680,6728.79426827504
17681,7087.317804886422
17682,6605.864039911609
17683,5273.493546007374
17684,5573.269781120029
17685,8258.536876154543
17686,7515.621746894192
17687,7093.3230999094385
17688,14679.334318749126
17689,5797.316694023271
17690,6051.751004406241
17691,5241.199340670904
17692,7175.668301055184
17693,8125.90217271109
17694,6471.349337882168
17695,7121.6179792911835
17696,7448.953558299601
17697,5699.447245660958
17698,6616.32046910622
17699,5485.093072459952
17700,5757.299776349452
17701,5686.313929816712
17702,5182.163357933372
17703,5215.421557561247
17704,7142.865124576128
17705,14599.983224347363
17706,6840.763194949314
17707,5570.269060346493
17708,6128.120541263304
17709,5196.165648932432
17710,6583.378109235303
17711,4279.538989745138
17712,7991.273079362824
17713,6844.656345154334
17714,6724.991818649614
17715,10225.85318517765
17716,10429.635816793707
17717,6474.513277700051
17718,6326.175350212873
17719,5156.341388887691
17720,5631.198018361366
17721,6600.799257988449
17722,7112.397188000545
17723,4934.491635529659
17724,5071.138344224363
17725,4341.90498628675
17726,5656.07187547007
17727,5740.811525987642
17728,6092.602808994659
17729,5290.442520681684
17730,6910.042591494614
17731,6158.629143220048
17732,5826.951766681404
17733,5444.316291472805
17734,4903.055898346094
17735,6659.213584972929
17736,4495.074564057163
17737,8421.482082682604
17738,5541.1810433537385
17739,4775.6785116589845
17740,6517.091756650787
17741,5436.207822849974
17742,5396.010339490318
17743,5448.204939393598
17744,5610.959176506005
17745,7835.539915893876
17746,8106.478576497353
17747,6533.367679544882
17748,4857.119933119105
17749,5990.057224821417
17750,6287.8366406234345
17751,6187.141012682403
17752,5639.278047979371
17753,6760.3512873608315
17754,9099.135768584287
17755,6544.4488922634755
17756,6111.830848281142
17757,6020.245994124442
17758,5205.553628811507
17759,8009.21628468862
17760,5653.477969078155
17761,10144.037069511905
17762,5698.946284125869
17763,5665.38414925098
17764,5181.051837571877
17765,5223.083056223346
17766,6805.916798351878
17767,17040.897918246592
17768,4367.956881601494
17769,5453.377991009848
17770,7621.36751335895
17771,6534.570625284199
17772,6236.745538341344
17773,7393.060770403075
17774,5346.932666881102
17775,5305.417612283581
17776,4846.300699078569
17777,7365.126385350884
17778,5343.0125421694365
17779,7062.02996182037
17780,5954.982489769967
17781,5233.549688806089
17782,6974.060932874885
17783,6076.823232926847
17784,4495.413286174794
17785,7962.081267671397
17786,7380.5166064588075
17787,4547.94542183201
17788,7198.817017955517
17789,5644.689016593944
17790,5391.820533822127
17791,8463.43374996174
17792,6282.24806080434
17793,6762.402002272338
17794,5141.545491536951
17795,5051.1794409590975
17796,6444.401885809832
17797,3816.9849448991495
17798,7182.687645067523
17799,4723.7589503745885
17800,5981.630044548512
17801,4880.086891524212
17802,6344.6764600861425
17803,5469.895108388386
17804,6355.152223657026
17805,5452.981799680214
17806,6345.165834090245
17807,6011.169523777951
17808,7034.806887327274
17809,5899.7618930452645
17810,7040.429272226459
17811,7562.384847464859
17812,7443.750829035364
17813,4857.784702331867
17814,5756.418321051842
17815,6836.027381679841
17816,5126.040744637069
17817,7813.800139586666
17818,5992.240194033399
17819,7755.382776447536
17820,7664.711588759171
17821,7654.664230782109
17822,4882.49848164804
17823,7539.321497557522
17824,8273.4655603074
17825,6087.229039392417
17826,6700.723262346277
17827,7581.5832857699515
17828,6270.853970983249
17829,5667.804669047502
17830,6285.03323216399
17831,5799.681439064692
17832,5800.519194698695
17833,6396.891002888307
17834,5583.966606894409
17835,5598.643077954576
17836,6535.485998975556
17837,6226.734744657251
17838,6701.917077334321
17839,6743.23648648859
17840,6614.294808817178
17841,6237.044843826651
17842,6591.966315069754
17843,6441.071999426707
17844,5945.770919093488
17845,6070.481164133369
17846,6050.577400431779
17847,7068.955590619909
17848,6103.051377407627
17849,5516.578394263806
17850,6397.699023374861
17851,6543.2826346793
17852,6000.346015762563
17853,5896.604088992225
17854,5171.482726715198
17855,6049.233249069129
17856,6946.735725548556
17857,5760.816828546016
17858,6538.949458431279
17859,6815.563689685229
17860,5416.934146022754
17861,5298.472439560487
17862,4329.714979175817
17863,5783.788177672055
17864,6862.42680785873
17865,6088.3256955856605
17866,6869.796320045975
17867,7530.837305017251
17868,5698.675418137184
17869,6953.540622477813
17870,5276.782951123041
17871,4829.820677814706
17872,6543.46631461593
17873,8345.889911931368
17874,6536.8136763756
17875,6724.116485515714
17876,5212.625938651219
17877,6470.416850745716
17878,7833.264157503404
17879,5517.048419378646
17880,6833.631157927884
17881,5060.12855578356
17882,4929.674160627643
17883,5155.39404691696
17884,5883.266613458262
17885,5677.645807117539
17886,5187.926745651967
17887,6319.250350337958
17888,4696.546056302465
17889,6152.041087337803
17890,6487.076461460904
17891,5375.548472850246
17892,6364.969872461198
17893,7026.048393127509
17894,5058.557618803059
17895,5941.960431707037
17896,7114.763012724486
17897,6894.817790710607
17898,6355.333673636377
17899,4960.3082163363615
17900,9573.527290966715
17901,5812.847011031367
17902,5588.092008309578
17903,7859.736791122864
17904,7099.838812951397
17905,7135.910656407081
17906,6565.619158803619
17907,6573.740482509892
17908,7098.592595772732
17909,10712.14565185397
17910,4957.037705329845
17911,5197.964870811717
17912,5729.029176415908
17913,7102.642425381341
17914,5991.9180795083885
17915,7553.396830817639
17916,6802.557521253274
17917,5252.55612212218
17918,5123.3092261793045
17919,6142.48515562432
17920,7156.811406489698
17921,5088.434421314973
17922,6326.58009404189
17923,4423.62515352987
17924,6330.724989501281
17925,6259.669161667552
17926,6365.049607676369
17927,7339.759976156181
17928,6149.898679972022
17929,5447.62155833594
17930,6567.090581969076
17931,6666.948647251475
17932,7467.669536697005
17933,6703.850401564808
17934,6855.823984942548
17935,5444.705721322451
17936,5611.867259565467
17937,8328.177780821408
17938,5169.304335773259
17939,8816.443349036323
17940,6578.874226100755
17941,5561.473502283739
17942,6420.8792658593875
17943,5395.688990643535
17944,6349.205506736707
17945,6634.980114612339
17946,4145.585293842285
17947,5019.0865292005965
17948,6469.457155143187
17949,7135.244455400664
17950,8127.821186305879
17951,5894.259103833303
17952,5886.475438994419
17953,5767.722065881985
17954,6916.705804486219
17955,5575.989585110283
17956,8626.614028020938
17957,7273.725063837684
17958,9625.152577842904
17959,5004.806408139459
17960,5457.169448094151
17961,10482.98637777441
17962,8404.861444144051
17963,5406.158156149566
17964,8538.302177746844
17965,5487.154411882501
17966,5509.208577555562
17967,4948.593292418461
17968,5295.621596630365
17969,5194.223937094313
17970,5057.955949530738
17971,4931.845001255862
17972,5090.492721783187
17973,7899.791141598531
17974,6711.254711871701
17975,19754.892831061472
17976,6013.557719135364
17977,4203.576802350566
17978,4883.16222853205
17979,7657.8703706170745
17980,5007.619185365292
17981,6030.684995809022
17982,4652.2343171832
17983,6518.781490528677
17984,6346.654704635313
17985,3826.4212104706094
17986,4582.189335329717
17987,5973.420415769145
17988,6313.854735636449
17989,5493.181854499294
17990,5374.444292490088
17991,5030.688189657797
17992,4366.389828308519
17993,6737.685892336137
17994,7852.339837580528
17995,8528.434710561447
17996,8060.165794450252
17997,6089.346052481882
17998,4634.886741436058
17999,5405.9995913728235
18000,3603.0439753468604
18001,7476.720476017072
18002,7754.389931417686
18003,7719.777682803191
18004,4544.439400221758
18005,3677.966094436715
18006,4201.658809220908
18007,5172.799468295147
18008,7760.932304667597
18009,5162.065336006439
18010,4367.277665309544
18011,4207.346453163718
18012,6317.044772292708
18013,3778.800993726898
18014,5812.154253214928
18015,4165.920149427467
18016,5497.578784224826
18017,5484.497726652642
18018,5065.037712649039
18019,5848.118504492218
18020,5604.216037537006
18021,4744.060619731926
18022,5060.812368943736
18023,5547.431490745614
18024,8075.8469439709825
18025,4976.037484286053
18026,6670.554026629283
18027,6159.031692655212
18028,6726.368432116091
18029,5896.575442474197
18030,6408.479433613101
18031,4179.076321062577
18032,5700.9630793820825
18033,5293.45202204001
18034,5473.1485866417015
18035,7438.7931128189
18036,5855.561297318085
18037,4290.238683953757
18038,5386.456209341164
18039,5129.727841903834
18040,7205.096547974236
18041,4475.9750884074465
18042,9360.535865687432
18043,4267.390420861005
18044,4929.661767865398
18045,6119.857659760304
18046,4849.7005601926785
18047,4993.624281063702
18048,5213.304947733446
18049,5607.670123367482
18050,4897.90246620286
18051,4531.950699821443
18052,5834.572656202579
18053,5746.3737048943
18054,5199.08465830525
18055,4743.587928582658
18056,5811.3097041714245
18057,7942.694944795005
18058,5886.200643553439
18059,4784.224134584941
18060,5700.565182627713
18061,5026.972166254097
18062,6192.684780458396
18063,5789.474138484417
18064,4395.644667734768
18065,6100.325636834558
18066,5793.180209323748
18067,5254.304494003288
18068,6708.2404649189
18069,4332.02404755268
18070,4892.613077810327
18071,4309.410875139527
18072,5755.020038712777
18073,6727.205457424013
18074,4308.501727910837
18075,4651.405445265599
18076,5466.994765852433
18077,5092.984900259231
18078,5319.9729680138835
18079,5332.023893159357
18080,5165.2557920029685
18081,5892.220980456681
18082,4472.478394559046
18083,4754.957866144971
18084,5213.54832936937
18085,7069.4797940213575
18086,5799.998777672177
18087,6275.773879972571
18088,6543.722969644755
18089,4911.707871680204
18090,6523.228516555075
18091,5398.310290076058
18092,5408.050157234432
18093,6945.07529394892
18094,5088.382441924935
18095,7354.305604553352
18096,6596.0222837680085
18097,6117.426138077405
18098,5190.953243456033
18099,6601.813049687101
18100,6044.983050929144
18101,4642.970739691996
18102,4025.6317888925864
18103,5306.6338094217945
18104,6008.7477171186365
18105,5068.339817001231
18106,4806.631931213361
18107,6623.476778496333
18108,5350.161987469227
18109,5070.486613389768
18110,4852.688555452295
18111,4890.611686155385
18112,6511.165112158293
18113,5566.546527993229
18114,5377.507771592028
18115,4467.931620243724
18116,5205.218609590452
18117,5698.798645343336
18118,4293.411561968185
18119,5246.291718353392
18120,4020.011162948935
18121,6042.605177984299
18122,4860.021022756305
18123,5138.515628941005
18124,7291.3246972293955
18125,5326.3821844019685
18126,4733.243708248255
18127,9805.167797193408
18128,5269.770589272701
18129,5586.400815534029
18130,5589.703551741992
18131,4424.98125165675
18132,5782.534258844763
18133,4830.807774770518
18134,6047.930274233729
18135,7681.820871977917
18136,5286.297896408949
18137,2820.320834470421
18138,4339.421675606777
18139,5799.103323920268
18140,6185.143253849823
18141,5036.861701601695
18142,5172.036333469139
18143,4324.367481387157
18144,4617.258681033025
18145,4385.779258970417
18146,4159.970552597757
18147,4989.233729606232
18148,5817.402675561881
18149,5653.2709311174285
18150,5429.561467114929
18151,6000.176377495617
18152,5846.40553706547
18153,5673.432784625038
18154,4794.527394352303
18155,6851.28235177777
18156,7207.670403271436
18157,5129.6514641203485
18158,6093.8406407519615
18159,5348.238572397963
18160,5728.60406244543
18161,4520.714992559486
18162,5243.62720262236
18163,4488.920651637452
18164,6874.540623377678
18165,5383.6880109283065
18166,6779.430569613313
18167,6779.384856079892
18168,5316.1417225777095
18169,5451.916543761072
18170,15620.538264230308
18171,8266.569897502482
18172,5824.610601645243
18173,3091.552594971386
18174,5162.997744447485
18175,7635.351249291292
18176,4347.455685461209
18177,10787.234064351962
18178,16588.505771049702
18179,5604.61683704726
18180,4941.081784741736
18181,6182.539821802533
18182,5189.535011008052
18183,7386.623825905003
18184,4717.092233378851
18185,6312.836134621748
18186,3814.9137739850066
18187,4937.278463127707
18188,5560.399308728891
18189,6096.892853804474
18190,6259.989885682274
18191,4483.518745069845
18192,5868.2982171823805
18193,5761.746756964353
18194,4640.497086597125
18195,5296.569806038421
18196,5345.062664265868
18197,4562.274713773113
18198,4977.126721429255
18199,5182.964985244636
18200,4844.10451830536
18201,4226.690414946352
18202,4795.26569492867
18203,5389.287176776424
18204,7061.751180242483
18205,6204.193980939801
18206,6238.76865611668
18207,5914.1315636080335
18208,4164.2355954294735
18209,5187.62762988285
18210,5223.19284550019
18211,4447.119338197856
18212,4587.4468902097815
18213,5492.921707912799
18214,5233.208202476835
18215,5929.94319888473
18216,6505.529881036266
18217,5301.020991570364
18218,4411.326228319849
18219,5145.141809533749
18220,6634.909570862263
18221,4912.952422982131
18222,5693.331472253096
18223,12657.491190242745
18224,5846.984093410763
18225,5351.6084146100975
18226,4924.853089782695
18227,4814.328058979277
18228,5349.283468144124
18229,4037.2469733297044
18230,5607.9287139738235
18231,6643.72838642579
18232,4582.787950027721
18233,11848.813921035988
18234,8647.867272115122
18235,4820.810218275903
18236,5697.179940668065
18237,5106.031817926776
18238,6117.938842411996
18239,5485.91678681797
18240,8013.28909061685
18241,5364.28497300836
18242,6777.759885437556
18243,5248.685112517808
18244,6117.742211507041
18245,4824.812368626555
18246,6688.128386603702
18247,5194.263333054422
18248,5279.707038101226
18249,5042.894598044162
18250,5598.523434118482
18251,7399.476301170071
18252,6746.566840553145
18253,5202.3375860370015
18254,7290.600203919466
18255,5846.172370808788
18256,8662.585767321098
18257,4356.443996370884
18258,4465.285133193374
18259,5732.395025902538
18260,7023.774165426963
18261,5874.219373285555
18262,5461.918273066907
18263,5870.8893988389655
18264,5766.758069643245
18265,4618.259002547453
18266,6624.460937357746
18267,6264.12386837058
18268,4736.320674706193
18269,11122.64253682301
18270,14420.312605035602
18271,5992.548041475799
18272,6076.4769563812515
18273,6781.334931025409
18274,7814.974586141031
18275,7676.0280781829015
18276,5509.053301268425
18277,6412.310844395666
18278,5376.881623395328
18279,6152.48458247203
18280,4691.932691199524
18281,5391.328455462946
18282,4758.225924357296
18283,4824.858854227489
18284,5167.929171415917
18285,4230.458558009253
18286,4147.737359625169
18287,4873.805157235324
18288,4134.835546260429
18289,3960.5089919824386
18290,4935.077635527027
18291,5207.042571850515
18292,6848.51255152239
18293,6661.354347831904
18294,7001.56615061944
18295,5574.154522746154
18296,5596.346838037201
18297,7411.31984731931
18298,6005.458376218693
18299,4207.193115797682
18300,4761.4115935225545
18301,6995.3970824435555
18302,4752.392561127066
18303,5280.9352698011635
18304,4556.646310781292
18305,4856.6578701053395
18306,6830.956327782915
18307,4891.019548675021
18308,5060.885103117662
18309,6547.937914245706
18310,7281.607502303886
18311,8573.000284962733
18312,5496.8776607928
18313,7284.308867348067
18314,3957.7332531918896
18315,4696.314252902248
18316,5189.578040064827
18317,4187.955871410182
18318,6030.743478300479
18319,4364.300656703762
18320,6344.0208095217195
18321,6742.0315551285985
18322,6974.513678453619
18323,6880.673352030535
18324,4764.0963377573125
18325,5067.233166093393
18326,7868.325774701813
18327,5983.602982675735
18328,6463.153636290975
18329,5329.850876167483
18330,5589.461310258648
18331,6860.896063340366
18332,5128.348839728534
18333,5673.449591914272
18334,6061.55140504371
18335,6495.9608552840855
18336,10557.252273943137
18337,5844.236221191566
18338,10959.133670976105
18339,5276.088911873224
18340,5564.710386511415
18341,3742.667948731624
18342,5982.972742192756
18343,5426.4501938557705
18344,4679.627412148367
18345,6416.605398563806
18346,5078.716962446926
18347,3863.7934803899866
18348,5114.168931862031
18349,5074.272456736188
18350,5898.683862348127
18351,5393.8045049202665
18352,5899.047914319871
18353,5709.555655715336
18354,5098.775827055152
18355,6742.729395960045
18356,4656.229027272657
18357,4663.975788040739
18358,5207.18994132364
18359,6564.890440927709
18360,8694.793936410242
18361,6153.0602600452785
18362,4154.322696688613
18363,5189.3187045956665
18364,6175.921858933538
18365,5714.042165891957
18366,5308.076013738505
18367,6411.1072539370925
18368,5212.589460031464
18369,5673.830777088291
18370,5178.208927784853
18371,6338.473000199328
18372,5117.060935744477
18373,5507.238188061875
18374,5191.6718082270445
18375,4950.4362848953815
18376,4700.403310594742
18377,4615.598377145988
18378,6420.660014379355
18379,7107.997132941534
18380,7551.2266032690195
18381,8822.773274191442
18382,6561.910985239889
18383,5289.89256987538
18384,5558.322375156428
18385,8316.890223050606
18386,7372.601291016972
18387,5702.32664348265
18388,6170.583067008519
18389,7250.494686582287
18390,4973.798432307127
18391,4227.106554920675
18392,8059.243568033159
18393,5186.111615974708
18394,6425.930228032333
18395,5215.227553741857
18396,3357.473728387938
18397,8481.109351817504
18398,4795.543315373206
18399,5244.753067416706
18400,4881.452200641488
18401,5193.399640163099
18402,5568.779002800401
18403,5700.074856909943
18404,5630.434871230962
18405,5517.27623685489
18406,4393.450357958828
18407,4488.659572422662
18408,4504.540442602227
18409,5834.907025607014
18410,16152.154462175944
18411,4232.837987373793
18412,4975.794670426642
18413,6304.873358580494
18414,4325.8362232046575
18415,4095.315948699086
18416,4828.81844791226
18417,4259.0807045509755
18418,5530.359901719494
18419,5809.231085286782
18420,4326.043772251152
18421,6174.372918699725
18422,3867.339106879193
18423,4515.877972272261
18424,5998.707951474749
18425,6566.820148972265
18426,8244.154442584337
18427,5065.516190806467
18428,5540.467967389383
18429,4085.664033131575
18430,5481.774373738317
18431,11564.233788574915
18432,7165.760887256606
18433,5572.955629569894
18434,4219.887721892893
18435,5333.643346656431
18436,4614.327313606613
18437,4026.7214001425255
18438,6906.397649065409
18439,4912.302539349626
18440,4587.568337462986
18441,5733.672586577782
18442,5054.236029912932
18443,4838.443912514925
18444,5190.003444842379
18445,5774.904289548276
18446,5237.956984299928
18447,4272.402861538346
18448,4840.272822883625
18449,5505.016245357208
18450,6644.1209271198395
18451,5880.586619270363
18452,6171.851728230702
18453,3943.5821644380053
18454,5717.91829496811
18455,4746.90543996179
18456,5210.81415697914
18457,5428.622346008912
18458,6284.592116627436
18459,4732.6101179170455
18460,5830.898124191298
18461,5868.465644204358
18462,4751.5014321650415
18463,4970.0170918659705
18464,5554.822045709887
18465,5083.329231799373
18466,4824.64518543514
18467,6016.584081465998
18468,5446.7338330487
18469,4671.665026985693
18470,7630.137675526742
18471,4317.197114780108
18472,4093.630598841328
18473,5814.172605494596
18474,6532.94069991858
18475,8118.597164686112
18476,5102.066835964785
18477,6138.353044559184
18478,4903.196129904185
18479,6172.672542227941
18480,5491.233378065361
18481,5491.53097385444
18482,3331.2096981250156
18483,4960.397322406979
18484,5450.066695557586
18485,5194.218503847186
18486,3963.200767774717
18487,5835.482929218907
18488,6226.559953452724
18489,5252.736076554764
18490,6486.718939055856
18491,5830.185145862295
18492,7204.611539449785
18493,4668.499244342345
18494,4995.906211123724
18495,5096.822364458168
18496,5660.0869262322585
18497,6163.43856941881
18498,4283.839179589375
18499,7737.950630399757
18500,5541.213458923137
18501,5552.878501807578
18502,4619.431602055264
18503,4269.334424048422
18504,5650.587257529197
18505,4623.820126175146
18506,7328.860911724526
18507,5299.260415934379
18508,5074.5277629503535
18509,6446.549315350141
18510,5306.213772815786
18511,5008.590855678872
18512,6099.212257016419
18513,5025.103198128853
18514,7081.993853062613
18515,7469.7862814679875
18516,6143.133305372676
18517,5309.564546919827
18518,4898.442470028193
18519,4188.852168946662
18520,3223.8559921897227
18521,6244.345762518199
18522,4830.054212027905
18523,6914.543577107463
18524,4678.520796942028
18525,5072.016418292448
18526,4827.33140391784
18527,8089.301548400231
18528,4728.10184390214
18529,4969.3141251754205
18530,5305.846835022664
18531,6047.3849640480685
18532,5087.758022047815
18533,6034.58063422477
18534,6284.999721613277
18535,8097.506214789459
18536,5665.832123815468
18537,6107.5349258230335
18538,5665.284842880315
18539,4686.85842320061
18540,4767.831955708996
18541,7551.430579168504
18542,6881.178917167427
18543,6450.40367165608
18544,13923.472030739023
18545,5180.754181235694
18546,5222.566928057933
18547,4649.523712113389
18548,6267.881591498599
18549,7104.438538316217
18550,5728.2452000969715
18551,6299.51370041201
18552,6566.52947090824
18553,5063.061878145911
18554,5638.867643613594
18555,4609.753685254429
18556,5180.412405955887
18557,4773.600532376983
18558,4551.830414395318
18559,4514.746051408065
18560,6233.65874948666
18561,13649.819525731788
18562,6207.68259049516
18563,4929.444373739118
18564,5523.650139378931
18565,4185.470351385206
18566,5500.025702794088
18567,3625.702471682847
18568,7332.523916196855
18569,5782.420065193211
18570,6083.591775663791
18571,9727.613496497243
18572,9542.905290031607
18573,5900.713808074377
18574,5724.946082185232
18575,4202.655370608133
18576,5091.815845969099
18577,5997.281656260401
18578,6147.302237451721
18579,4140.548152642155
18580,4139.632038592502
18581,3712.83636126062
18582,4703.317534015092
18583,5107.957132202304
18584,5172.026681915442
18585,4689.458342923616
18586,5904.610065632672
18587,5563.315188287126
18588,5115.591197736301
18589,4624.8348429859925
18590,4231.494309678164
18591,6024.304211460275
18592,3875.7911207074494
18593,7906.41912241295
18594,4752.778014345746
18595,3956.4554417138975
18596,5868.8091455889435
18597,4754.684268105171
18598,4398.705855142823
18599,4726.775985243484
18600,5028.63612394594
18601,7312.97694147617
18602,7487.850680502009
18603,5579.409193228007
18604,4356.77405902405
18605,5433.128044778012
18606,5703.843256858637
18607,5373.269591527392
18608,5047.608964017854
18609,6173.935609798117
18610,8404.2791880247
18611,5889.795016392486
18612,5510.40440566847
18613,5479.914462561155
18614,4621.5602450467095
18615,7374.306911175966
18616,4998.210438886405
18617,9741.912184890763
18618,4989.313093910726
18619,4646.401741665103
18620,4433.439348427827
18621,4486.069574662852
18622,6248.987618308473
18623,14846.425673665042
18624,3684.3832996136443
18625,4544.355675983532
18626,6941.617758983564
18627,5655.684173397415
18628,5577.1790173666805
18629,6488.529745162401
18630,4493.680037531394
18631,4344.164667612205
18632,3992.0962835300215
18633,6801.92317757978
18634,4752.86215305766
18635,6505.737783713674
18636,5221.629535640748
18637,4652.2647501082065
18638,6288.261961042542
18639,5117.138286902058
18640,3422.3939468690314
18641,7284.9379524319065
18642,6739.691919851433
18643,3865.326124009918
18644,6272.6528481034375
18645,4935.090089576409
18646,4485.2391991209815
18647,6933.729582961031
18648,5347.554963407537
18649,6186.35963948175
18650,4601.991402728033
18651,4321.1635750579
18652,5801.4824575564735
18653,3026.331191187329
18654,6564.516360852647
18655,3995.7265813265817
18656,5392.824525663026
18657,4269.324309359033
18658,5383.819959448387
18659,4881.153634480261
18660,5687.271938555541
18661,4700.812225749246
18662,5566.951467885539
18663,5416.880932842554
18664,6471.37736725394
18665,5363.425770420516
18666,6451.252916656108
18667,7075.979221319937
18668,6888.007567740783
18669,3725.1320909001543
18670,5163.672217275399
18671,6170.9597818204675
18672,4502.602624657092
18673,6881.174012611784
18674,4875.069302852493
18675,7166.206420877185
18676,7109.460428943409
18677,7080.779578864961
18678,4230.244126709496
18679,6965.390056964211
18680,7672.039117694746
18681,5174.455656218706
18682,6176.716457168065
18683,6728.302343513111
18684,5223.174113709948
18685,5078.62831347715
18686,5678.247858111889
18687,5123.42858224852
18688,5148.2648397601515
18689,5618.600660638744
18690,4939.969015072402
18691,4891.947455726729
18692,5578.158844075839
18693,5675.2765683508
18694,5927.419700208198
18695,6109.281397141694
18696,6040.902258378847
18697,5509.21735167824
18698,6012.748459790908
18699,5744.135138594512
18700,5304.946232486114
18701,5481.739690225244
18702,5341.8540681346785
18703,6359.71584951774
18704,5466.7738831116285
18705,4864.324039325263
18706,5423.120578518378
18707,5577.5832332721875
18708,5735.157388405994
18709,5262.648999645328
18710,4519.228371776654
18711,5432.2689537155
18712,6323.508439141873
18713,5166.457157778852
18714,5738.294610094932
18715,5882.937562710347
18716,4766.044654914537
18717,4754.929670068265
18718,3630.883750919228
18719,5143.680284562124
18720,5893.577305190691
18721,5558.0726383287265
18722,6504.85356121473
18723,6990.877848854691
18724,5045.631163483213
18725,6209.501199894903
18726,4526.785061506121
18727,4177.566322876162
18728,5718.235204477026
18729,7793.769984174608
18730,5839.8768155434045
18731,6264.880574665588
18732,4574.162150827939
18733,5842.131984223964
18734,7247.589870676909
18735,4850.352578572528
18736,5887.678384641835
18737,4321.413664738372
18738,4374.793837496745
18739,4481.640199508764
18740,5296.724623673112
18741,5025.098493150967
18742,4519.460460278925
18743,5372.902279144347
18744,3963.41454484979
18745,5424.213595189392
18746,5901.031337949545
18747,4584.675774157007
18748,5773.968303541119
18749,6038.946478672907
18750,4576.601049007604
18751,5368.341011480614
18752,6303.517772390044
18753,6214.92913189026
18754,5408.985602442765
18755,4257.710362423561
18756,8976.14331231329
18757,4926.250987995668
18758,4740.522207774426
18759,6926.1438775090965
18760,6505.369035917891
18761,6541.092552208061
18762,5652.845775629909
18763,5997.580784435318
18764,6508.237358255763
18765,10148.686868955137
18766,4355.6241959468125
18767,4483.4819243379825
18768,4746.45772952914
18769,6497.605582460498
18770,5275.7075803922935
18771,6870.681860656942
18772,6233.502751324281
18773,4800.524321460608
18774,4502.379766856496
18775,5636.557238275353
18776,6513.89197823634
18777,4467.504961992165
18778,5375.273915108032
18779,3842.7778953086276
18780,5420.81502540316
18781,5732.241751848932
18782,5739.135862655292
18783,6898.493854054242
18784,5534.596189643111
18785,4239.528176928291
18786,5572.891081293144
18787,6028.090937002014
18788,6717.9762731384235
18789,6042.501985612022
18790,5894.967484304793
18791,4635.950542940691
18792,4980.104011596369
18793,7768.4434901010945
18794,4553.167017967102
18795,8354.314736401437
18796,5672.411502366824
18797,4353.380120876091
18798,5886.175754080254
18799,4779.551672837379
18800,5723.29176171563
18801,5909.344463841727
18802,3504.344055277628
18803,4407.022520291682
18804,5449.822928645752
18805,6556.026600121818
18806,7529.397133819812
18807,4754.781161612824
18808,5370.472548370035
18809,5217.424909461091
18810,5996.834835091179
18811,4946.609537951011
18812,7828.702838890227
18813,6675.887011623174
18814,9103.11074425439
18815,4062.5681392911924
18816,4736.446442427215
18817,9906.700816554392
18818,7841.402661245211
18819,4791.385702173736
18820,7664.110906091645
18821,4871.017094076345
18822,4618.45300931878
18823,4303.609850404691
18824,4377.780887520026
18825,4551.545504017072
18826,4441.818631724581
18827,3996.70431862892
18828,4440.430208222442
18829,7074.557612928757
18830,6113.41665965719
18831,19014.75741235228
18832,4839.0529826446755
18833,4174.046605662882
18834,4851.49175150938
18835,7628.340173929391
18836,4978.0889886776085
18837,6001.154799121339
18838,4622.704120495517
18839,6487.111013506007
18840,6314.984227612643
18841,3802.5118431315755
18842,4550.518858307048
18843,5941.749938746474
18844,6284.324538948766
18845,5461.511377476624
18846,5342.773815467419
18847,4999.017712635126
18848,4334.719351285849
18849,6708.155695648455
18850,7820.669360557858
18851,8498.904513873758
18852,8028.495317427582
18853,6059.815855794198
18854,4603.216264413389
18855,5376.469394685141
18856,3579.134608007833
18857,7447.190279329388
18858,7722.719454395017
18859,7688.107205780521
18860,4514.9092035340755
18861,3654.056727097686
18862,4177.749441881877
18863,5141.128991272476
18864,7729.2618276449275
18865,5130.394858983768
18866,4337.74746862186
18867,4175.675976141048
18868,6275.942408391849
18869,3739.8389101610246
18870,5782.624056527246
18871,4136.3899527397825
18872,5465.908307202157
18873,5452.827249629973
18874,5035.507515961356
18875,5816.448027469549
18876,5572.545560514336
18877,4712.390142709256
18878,5031.282172256053
18879,5523.522123406584
18880,8044.176466948313
18881,4944.367007263382
18882,6641.0238299416
18883,6127.361215632543
18884,6694.697955093422
18885,5867.045245786515
18886,6376.808956590431
18887,4147.405844039908
18888,5671.432882694399
18889,5263.921825352327
18890,5443.618389954019
18891,7409.262916131216
18892,5823.8908202954135
18893,4260.7084872660735
18894,5356.92601265348
18895,5098.057364881164
18896,7173.4260709515665
18897,4446.444891719763
18898,9331.005668999751
18899,4235.719943838335
18900,4897.991290842729
18901,6090.327463072621
18902,4818.030083170008
18903,4969.714913724671
18904,5181.634470710776
18905,5578.139926679798
18906,4866.231989180189
18907,4500.280222798772
18908,5805.042459514895
18909,5714.70322787163
18910,5167.41418128258
18911,4711.917451559988
18912,5781.779507483741
18913,7913.164748107321
18914,5856.670446865755
18915,4754.6939378972575
18916,5668.894705605042
18917,4997.441969566414
18918,6163.154583770712
18919,5757.803661461749
18920,4366.114471047084
18921,6070.795440146874
18922,5763.650012636065
18923,5222.634016980619
18924,6678.710268231217
18925,4302.493850864997
18926,4868.703710471297
18927,4277.740398116856
18928,5723.349561690108
18929,6695.534980401343
18930,4276.831250888168
18931,4621.875248577917
18932,5435.324288829763
18933,5061.31442323656
18934,5296.063600674853
18935,5300.353416136687
18936,5133.585314980299
18937,5860.550503434011
18938,4440.807917536377
18939,4725.427669457288
18940,5184.0181326816855
18941,7039.949597333674
18942,5776.089410333147
18943,6244.103402949902
18944,6514.1927729570725
18945,4880.037394657534
18946,6493.6983198673925
18947,5368.780093388375
18948,5384.140789895401
18949,6915.545097261236
18950,5056.711964902266
18951,7324.775407865669
18952,6572.112916428977
18953,6087.895941389721
18954,5161.423046768349
18955,6572.282852999418
18956,6013.3125739064735
18957,4611.300262669326
18958,3993.9613118699167
18959,5274.963332399125
18960,5979.217520430953
18961,5044.430449662201
18962,4774.961454190691
18963,6593.94658180865
18964,5318.491510446557
18965,5038.816136367098
18966,4813.726471886422
18967,4861.081489467701
18968,6481.6349154706095
18969,5527.584444427357
18970,5345.837294569358
18971,4436.261143221053
18972,5175.6884129027685
18973,5669.268448655652
18974,4261.7410849455155
18975,5216.761521665709
18976,3996.1017956099026
18977,6013.074981296615
18978,4828.350545733635
18979,5106.845151918335
18980,7259.654220206725
18981,5296.851987714285
18982,4709.334340909223
18983,9775.637600505728
18984,5230.808505706829
18985,5554.730338511358
18986,5560.173355054309
18987,4393.310774634081
18988,5753.004062157079
18989,4799.137297747849
18990,6016.259797211059
18991,7652.290675290234
18992,5254.627419386279
18993,2796.4114671313905
18994,4309.891478919094
18995,5767.432846897597
18996,6153.472776827153
18997,5012.9523342626635
18998,5148.126966130109
18999,4285.405397821285
19000,4585.588204010355
19001,4356.249062282734
19002,4130.440355910074
19003,4959.703532918547
19004,5785.73219853921
19005,5623.740734429745
19006,5400.0312704272455
19007,5976.2670101565855
19008,5814.735060042799
19009,5643.902587937355
19010,4770.618027013274
19011,6821.7521550900865
19012,7178.140206583754
19013,5097.980987097679
19014,6069.931273412931
19015,5318.708375710279
19016,5699.073865757746
19017,4489.044515536817
19018,5219.717835283329
19019,4457.250174614783
19020,6845.010426689994
19021,5344.725927362432
19022,6755.521202274282
19023,6747.714379057223
19024,5286.611525890027
19025,5428.007176422042
19026,15591.00806754263
19027,8242.660530163444
19028,5800.701234306212
19029,3059.8821179487186
19030,5139.088377108454
19031,7603.680772268623
19032,4315.7852084385395
19033,10757.703867664282
19034,16549.543687483827
19035,5572.94636002459
19036,4909.411307719066
19037,6153.009625114851
19038,5160.0048143203685
19039,7357.09362921732
19040,4685.4217563561815
19041,6283.305937934065
19042,3783.243296962337
19043,4905.607986105037
19044,5536.489941389861
19045,6067.362657116791
19046,6228.319408659604
19047,4451.848268047174
19048,5838.768020494696
19049,5730.076279941683
19050,4608.826609574457
19051,5267.039609350738
19052,5313.392187243199
19053,4530.604236750442
19054,4947.5965247415725
19055,5153.434788556953
19056,4814.574321617677
19057,4195.019937923682
19058,4771.3563275896395
19059,5359.75698008874
19060,7032.220983554799
19061,6174.663784252119
19062,6207.09817909401
19063,5884.60136692035
19064,4132.565118406802
19065,5163.718262543819
19066,5193.662648812507
19067,4415.448861175188
19068,4555.776413187112
19069,5461.25123089013
19070,5209.298835137805
19071,5898.27272186206
19072,6475.999684348583
19073,5271.490794882681
19074,4387.4168609808185
19075,5115.611612846066
19076,6605.3793741745785
19077,4881.28194595946
19078,5661.660995230426
19079,12627.960993555065
19080,5823.074726071732
19081,5327.699047271067
19082,4900.943722443663
19083,4784.797862291593
19084,5221.295924929033
19085,4005.5764963070355
19086,5576.258236951154
19087,6604.766302859917
19088,4551.117473005053
19089,11817.143444013322
19090,8618.337075427438
19091,4796.900850936871
19092,5665.509463645395
19093,5074.361340904106
19094,6088.408645724313
19095,5456.386590130287
19096,7981.618613594182
19097,5332.614495985689
19098,6736.657521536697
19099,5217.0146354951385
19100,6088.212014819358
19101,4793.141891603885
19102,6656.457909581032
19103,5162.592856031753
19104,5255.797670762196
19105,5011.224121021492
19106,5574.6140667794525
19107,7369.946104482388
19108,6717.036643865462
19109,5178.428218697972
19110,7261.070007231783
19111,5816.642174121106
19112,8633.055570633418
19113,4324.773519348214
19114,4441.375765854343
19115,5702.864829214854
19116,6999.864798087931
19117,5844.689176597873
19118,5430.247796044237
19119,5846.980031499936
19120,5735.0875926205745
19121,4586.588525524784
19122,6600.551570018715
19123,6234.5936716828965
19124,4706.790478018511
19125,11090.972059800342
19126,14390.782408347923
19127,5963.017844788115
19128,6044.806479358581
19129,6749.66445400274
19130,7785.444389453348
19131,7637.065994617029
19132,5485.143933929394
19133,6382.780647707983
19134,5347.351426707644
19135,6122.9543857843455
19136,4662.402494511841
19137,5367.419088123916
19138,4726.555447334627
19139,4793.1883772048195
19140,5138.398974728234
19141,4198.788080986583
19142,4116.066882602499
19143,4849.895789896294
19144,4110.926178921398
19145,3936.599624643408
19146,4903.407158504357
19147,5175.372094827846
19148,6818.982354834706
19149,6629.6838708092355
19150,6972.035953931757
19151,5542.484045723483
19152,5566.816641349519
19153,7372.357763753437
19154,5973.787899196023
19155,4183.283748458652
19156,4729.741116499884
19157,6963.726605420885
19158,4722.862364439384
19159,5249.264792778495
19160,4527.116114093608
19161,4827.127673417656
19162,6799.285850760246
19163,4859.349071652352
19164,5029.214626094993
19165,6518.407717558024
19166,7252.077305616203
19167,8534.038201396865
19168,5467.347464105117
19169,7252.638390325397
19170,3928.203056504207
19171,4672.404885563218
19172,5160.047843377143
19173,4164.046504071152
19174,6001.213281612796
19175,4340.391289364732
19176,6314.490612834036
19177,6712.501358440915
19178,6942.843201430949
19179,6742.756196245139
19180,4732.425860734643
19181,5043.3237987543625
19182,7838.79557801413
19183,5954.072785988053
19184,6433.623439603291
19185,5298.180399144814
19186,5559.931113570966
19187,6836.986696001335
19188,5096.678362705865
19189,5643.919395226589
19190,6032.021208356027
19191,6466.430658596401
19192,10527.722077255457
19193,5814.706024503884
19194,10929.603474288426
19195,5252.179544534194
19196,5525.748302945542
19197,3713.1377520439423
19198,5953.442545505074
19199,5394.779716833102
19200,4655.718044809337
19201,6387.075201876123
19202,5047.046485424257
19203,3832.123003367317
19204,5082.498454839362
19205,5044.742260048506
19206,5867.013385325457
19207,5362.134027897598
19208,5867.377437297201
19209,5677.885178692667
19210,5067.105350032483
19211,6713.1991992723615
19212,4624.558550249987
19213,4640.066420701709
19214,5175.519464300969
19215,6535.360244240027
19216,8663.12345938757
19217,6123.530063357595
19218,4130.413329349582
19219,5165.409337256636
19220,6144.251381910868
19221,5682.371688869287
19222,5276.405536715835
19223,6381.577057249409
19224,5183.059263343781
19225,5642.160300065622
19226,5146.538450762184
19227,6314.563632860297
19228,5085.390458721808
19229,5477.707991374192
19230,5160.001331204376
19231,4918.765807872713
19232,4668.732833572072
19233,4583.927900123317
19234,6388.989537356686
19235,7078.466936253851
19236,7521.696406581335
19237,8791.102797168773
19238,6532.3807885522065
19239,5260.362373187697
19240,5519.360291590556
19241,8287.360026362925
19242,7343.071094329289
19243,5670.656166459979
19244,6141.052870320835
19245,7226.585319243257
19246,4942.127955284456
19247,4197.576358232992
19248,8027.573091010489
19249,5154.441138952037
19250,6396.400031344649
19251,5183.5570767191875
19252,3327.9435317002585
19253,8457.199984478475
19254,4763.872838350537
19255,5215.222870729021
19256,4842.490117075616
19257,5163.869443475416
19258,5539.248806112718
19259,5668.4043798872735
19260,5598.764394208293
19261,5478.314153289016
19262,4361.779880936159
19263,4459.129375734979
19264,4465.578359036354
19265,5805.376828919331
19266,16122.624265488264
19267,4201.167510351123
19268,4944.124193403974
19269,6275.343161892811
19270,4284.733859303798
19271,4071.4065813600555
19272,4797.1479708895895
19273,4229.550507863292
19274,5392.442745934098
19275,5777.560608264113
19276,4294.373295228483
19277,6144.842722012041
19278,3835.6686298565255
19279,4484.207495249591
19280,5969.177754787067
19281,6537.289952284581
19282,8214.624245896655
19283,5035.985994118784
19284,5510.9377707017
19285,4053.993556108901
19286,5452.244177050633
19287,11534.703591887235
19288,7134.090410233936
19289,5543.425432882212
19290,4195.978354553862
19291,5301.972869633761
19292,4582.656836583943
19293,3997.1912034548427
19294,6876.867452377725
19295,4880.632062326957
19296,4555.8978604403155
19297,5709.763219238752
19298,5022.5655528902635
19299,4806.773435492255
19300,5158.33296781971
19301,5745.374092860592
19302,5206.286507277259
19303,4242.872664850664
19304,4808.602345860955
19305,5473.34576833454
19306,6614.590730432157
19307,5848.916142247694
19308,6142.321531543018
19309,3919.672797098977
19310,5686.247817945441
19311,4717.375243274107
19312,5181.283960291456
19313,5396.9518689862425
19314,6255.061919939752
19315,4708.700750578015
19316,5801.367927503616
19317,5838.935447516675
19318,4719.830955142373
19319,4938.3466148433
19320,5515.859962144014
19321,5051.658754776702
19322,4792.974708412469
19323,5992.674714126968
19324,5417.203636361016
19325,4642.13483029801
19326,7600.607478839058
19327,4285.526637757437
19328,4061.9601218186567
19329,5790.263238155565
19330,6501.27022289591
19331,8094.687797347081
19332,5072.536639277103
19333,6108.822847871501
19334,4871.525652881515
19335,6143.142345540258
19336,5467.324010726329
19337,5467.6216065154085
19338,3299.539221102352
19339,4928.726845384308
19340,5418.396218534917
19341,5164.688307159504
19342,3931.5302907520477
19343,5805.952732531223
19344,6197.029756765041
19345,5223.2058798670805
19346,6455.048462033186
19347,5798.514668839624
19348,7175.081342762101
19349,4636.828767319677
19350,4971.996843784693
19351,5065.151887435498
19352,5636.177558893229
19353,6139.52920207978
19354,4252.168702566705
19355,7708.420433712075
19356,5517.304091584106
19357,5521.208024784907
19358,4587.761125032595
19359,4237.663947025752
19360,5618.916780506528
19361,4592.149649152476
19362,7299.330715036842
19363,5269.730219246697
19364,5044.99756626267
19365,6414.8788383274705
19366,5276.683576128103
19367,4976.920378656201
19368,6067.5417799937495
19369,4993.432721106184
19370,7043.031769496741
19371,7438.115804445317
19372,6111.462828350006
19373,5277.894069897157
19374,4866.771993005523
19375,4164.94280160763
19376,3194.325795502041
19377,6220.436395179168
19378,4798.3837350052345
19379,6885.0133804197785
19380,4646.850319919357
19381,5040.345941269779
19382,4795.660926895171
19383,8057.631071377561
19384,4696.431366879469
19385,4937.64364815275
19386,5274.176357999993
19387,6017.854767360385
19388,5063.848654708785
19389,6010.671266885739
19390,6253.329244590607
19391,8067.9760181017755
19392,5641.922756476436
19393,6078.004729135351
19394,5635.754646192633
19395,4657.328226512926
19396,4736.161478686327
19397,7521.9003824808215
19398,6849.5084401447575
19399,6420.873474968397
19400,13893.941834051344
19401,5149.083704213024
19402,5190.8964510352625
19403,4617.853235090719
19404,6238.351394810915
19405,7072.768061293548
19406,5698.715003409289
19407,6269.983503724326
19408,6536.999274220558
19409,5031.391401123241
19410,5607.197166590925
19411,4578.08320823176
19412,5148.741928933217
19413,4741.930055354314
19414,4522.300217707634
19415,4490.836684069034
19416,6201.988272463991
19417,13618.149048709121
19418,6178.152393807477
19419,4899.914177051435
19420,5499.740772039901
19421,4153.799874362536
19422,5470.495506106404
19423,3594.0319946601776
19424,7300.853439174185
19425,5752.889868505528
19426,6054.061578976108
19427,9698.083299809565
19428,9511.234813008945
19429,5871.183611386694
19430,5695.4158854975485
19431,4163.6932870422615
19432,5062.285649281416
19433,5967.751459572717
19434,6115.6317604290525
19435,4108.877675619485
19436,4107.961561569831
19437,3681.1658842379484
19438,4671.647056992423
19439,5076.286655179634
19440,5148.117314576412
19441,4659.928146235935
19442,5875.079868944989
19443,5533.784991599443
19444,5091.68183039727
19445,4595.304646298308
19446,4199.823832655494
19447,5994.774014772592
19448,3844.120643684781
19449,7876.888925725267
19450,4723.2478176580635
19451,3926.9252450262125
19452,5844.899778249913
19453,4723.013791082501
19454,4367.035378120152
19455,4695.105508220815
19456,5004.72675660691
19457,7283.446744788487
19458,7458.320483814326
19459,5549.878996540323
19460,4327.243862336367
19461,5403.597848090329
19462,5672.172779835967
19463,5343.7393948397075
19464,5015.938486995184
19465,6144.405413110434
19466,8372.608711002033
19467,5858.124539369816
19468,5480.8742089807865
19469,5450.384265873472
19470,4589.88976802404
19471,7344.776714488283
19472,4968.680242198723
19473,9712.381988203086
19474,4965.403726571696
19475,4614.7312646424325
19476,4401.768871405157
19477,4456.5393779751685
19478,6219.45742162079
19479,14816.89547697736
19480,3660.4739322746145
19481,4512.685198960861
19482,6909.9472819608945
19483,5631.774806058384
19484,5545.508540344011
19485,6458.999548474719
19486,4462.009560508725
19487,4312.494190589535
19488,3960.4258065073536
19489,6772.392980892097
19490,4728.9527857186295
19491,6466.775700147801
19492,5189.959058618079
19493,4620.594273085537
19494,6258.731764354858
19495,5078.1762033361865
19496,3390.7234698463662
19497,7253.267475409237
19498,6710.16172316375
19499,3841.416756670891
19500,6243.122651415753
19501,4911.180722237377
19502,4455.709002433299
19503,6902.0591059383605
19504,5318.024766719855
19505,6154.68916245908
19506,4572.46120604035
19507,4297.254207718868
19508,5771.95226086879
19509,3002.421823848299
19510,6534.986164164964
19511,3971.817213987551
19512,5363.294328975343
19513,4239.7941126713495
19514,5354.289762760704
19515,4851.6234377925775
19516,5657.741741867858
19517,4669.141748726577
19518,5535.280990862869
19519,5385.210455819884
19520,6447.467999914909
19521,5331.755293397845
19522,6421.722719968425
19523,7046.449024632254
19524,6858.4773710531
19525,3701.2227235611244
19526,5132.001740252729
19527,6141.429585132784
19528,4470.932147634422
19529,6851.6438159241
19530,4843.398825829822
19531,7136.676224189502
19532,7079.930232255726
19533,7051.249382177278
19534,4198.573649686827
19535,6941.48068962518
19536,7642.508921007063
19537,5144.925459531024
19538,6147.186260480382
19539,6696.63186649044
19540,5191.503636687277
19541,5049.098116789467
19542,5648.717661424206
19543,5099.519214909489
19544,5116.594362737482
19545,5589.070463951061
19546,4908.298538049732
19547,4860.276978704058
19548,5546.488367053168
19549,5645.746371663116
19550,5903.510332869168
19551,6079.75120045401
19552,6011.372061691164
19553,5477.546874655571
19554,5981.077982768238
19555,5712.464661571842
19556,5275.416035798431
19557,5452.209493537561
19558,5310.18359111201
19559,6330.185652830057
19560,5437.243686423944
19561,4832.653562302593
19562,5391.450101495708
19563,5548.053036584505
19564,5705.627191718312
19565,5233.118802957645
19566,4487.557894753984
19567,5400.59847669283
19568,6293.978242454191
19569,5136.926961091169
19570,5706.624133072261
19571,5853.407366022663
19572,4734.3741778918675
19573,4723.2591930455965
19574,3606.9743835802
19575,5119.770917223094
19576,5864.0471085030085
19577,5528.542441641044
19578,6480.944193875699
19579,6961.347652167008
19580,5016.1009667955295
19581,6177.830722872233
19582,4495.114584483452
19583,4145.895845853493
19584,5686.564727454355
19585,7762.099507151938
19586,5808.206338520735
19587,6235.350377977905
19588,4542.491673805269
19589,5812.60178753628
19590,7215.91939365424
19591,4818.682101549857
19592,5856.007907619164
19593,4297.504297399341
19594,4345.263640809062
19595,4449.969722486095
19596,5267.194426985428
19597,4995.568296463284
19598,4487.789983256255
19599,5341.231802121676
19600,3939.505177510763
19601,5392.543118166723
19602,5869.360860926875
19603,4553.005297134338
19604,5744.438106853436
19605,6009.4162819852245
19606,4537.638965441732
19607,5336.670534457944
19608,6279.608405051013
19609,6191.019764551229
19610,5377.315125420097
19611,4233.80099508453
19612,8944.472835290622
19613,4894.580510972999
19614,4708.851730751755
19615,6894.473400486426
19616,6475.838839230208
19617,6511.562355520377
19618,5623.315578942225
19619,5968.050587747634
19620,6476.566881233094
19621,10117.01639193247
19622,4323.953718924143
19623,4453.9517276503
19624,4714.787252506471
19625,6468.075385772815
19626,5246.177383704609
19627,6839.011383634273
19628,6201.8322743016115
19629,4768.853844437939
19630,4478.470399517465
19631,5604.886761252682
19632,6484.361781548656
19633,4443.595594653134
19634,5343.603438085363
19635,3811.1074182859584
19636,5389.144548380489
19637,5700.571274826261
19638,5715.226495316261
19639,6868.963657366558
19640,5510.68682230408
19641,4207.85769990562
19642,5543.360884605462
19643,5996.420459979344
19644,6679.01418957255
19645,6018.592618272991
19646,5865.437287617111
19647,4612.041175601661
19648,4941.141928030496
19649,7738.913293413411
19650,4521.496540944432
19651,8324.784539713755
19652,5642.88130567914
19653,4321.70964385342
19654,5856.64555739257
19655,4747.881195814709
19656,5699.382394376599
19657,5877.673986819057
19658,3472.673578254959
19659,4375.352043269012
19660,5418.152451623083
19661,6524.356123099148
19662,7497.726656797141
19663,4730.871794273794
19664,5338.802071347365
19665,5193.515542122061
19666,5967.304638403497
19667,4914.939060928341
19668,7799.172642202545
19669,6646.356814935491
19670,9071.440267231725
19671,4030.8976622685195
19672,4704.775965404545
19673,9877.170619866713
19674,7809.732184222541
19675,4759.715225151066
19676,7634.58070940396
19677,4839.346617053675
19678,4594.54364197975
19679,4271.9393733820225
19680,4353.871520180996
19681,4519.875026994402
19682,4410.148154701911
19683,3965.033841606251
19684,4408.759731199772
19685,7045.027416241073
19686,6083.886462969507
19687,18975.795328786397
19688,4807.382505622007
19689,4109.856428767493
19690,4814.365660859954
19691,7727.500818039636
19692,4940.962898028182
19693,5901.65763329249
19694,4585.57802984609
19695,6387.6138476771575
19696,6215.487061783793
19697,3738.3216662361842
19698,4513.392767657621
19699,5815.188686671661
19700,6184.827373119916
19701,5362.014211647775
19702,5278.583638572028
19703,4857.2878340533625
19704,4297.593260636423
19705,6643.965518753063
19706,7721.172194729009
19707,8434.714336978368
19708,7991.369226778156
19709,5933.254603719385
19710,4566.090173763962
19711,5248.766015076065
19712,3542.0085173584057
19713,7347.693113500539
19714,7595.016074785941
19715,7588.610039951672
19716,4450.719026638684
19717,3616.9306364482586
19718,4140.623351232451
19719,5014.567739197663
19720,7629.764661816078
19721,5066.204682088379
19722,4272.415164192209
19723,4111.485799245658
19724,6176.445242563
19725,3702.7128195115984
19726,5623.628131781162
19727,4071.0576483101313
19728,5366.411141373307
19729,5326.265997555159
19730,4899.741662571357
19731,5688.7446478604725
19732,5473.0483946854865
19733,4612.892976880406
19734,4994.156081606627
19735,5381.792244824818
19736,7962.339989663111
19737,4879.034702833731
19738,6541.52666411275
19739,6027.864049803693
19740,6552.968076511656
19741,5725.315367204749
19742,6329.588457430505
19743,4110.279753390481
19744,5571.93571686555
19745,5226.7957347029005
19746,5284.622465207935
19747,7250.266991385134
19748,5697.329568220602
19749,4223.582396616647
19750,5291.593708223829
19751,5060.931274231738
19752,7148.997414504686
19753,4409.318801070337
19754,9231.508503170899
19755,4198.593853188909
19756,4860.865200193302
19757,6053.201372423195
19758,4753.839906274618
19759,4905.524736829281
19760,5134.41397155085
19761,5429.238410444216
19762,4704.953966219382
19763,4358.550344217008
19764,5729.615746574744
19765,5588.141975796817
19766,5130.288090633153
19767,4612.420285731138
19768,5744.653416834314
19769,7786.603496032508
19770,5757.173281036906
19771,4618.928084507258
19772,5541.191325995967
19773,4960.3158789169875
19774,6004.15865902463
19775,5630.100281852672
19776,4328.988380397658
19777,5944.234188072061
19778,5664.152846807216
19779,5158.443840085228
19780,6542.944414841218
19781,4265.36776021557
19782,4804.513533575906
19783,4213.550221221467
19784,5596.788309615294
19785,6658.408889751916
19786,4212.641073992777
19787,4557.685071682526
19788,5308.76303675495
19789,4850.653154810043
19790,5207.79218491576
19791,5274.453075557018
19792,5107.6849744006295
19793,5772.279087674919
19794,4299.078038954612
19795,4699.527328877619
19796,5119.827955786296
19797,6920.385636437574
19798,5750.189069753477
19799,6116.400023340826
19800,6386.489393347996
19801,4815.847217762144
19802,6334.702395121309
19803,5342.879752808705
19804,5348.146040805232
19805,6756.549172515154
19806,4992.521788006875
19807,7236.503992106576
19808,6444.409536819902
19809,6022.56363696007
19810,5002.427122022267
19811,6484.011437240325
19812,5885.609194297399
19813,4585.399922089657
19814,3968.0609712902474
19815,5160.184903640114
19816,5953.317179851284
19817,4980.2402727668095
19818,4749.061113611022
19819,6568.046241228981
19820,5292.591169866888
19821,5012.915795787429
19822,4749.536294991032
19823,4835.181148888032
19824,6393.363499711517
19825,5462.252139997704
19826,5319.936953989689
19827,4309.699891146241
19828,5149.788072323099
19829,5542.707196580839
19830,4235.840744365846
19831,5097.197560769609
19832,3931.911618714511
19833,5947.742676866964
19834,4802.450205153966
19835,5080.944811338666
19836,7133.092968131912
19837,5270.951647134616
19838,4550.338416163141
19839,9687.36618474663
19840,5166.618328811438
19841,5427.026958902284
19842,5534.273014474639
19843,4280.277543692412
19844,5479.971718551138
19845,4773.236957168179
19846,5927.988381451966
19847,7626.390334710565
19848,5166.3560036271865
19849,2732.221290235998
19850,4200.421926533493
19851,5640.871594822785
19852,6088.1404723975
19853,4948.762157367274
19854,5083.936789234718
19855,4221.215220925894
19856,4497.316788251263
19857,4330.348721703064
19858,4104.5400153304045
19859,4810.8020166829665
19860,5658.0288189301355
19861,5597.840393850076
19862,5374.130929847576
19863,5848.563630547511
19864,5633.42664892661
19865,5516.1992083282785
19866,4644.056774938461
19867,6795.851814510417
19868,7113.9500296883625
19869,5072.080646518009
19870,6044.030932833261
19871,5192.147123635467
19872,5572.512613682933
19873,4423.712211107164
19874,5193.81749470366
19875,4393.0599977193915
19876,6756.739010930902
19877,5280.535750467043
19878,6602.45293719955
19879,6659.44296329813
19880,5127.615601143943
19881,5363.816999526651
19882,15502.736651783533
19883,8083.664605417364
19884,5712.42981854712
19885,2995.6919410533255
19886,4997.35849852669
19887,7488.9023435096115
19888,4274.814316924227
19889,10631.142615589464
19890,16485.353510588433
19891,5484.674944265497
19892,4883.510967139397
19893,6088.819448219459
19894,5134.104473740699
19895,7242.315200458309
19896,4649.427007266012
19897,6195.034522174972
19898,3656.6820448875237
19899,4841.417809209647
19900,5408.786561780785
19901,5979.091241357698
19902,6101.75815658479
19903,4292.852343301092
19904,5711.064640885622
19905,5704.175939362014
19906,4544.636432679065
19907,5241.139268771069
19908,5249.202010347808
19909,4466.414059855053
19910,4882.264220311919
19911,5127.534447977284
19912,4788.673981038008
19913,4169.119597344013
19914,4745.45598700997
19915,5333.856639509071
19916,6956.794270614648
19917,6015.667859506035
19918,6092.319750334998
19919,5796.329951161258
19920,4006.0038663319815
19921,5127.7235134536495
19922,5167.762308232837
19923,4273.718982593422
19924,4529.876072607442
19925,5435.35089031046
19926,5143.966530708152
19927,5810.001306102968
19928,6387.728268589491
19929,5206.158490453028
19930,4361.516520401149
19931,4991.071509525824
19932,6540.047069744927
19933,4817.091769064071
19934,5573.3895794713335
19935,12539.689577795967
19936,5695.371346462657
19937,5239.427631511974
19938,4835.611418014012
19939,4758.897521711924
19940,5195.395584349364
19941,3917.3050805479425
19942,5487.986821192061
19943,6516.494887100825
19944,4424.556220930238
19945,11752.953267117928
19946,8592.43673484777
19947,4669.197471327797
19948,5577.238047886302
19949,4986.089925145014
19950,6000.13722996522
19951,5430.486249550618
19952,7899.782136308979
19953,5257.187783045538
19954,6648.386105777604
19955,5191.114294915469
19956,5999.940599060265
19957,4665.43851199481
19958,6620.463160490863
19959,5097.2605516021
19960,5229.897330182526
19961,4883.520741412417
19962,5448.052814704638
19963,7243.384852407574
19964,6628.765228106369
19965,5050.724839088894
19966,7235.169666652114
19967,5690.080922046292
19968,8491.325692051649
19969,4215.303966962614
19970,4377.185588958953
19971,5576.303577140041
19972,6873.303546013119
19973,5716.985796988796
19974,5364.915491614585
19975,5720.418779425121
19976,5608.526340545762
19977,4458.885145915708
19978,6485.773141259704
19979,6146.322255923804
19980,4641.458173588858
19981,11065.071719220668
19982,14302.510992588825
19983,5898.827667892726
19984,5918.245227283768
19985,6685.474277107351
19986,7759.544048873679
19987,7548.794578857936
19988,5459.2435933497245
19989,6356.880307128314
19990,5220.790174632831
19991,6057.622081354694
19992,4636.5021539321715
19993,5252.640659364904
19994,4584.825568752862
19995,4767.28803662515
19996,5112.498634148565
19997,4110.51666522749
19998,4090.1665420228305
19999,4722.192410287218
20000,4085.025838341729
20001,3872.409447748016
20002,4776.845906429544
20003,5111.181917932455
20004,6691.278975225631
20005,6503.122618734421
20006,6883.764538172664
20007,5414.780666114409
20008,5439.113261740443
20009,7284.0863479943455
20010,5885.516483436931
20011,4157.383407878982
20012,4603.179864425071
20013,6821.996726839121
20014,4634.59094868029
20015,5122.70354070368
20016,4400.554862018796
20017,4801.227332837987
20018,6684.507422001235
20019,4795.158894756961
20020,4847.906214978802
20021,6369.506201322441
20022,7125.516053541389
20023,8508.13786081719
20024,5342.807360784875
20025,7226.738049745728
20026,3902.3027159245376
20027,4608.214708667827
20028,5095.857666481754
20029,4099.856327175761
20030,5975.312941033127
20031,4314.490948785062
20032,6226.219197074944
20033,6624.229942681823
20034,6828.064772671938
20035,6677.423891815488
20036,4706.5255201549735
20037,4955.05238299527
20038,7714.255474693888
20039,5826.369406378976
20040,6318.84501084428
20041,5136.902376184005
20042,5495.740936675575
20043,6811.086355421666
20044,4970.11711063105
20045,5618.019054646919
20046,5904.317828746951
20047,6378.159242837311
20048,10430.9499590724
20049,5526.50505439099
20050,10814.825045529411
20051,5186.847240104541
20052,5237.54733283265
20053,3687.237411464274
20054,5927.542204925404
20055,5330.5895399377105
20056,4512.846038693309
20057,6277.605649490523
20058,4920.485233349443
20059,3806.2226627876466
20060,4955.937202764548
20061,4956.4708442894125
20062,5841.113044745788
20063,5235.572775822783
20064,5841.477096717532
20065,5551.3239266178525
20066,5001.77304560283
20067,6624.927783513269
20068,4598.658209670318
20069,4498.336542119943
20070,5047.8160846918945
20071,6447.088828480933
20072,8637.2231188079
20073,5981.8001847758305
20074,4104.512988769913
20075,5139.5089966769665
20076,6055.979966151775
20077,5594.100273110194
20078,5250.505196136166
20079,6293.305641490317
20080,5157.158922764112
20081,5515.599047990808
20082,5004.808572180418
20083,6186.860253251222
20084,4970.612029962796
20085,5380.935873191139
20086,5033.440079129561
20087,4777.035929290947
20088,4580.46141781298
20089,4508.501187183166
20090,6261.28615774761
20091,6953.926832933608
20092,7393.993026972261
20093,8771.490126446599
20094,6383.479272316623
20095,5140.798412291597
20096,5431.088875831463
20097,8199.088610603829
20098,7254.799678570196
20099,5606.46598956459
20100,6115.152529741166
20101,7138.313903484163
20102,4916.227614704788
20103,4171.676017653323
20104,8001.67275043082
20105,5027.879886877225
20106,6308.128615585558
20107,5157.656736139518
20108,3263.753354804866
20109,8368.928568719379
20110,4636.16945874146
20111,5088.661618654209
20112,4754.218701316523
20113,5010.801178400685
20114,5450.977390353625
20115,5642.504039307604
20116,5534.574217312902
20117,5336.584274707253
20118,4297.589704040768
20119,4433.229035155309
20120,4439.678018456685
20121,5740.044524489678
20122,15996.063013413446
20123,4175.267169771454
20124,4816.420813794897
20125,6160.5647331338
20126,4258.833518724129
20127,4007.216404464664
20128,4670.586718814777
20129,4203.650167283623
20130,5328.252569038708
20131,5649.857228655037
20132,4268.472954648813
20133,6080.652545116652
20134,3809.7682892768544
20135,4395.936079490499
20136,5903.845450357414
20137,6461.8632393444295
20138,8099.845817137649
20139,5010.085653539115
20140,5485.037430122032
20141,3989.80337921351
20142,5325.68292497582
20143,11446.432176128137
20144,7007.529158159123
20145,5384.429508136128
20146,4107.7069387947695
20147,5175.411617558948
20148,4494.38542082485
20149,3971.290862875173
20150,6752.327349057483
20151,4854.731721747287
20152,4491.707683544926
20153,5550.767294492668
20154,4957.23324846061
20155,4780.873094912586
20156,5132.43262724004
20157,5680.041788430941
20158,5140.954202847606
20159,4216.972324270993
20160,4782.702005281286
20161,5346.784516259725
20162,6550.400553536768
20163,5760.644726488601
20164,6014.618151933943
20165,3893.772456519306
20166,5558.544438336365
20167,4691.474902694437
20168,5093.012544532364
20169,5371.051528406573
20170,6166.79050418066
20171,4682.8004099983455
20172,5659.63804892185
20173,5750.664031757582
20174,4655.640778246981
20175,4811.785362768487
20176,5489.959621564345
20177,4986.326450347051
20178,4728.78453151708
20179,5864.971334517892
20180,5351.871331931365
20181,4616.234489718339
20182,7472.904099229983
20183,4197.2552219983445
20184,3920.2302432368933
20185,5764.362897575896
20186,6437.08004600052
20187,8068.787456767412
20188,5046.636298697433
20189,6020.551432112408
20190,4845.625312301846
20191,6117.242004960589
20192,5339.620631117255
20193,5341.060354440596
20194,3235.3490442069597
20195,4775.658580309577
20196,5291.834966460103
20197,5100.498130264113
20198,3905.6299501723784
20199,5679.39148045641
20200,6132.83957986965
20201,5134.934464107988
20202,6429.148121453517
20203,5656.784790257861
20204,7048.520090687288
20205,4561.402054379524
20206,4946.0965032050235
20207,4976.880471676405
20208,5487.276042657645
20209,6113.62886150011
20210,4226.268361987036
20211,7581.85918163726
20212,5453.113914688716
20213,5457.017847889518
20214,4523.570948137204
20215,4149.39253126666
20216,5492.3555284317135
20217,4566.2493085728065
20218,7172.769462962029
20219,5204.397914817044
20220,5019.097225683001
20221,6288.317586252658
20222,5250.783235548433
20223,4912.730201760812
20224,5979.270364234657
20225,4967.532380526514
20226,6954.760353737648
20227,7373.925627549927
20228,6085.562487770337
20229,5189.622654138065
20230,4802.581816110133
20231,4139.0424610279615
20232,3168.425454922373
20233,6194.536054599499
20234,4733.051430575583
20235,6796.741964660686
20236,4582.660143023968
20237,4964.919228329626
20238,4769.760586315501
20239,7969.359655618468
20240,4535.153343918662
20241,4873.45347125736
20242,5147.615105925181
20243,5991.954426780716
20244,4920.976648592758
20245,5891.107305989639
20246,6165.057828831515
20247,8042.075677522106
20248,5514.2193768673615
20249,5950.301349526275
20250,5476.758721446549
20251,4631.427885933257
20252,4670.829174256674
20253,7379.028376364795
20254,6813.513691054588
20255,6296.333371648155
20256,13767.380581976526
20257,5123.183363633355
20258,5049.166572453499
20259,4591.95289451105
20260,6110.64801520184
20261,6946.206809218734
20262,5633.382698979636
20263,6142.280124115251
20264,6410.438022145743
20265,5005.491060543572
20266,5480.6359145161105
20267,4513.893031336371
20268,5122.841588353548
20269,4676.597750924661
20270,4496.399877127966
20271,4464.936343489365
20272,6075.4270203891765
20273,13503.370619950107
20274,6089.880978048384
20275,4780.350216155335
20276,5473.840431460231
20277,4027.2386222877235
20278,5311.499581360322
20279,3431.885373338418
20280,7181.768834621025
20281,5625.186488896452
20282,5944.592026590508
20283,9609.811884050467
20284,9384.67356093413
20285,5756.405182627683
20286,5682.212979120426
20287,4037.1320349674465
20288,5036.385308701747
20289,5879.480043813624
20290,5987.928380819976
20291,4044.6874987240953
20292,3980.2581819607567
20293,3655.265543658279
20294,4528.775050876397
20295,5050.386314599965
20296,5021.556062501598
20297,4571.656730476842
20298,5747.376489335914
20299,5507.884651019774
20300,5016.255117457118
20301,4531.114469402917
20302,4135.633655760104
20303,5906.502599013499
20304,3818.2203031051113
20305,7788.617509966174
20306,4659.057640762672
20307,3851.4985320860587
20308,5756.62836249082
20309,4658.823614187111
20310,4225.305499538388
20311,4582.072277279146
20312,4940.536579711519
20313,7257.546404208818
20314,7432.420143234656
20315,5422.175616931248
20316,4301.3435217566985
20317,5377.697507510659
20318,5646.272439256299
20319,5202.009516257944
20320,4951.748310099794
20321,6056.133997351341
20322,8284.337295242942
20323,5769.853123610724
20324,5361.3102480846865
20325,5414.3895167833025
20326,4563.98942744437
20327,7256.50529872919
20328,4904.490065303332
20329,9686.481647623412
20330,4914.290705983013
20331,4488.170012567621
20332,4375.868530825488
20333,4347.069825589569
20334,6193.557081041121
20335,14690.334224902545
20336,3634.573591694944
20337,4447.35289453121
20338,6821.675866201802
20339,5490.04492747662
20340,5457.237124584918
20341,6330.346826199661
20342,4397.819383613334
20343,4185.932938514722
20344,3896.235629611963
20345,6746.492640312427
20346,4703.05244513896
20347,6440.875359568132
20348,5124.626754188426
20349,4594.693932505867
20350,6183.305051414706
20351,4935.304197220159
20352,3248.9935912645983
20353,7164.996059650144
20354,6613.389604980697
20355,3815.5164160912204
20356,6116.561399340941
20357,4845.848417807726
20358,4296.713077687217
20359,6775.497853863548
20360,5190.321387110778
20361,6066.417746699987
20362,4546.560865460681
20363,4246.141187130187
20364,5647.412157548548
20365,2938.231646952907
20366,6446.714748405871
20367,3945.9168734078817
20368,5337.393988395674
20369,4213.89377209168
20370,5226.58638315163
20371,4825.723097212908
20372,5548.272189482258
20373,4593.715035786424
20374,5471.090813967479
20375,5359.310115240215
20376,6359.196584155817
20377,5305.854952818177
20378,6395.8223793887555
20379,6958.177608873161
20380,6743.698942294089
20381,3559.492844979359
20382,5106.10139967306
20383,6053.158169373692
20384,4445.031807054753
20385,6723.940436315025
20386,4716.8375737550095
20387,7110.775883609833
20388,7054.029891676057
20389,6962.977966418185
20390,4172.673309107157
20391,6853.209273866088
20392,7522.944960110963
20393,5003.195580949258
20394,6121.2859199007125
20395,6554.901987908676
20396,5064.942384612465
20397,5023.197776209799
20398,5622.817320844537
20399,5073.61887432982
20400,5090.6940221578125
20401,5524.88028705567
20402,4860.260759346267
20403,4796.0868018086685
20404,5433.004271285064
20405,5597.7085929596515
20406,5776.949080794354
20407,5969.342346571122
20408,5963.334282987699
20409,5367.1380207726825
20410,5922.945795554273
20411,5602.055807688954
20412,5178.643917615378
20413,5404.171714834096
20414,5245.9934142166185
20415,6282.147874126592
20416,5373.053509528555
20417,4784.615783599128
20418,5263.746721886633
20419,5389.057111838421
20420,5641.437014822921
20421,5101.51181244825
20422,4439.520116050519
20423,5352.5606979893655
20424,6167.416990379376
20425,5088.889182387704
20426,5580.062880997449
20427,5725.703986413589
20428,4686.3363991884025
20429,4596.697940970782
20430,3558.936604876735
20431,5054.438612793441
20432,5736.343728893932
20433,5464.352264745653
20434,6432.906415172234
20435,6824.431785284201
20436,4968.063188092065
20437,6067.421868989345
20438,4384.705730600562
20439,4097.858067150028
20440,5560.003475379543
20441,7714.061728448472
20442,5697.7974846378465
20443,6187.31259927444
20444,4494.453895101804
20445,5764.5640088328155
20446,7167.881614950775
20447,4754.491924654468
20448,5714.2780290374
20449,4249.466518695876
20450,4297.225862105597
20451,4401.93194378263
20452,5219.1566482819635
20453,4947.530517759819
20454,4439.75220455279
20455,5213.5284225126015
20456,3891.467398807297
20457,5282.134264283834
20458,5821.32308222341
20459,4426.444045059524
20460,5696.400328149971
20461,5867.686403403459
20462,4400.723098558925
20463,5288.632755754479
20464,6153.0471529762
20465,6080.610910668341
20466,5249.61174581102
20467,4207.113585117554
20468,9003.146079695462
20469,4766.877131363923
20470,4567.121852169991
20471,6767.912148411613
20472,6403.85030957863
20473,6422.503870373978
20474,5481.5857003604615
20475,5941.363177780659
20476,6412.376704337703
20477,10175.689636337309
20478,4251.965189272565
20479,4389.761550754909
20480,4587.083872897395
20481,6307.2087679418955
20482,5170.750670764458
20483,6678.144765803354
20484,6180.624358582283
20485,4704.663667542548
20486,4457.262483798137
20487,5540.6965843572925
20488,6359.8216782284135
20489,4422.387678933806
20490,5217.042186010549
20491,3789.899502566629
20492,5240.243032144907
20493,5636.381097930872
20494,5631.6475044175095
20495,6847.75574164723
20496,5405.909694778821
20497,4080.1543202965468
20498,5416.799632530648
20499,5912.841469080592
20500,6614.824012677161
20501,5935.013627374239
20502,5737.733908008035
20503,4547.85099870627
20504,4857.562937131745
20505,7655.33430251466
20506,4500.288625225104
20507,8303.576623994426
20508,5515.177926070065
20509,4208.2255480853155
20510,5714.915678810806
20511,4726.6732800953805
20512,5615.8034034778475
20513,5794.094995920305
20514,3311.8069604240372
20515,4354.144127549684
20516,5291.591199548268
20517,6493.0537988693195
20518,7476.5187410778135
20519,4603.168414664718
20520,5317.594155628037
20521,5172.307626402732
20522,5840.743386328682
20523,4893.7311452090125
20524,7748.059621613862
20525,6562.777824036739
20526,9050.232351512394
20527,3966.7074853731287
20528,4621.196974505793
20529,9750.609367791894
20530,7726.153193323789
20531,4738.507309431738
20532,7508.019457329147
20533,4818.1387013343465
20534,4467.982389904934
20535,4207.749196486631
20536,4212.141641599231
20537,4436.29603609565
20538,4388.940238982583
20539,3900.843664710862
20540,4387.551815480444
20541,6903.297537659308
20542,6000.3074720707555
20543,18892.216337887654
20544,4679.67912601293
20545,4563.892080279704
20546,5107.545398072922
20547,7833.0034135369015
20548,5405.217940992121
20549,6232.725057526303
20550,5049.833072810029
20551,6673.503388611351
20552,6501.376602717986
20553,4271.390892120676
20554,4895.120739739771
20555,6141.237270799231
20556,6515.89479735373
20557,5613.051425116909
20558,5700.470653847554
20559,5141.779299454491
20560,4679.321232718573
20561,6948.545584649058
20562,8007.061735663202
20563,8388.645314416008
20564,8045.481719790902
20565,6304.481071146575
20566,4907.374047164651
20567,5619.992482503255
20568,4034.9187000495153
20569,7678.7605377343525
20570,7921.06465891351
20571,7874.499580885865
20572,4955.133112796
20573,4169.169361823972
20574,4692.862076608162
20575,5340.616323325233
20576,7974.982745434871
20577,5488.091697363905
20578,4776.829250349523
20579,4525.032491154483
20580,6521.663326181792
20581,4166.967862475538
20582,5982.682713996509
20583,4575.4717344674455
20584,5652.3006823075
20585,5652.314581682728
20586,5300.415613615187
20587,5979.940904522984
20588,5758.93793561968
20589,4898.7825178145995
20590,5458.411124570565
20591,5711.173393718845
20592,8150.208378969892
20593,5300.921718109257
20594,6872.594088346564
20595,6338.229805957427
20596,6837.4595419127845
20597,6090.461717478577
20598,6636.006850964902
20599,4492.007725472631
20600,5903.003141099363
20601,5691.050777666839
20602,5814.941084002558
20603,7602.314940989977
20604,6023.378152348171
20605,4687.837439580586
20606,5758.913197388543
20607,5405.564649321288
20608,7202.845432387086
20609,4836.479247041676
20610,9550.40404219287
20611,4617.328119769296
20612,5220.84673844072
20613,6458.360793970233
20614,5048.991399649613
20615,5304.894456381774
20616,5506.176289162828
20617,5788.292992659563
20618,5106.2152990508675
20619,4649.74660087952
20620,6099.330356763958
20621,5879.338232459327
20622,5536.218360756496
20623,4863.457499200273
20624,6149.812838381354
20625,8157.829963459698
20626,6088.240705270719
20627,5019.602035551088
20628,5867.239910123537
20629,5365.475300464026
20630,6341.146364746773
20631,5956.148865980242
20632,4670.7158326053395
20633,6315.4606554992515
20634,5995.220271041029
20635,5495.152452186666
20636,6892.595345580355
20637,4670.527181762609
20638,5067.024699503996
20639,4613.6908026622605
20640,5922.836893742863
20641,6954.958458659978
20642,4507.792567367774
20643,4933.491449930222
20644,5634.8116208825195
20645,5187.361766911479
20646,5484.706555875958
20647,5571.002644465078
20648,5467.6665126480475
20649,6058.168628609112
20650,4590.274295617123
20651,5104.6867504246575
20652,5565.14642052671
20653,7239.281175459545
20654,6005.840644652968
20655,6442.4486074683955
20656,6757.715860775186
20657,5215.987799202938
20658,6716.693132836292
20659,5684.607205016387
20660,5829.820124534587
20661,7115.603754730501
20662,5329.230400108313
20663,7567.57141634039
20664,6745.195151448616
20665,6404.450132361127
20666,5361.481704237614
20667,6815.078861474139
20668,6211.6577784249685
20669,4945.381460337075
20670,4328.042509537666
20671,5505.402987258906
20672,6282.8727468471225
20673,5256.966514864686
20674,5045.610682519083
20675,6909.773693436662
20676,5648.469281459548
20677,5297.2934794836465
20678,5125.342673238727
20679,5176.9086010957135
20680,6724.4309239453305
20681,5873.635638516597
20682,5604.314637685907
20683,4600.89614780875
20684,5491.515524530781
20685,5913.933664008029
20686,4591.7188559585065
20687,5454.549129686029
20688,4332.571062048812
20689,6329.629172268021
20690,5162.431743401384
20691,5377.494380246727
20692,7459.141552259482
20693,5612.679099342297
20694,4938.508664707616
20695,10038.833127674567
20696,5542.424707059135
20697,5718.2232155647935
20698,5939.432436021678
20699,4730.606997165998
20700,5851.198185978328
20701,5133.218495415597
20702,6213.877922386159
20703,7968.117786918246
20704,5452.24554456138
20705,3196.312702909648
20706,4519.317465555464
20707,5966.920178950354
20708,6424.849084498938
20709,5358.722128124812
20710,5483.306508787213
20711,4597.02159917359
20712,4748.354001720397
20713,4672.076173910746
20714,4509.699436877443
20715,5169.856598898314
20716,5984.077403057705
20717,5939.567846057757
20718,5715.858382055258
20719,6161.521130388068
20720,6034.687981758096
20721,5887.42567575547
20722,4961.130189092035
20723,7137.579266718099
20724,7495.836525089421
20725,5368.63021542607
20726,6197.481903204505
20727,5563.3735910626565
20728,5943.739081110123
20729,4823.852792547959
20730,5390.140526918551
20731,4729.76860982083
20732,7087.806435164715
20733,5656.342128714738
20734,6906.61367562829
20735,6945.332504232323
20736,5486.670183359291
20737,5626.328165454741
20738,15833.804076017348
20739,8213.837763161944
20740,6071.570718137415
20741,3360.980195029058
20742,5326.739647420716
20743,7833.484538058751
20744,4762.345837617252
20745,11069.726267811353
20746,16871.11540544014
20747,5770.56448519969
20748,5180.060536047457
20749,6464.625826467156
20750,5475.831925948381
20751,7607.599063087529
20752,5084.621294217347
20753,6526.101946408786
20754,3819.608516516912
20755,5237.454963995683
20756,5721.7440616213435
20757,6310.158665591512
20758,6427.80674071236
20759,4697.717378561969
20760,6082.291108312812
20761,6000.725508270075
20762,4881.3450447805035
20763,5582.86672097875
20764,5499.663609253461
20765,4768.270344491431
20766,5327.582685052335
20767,5532.6938695243225
20768,5193.833402585046
20769,4575.0498674673545
20770,5151.917322035409
20771,5705.081094834587
20772,7463.201270276509
20773,6405.477833438548
20774,6437.537833953791
20775,6127.397375395071
20776,4297.2001229945
20777,5486.394746778616
20778,5509.489760440519
20779,4564.915239255934
20780,4889.8576108548605
20781,5795.332428557878
20782,5467.584058522578
20783,6061.038519572101
20784,6718.795692823303
20785,5588.044985854087
20786,4759.765974776792
20787,5340.722440264961
20788,6985.365534485341
20789,5153.800381165507
20790,5824.426792940468
20791,12891.156520723904
20792,6008.328846303214
20793,5516.342002472172
20794,5159.228945828438
20795,5164.056943258963
20796,5520.524795131723
20797,4168.342294017078
20798,5773.876362126254
20799,6847.562311334638
20800,4715.7524775927495
20801,12479.443861135163
20802,8934.164187055452
20803,5041.725852233386
20804,5863.1275888204955
20805,5237.127138614148
20806,6331.204654199034
20807,5772.2137017583
20808,8301.043469140459
20809,5691.611888550684
20810,6993.604189396397
20811,5546.9924065081295
20812,6331.008023294079
20813,4956.63476865732
20814,6992.2254781028405
20815,5433.9691637035385
20816,5513.355814803575
20817,5174.716998074927
20818,5546.783919045505
20819,7614.611319834764
20820,6959.832652340183
20821,5363.682338929453
20822,7560.943833665137
20823,6061.307389473482
20824,8856.472042325478
20825,4454.1692952199055
20826,4717.2267658268465
20827,5947.530044567231
20828,7190.376960166693
20829,6088.212264415986
20830,5685.670818521365
20831,6037.492193578695
20832,5934.574924673331
20833,4784.933730043277
20834,6844.914040849999
20835,6477.3896801576175
20836,5023.3446689899165
20837,11326.768960663672
20838,15083.810865561003
20839,6264.760878099125
20840,6244.293811411338
20841,7046.659104428327
20842,8101.27150108136
20843,7879.86200309175
20844,5819.743993490645
20845,6698.607759335995
20846,5592.016642060021
20847,6439.508576755751
20848,4978.229606139853
20849,5611.781558955199
20850,4869.31703415399
20851,5063.837605533211
20852,5454.226086356246
20853,4361.553878696624
20854,4370.762825736233
20855,5094.720791192809
20856,4412.101918833152
20857,4212.450624615912
20858,5102.894490557113
20859,5478.699052621323
20860,7062.505442652821
20861,6829.17120286199
20862,7214.831962406478
20863,5740.829250241978
20864,5810.339729167633
20865,7615.153772228159
20866,6171.406024371124
20867,4501.930522825245
20868,4988.55699123724
20869,7113.192983501631
20870,4965.658372914104
20871,5448.75212483125
20872,4771.781329445986
20873,5142.954785045668
20874,7023.7301745335
20875,5097.015179393339
20876,5249.16754781029
20877,6728.560783537788
20878,7496.742520968579
20879,8849.86531302488
20880,5692.458291524012
20881,7495.162448247288
20882,4244.030168132221
20883,4967.23795170283
20884,5477.744161882811
20885,4439.897504043656
20886,6317.040393240808
20887,4659.038063731324
20888,6557.286621308757
20889,6955.297366915636
20890,7173.282856290731
20891,6855.205027448508
20892,4987.121803868376
20893,5231.9667539554675
20894,8063.906405433025
20895,6197.595873806166
20896,6649.912435078094
20897,5450.779075099732
20898,5871.547314923271
20899,7165.013478398918
20900,5296.16569475862
20901,5959.746506854601
20902,6275.544296174141
20903,6709.226667071123
20904,10175.86967650298
20905,5891.651404664818
20906,11180.108908158632
20907,5510.464767918967
20908,5602.693683106478
20909,4035.2971710398433
20910,6274.7888885948105
20911,5696.795155156983
20912,4842.227187587336
20913,6596.501188512494
20914,5246.533817477012
20915,4102.772231695713
20916,5281.985786892117
20917,5287.538268523226
20918,6137.662613653849
20919,5526.769032485295
20920,6122.073380430935
20921,5877.372510745422
20922,5338.481657704268
20923,6955.9952077470825
20924,4895.207778578379
20925,4827.71769101397
20926,5373.864668819464
20927,6778.156252714747
20928,8720.092971172335
20929,6346.946535049658
20930,4465.013388910834
20931,5361.861119411679
20932,6341.8695070859685
20933,5879.9898140443875
20934,5531.101479849569
20935,6624.37306572413
20936,5482.933089777135
20937,5846.99818915484
20938,5289.300037581546
20939,6499.817753091779
20940,5280.97778611653
20941,5871.095448792385
20942,5359.488663257131
20943,5061.527394692075
20944,4831.498631282114
20945,4908.072965223252
20946,6587.334741875179
20947,7303.577763672745
20948,7765.219494399451
20949,9016.319756007959
20950,6742.53385453197
20951,5498.149981208017
20952,5762.156300065277
20953,8530.156034837648
20954,7585.86710280401
20955,5927.221316471369
20956,6440.92669675419
20957,7309.009837841321
20958,5196.823898418191
20959,4542.9004729788385
20960,8298.222319338878
20961,5353.928471004794
20962,6639.1960398193705
20963,5454.206305047579
20964,3639.559733052559
20965,8539.624503076535
20966,4927.365715403972
20967,5459.888086081399
20968,5085.286125550337
20969,5344.712909074302
20970,5782.044814587439
20971,5923.100323021007
20972,5705.650561684541
20973,5701.730624981081
20974,4599.4459886771465
20975,4774.956487362991
20976,4810.902473782201
20977,6109.759134678894
20978,16782.410638171747
20979,4471.816738679515
20980,5142.469397922467
20981,6491.632157367613
20982,4555.38308763219
20983,4347.257581332564
20984,4996.635302942346
20985,4617.846631735174
20986,5715.957676727632
20987,5975.9058127826065
20988,4565.022523556874
20989,6462.539040517709
20990,4157.314353772399
20991,4646.973292959633
20992,6273.56006054663
20993,6872.817995186801
20994,8430.913241371467
20995,5351.813105746796
20996,5826.764882329712
20997,4291.659663849893
20998,5696.90939240301
20999,11777.499600361953
21000,7333.577742286692
21001,5743.484090351475
21002,4384.621309754967
21003,5501.460201686517
21004,4745.422634293985
21005,4364.014810670347
21006,7101.97827979662
21007,5248.226518118759
21008,4786.859176919921
21009,5938.937543037143
21010,5293.9418605620485
21011,5093.566831943074
21012,5479.978691735588
21013,6061.928283831998
21014,5528.65931053653
21015,4609.696272066162
21016,5130.248069776833
21017,5672.8331003872945
21018,6983.283544525312
21019,6011.681939957735
21020,6385.8446193611335
21021,4305.269352247715
21022,5884.593022463934
21023,5105.671367145988
21024,5424.079968766177
21025,5667.601097314634
21026,6497.8579284144735
21027,5043.300810139266
21028,6024.784399195678
21029,6081.731455991396
21030,4957.49706288336
21031,5102.981619430997
21032,5861.184076889861
21033,5374.031558035975
21034,4966.810656670861
21035,6177.92883435845
21036,5784.754322919909
21037,5008.958437513507
21038,7844.130566657173
21039,4448.292435467479
21040,4211.426499899403
21041,6119.3151691043
21042,6675.106171154302
21043,8422.01098865672
21044,5388.363750905114
21045,6351.618856346222
21046,5142.174881209907
21047,6458.96945716827
21048,5652.5781309578115
21049,5658.133768594168
21050,3623.054151895881
21051,5113.483257308778
21052,5617.883550587672
21053,5482.384625665171
21054,4253.176014667924
21055,6050.6179478836
21056,6514.726075270709
21057,5466.0018883418015
21058,6779.030901959651
21059,5947.98104692037
21060,7419.746558114478
21061,4973.323415184878
21062,5168.448625939736
21063,5262.770012610598
21064,5875.44629120212
21065,6386.977479822309
21066,4522.817930895097
21067,7501.20068067636
21068,5715.625080616805
21069,5752.169341264513
21070,4884.755775458182
21071,4400.429744735794
21072,5818.404112559283
21073,4862.798877480867
21074,7543.995930389219
21075,5625.109020593745
21076,5360.824677890682
21077,6614.366170380227
21078,5664.739510675425
21079,5249.438813862248
21080,6265.15990516885
21081,5264.081949434575
21082,7285.827777971462
21083,7574.533373243395
21084,6305.339732955028
21085,5475.512195072258
21086,5120.069873796177
21087,4533.0683223015285
21088,3703.5051393366693
21089,6457.691431219166
21090,5015.687160796569
21091,7127.8093888945
21092,4970.365250712892
21093,5427.837084722468
21094,5117.306650811049
21095,8334.977257931383
21096,4849.030042834389
21097,5261.158578946284
21098,5473.66369005275
21099,6314.461324573004
21100,5250.357797486784
21101,6239.118511340737
21102,6416.095042300649
21103,8312.890569249603
21104,5827.176876707918
21105,6321.527816953465
21106,5835.8133036618965
21107,5024.151833728425
21108,4976.145346730877
21109,7813.561865938346
21110,7166.055454251173
21111,6645.984302387292
21112,14498.70187236254
21113,5424.9885933455635
21114,5333.658037854627
21115,5094.878179034651
21116,6481.87448262903
21117,7272.255393346303
21118,5996.048639965302
21119,6501.334706330598
21120,6781.664489572933
21121,5282.820075036239
21122,5771.832171178622
21123,4880.098646555642
21124,5400.170602846216
21125,5064.302858613585
21126,4889.123824923133
21127,4810.22910038932
21128,6366.623277051688
21129,13791.14155574214
21130,6420.948402282198
21131,5137.701785071756
21132,5824.420804609001
21133,4318.434878950233
21134,5701.309555292835
21135,3788.8907272286365
21136,7503.687485048185
21137,5996.412956323642
21138,6263.487565612479
21139,9940.879308284277
21140,9743.793881147762
21141,6087.472606861496
21142,6026.759434370793
21143,4408.358502394637
21144,5389.728495686096
21145,6210.547468047439
21146,6313.976964947546
21147,4335.891358155601
21148,4271.4544386232665
21149,4002.811608153824
21150,4813.266516277524
21151,5358.551618284693
21152,5338.629476655172
21153,4902.724154710654
21154,6118.602956763103
21155,5900.608598814942
21156,5466.081889562947
21157,4963.997460391462
21158,4449.10567517315
21159,6237.570023247313
21160,4126.38560678984
21161,8119.684934199988
21162,5052.5598709403985
21163,4319.101077015158
21164,6033.542733451018
21165,4972.295633600157
21166,4509.796964939516
21167,4987.090214431208
21168,5362.1122852457265
21169,7650.270352003986
21170,7812.972205817981
21171,5793.4020843584385
21172,4654.686708741047
21173,5770.421455305827
21174,5954.437742941026
21175,5567.155866531772
21176,5265.22032951284
21177,6387.201421585155
21178,8570.226836177128
21179,6020.890337079858
21180,5680.205787106657
21181,5755.5608185558085
21182,4872.154731129099
21183,7587.572722963004
21184,5291.912178327696
21185,10079.205595418576
21186,5248.441414988117
21187,4779.36626923013
21188,4688.562267855977
21189,4665.965364611539
21190,6586.281028836289
21191,15061.560692329738
21192,4010.7026377869624
21193,4835.058002220134
21194,7107.565407135994
21195,5778.951843093661
21196,5743.126665519111
21197,6695.493176473489
21198,4785.524491302258
21199,4477.129195177232
21200,4187.4394890434705
21201,7087.663942084934
21202,5079.181491230976
21203,6812.099814893648
21204,5422.535404881315
21205,4942.239997001415
21206,6605.875542033746
21207,5300.450547493987
21208,3540.189847927105
21209,7450.885600584337
21210,6910.218267509464
21211,4191.645462183235
21212,6487.787866768131
21213,5181.081680398819
21214,4827.031696481838
21215,7101.546437991117
21216,5561.547854537968
21217,6317.4549601691215
21218,4899.904052445029
21219,4619.672656946109
21220,5997.063088287685
21221,3354.519736238296
21222,6777.782172639685
21223,4523.936383178656
21224,5690.737175380023
21225,4606.617719886848
21226,5597.81285057882
21227,5218.447045008076
21228,5867.167728504229
21229,5055.708161262896
21230,5784.562833380525
21231,5667.475418924943
21232,6636.110955116014
21233,5673.3487991875045
21234,6749.165566373104
21235,7289.245033106975
21236,7074.766366527902
21237,3888.8739938733866
21238,5453.647464168607
21239,6384.225593607505
21240,4753.197110739481
21241,7095.166903742215
21242,5042.886157882579
21243,7371.844906502342
21244,7287.659705588248
21245,7294.045390651999
21246,4498.719881133053
21247,7130.123644826285
21248,7841.8404991329335
21249,5368.341931223086
21250,6474.629106885061
21251,6846.098244571186
21252,5390.990968740034
21253,5452.1073821464925
21254,5994.041776170053
21255,5449.747920421835
21256,5398.859325842541
21257,5957.7632780442145
21258,5168.4260630309955
21259,5087.290661240174
21260,5759.052855412633
21261,5951.051779944
21262,6094.022494947928
21263,6300.409770804936
21264,6392.243888924394
21265,5653.0275617068755
21266,6306.323847942918
21267,5887.945348623147
21268,5668.803493216624
21269,5796.895662629264
21270,5594.317761094724
21271,6674.87182192176
21272,5766.555739706279
21273,5092.781087283856
21274,5589.795306014203
21275,5786.567723948219
21276,6028.859127847285
21277,5420.40735147022
21278,4747.685419735248
21279,5660.726001674094
21280,6068.154292892785
21281,5444.2938769095645
21282,5906.111465125018
21283,6096.930453840779
21284,4994.501702873131
21285,4887.8941976332935
21286,3935.0656509687424
21287,5389.671875384534
21288,6107.570196321122
21289,5851.774377770017
21290,6700.173724848392
21291,7155.499209518015
21292,5410.215423616889
21293,6353.311409923538
21294,4670.595271534756
21295,4406.023370834756
21296,5886.052059507112
21297,8081.555574817801
21298,5983.68702557204
21299,6540.655786258789
21300,4891.428247327008
21301,6119.968703354676
21302,7522.8357283275245
21303,5061.25915280613
21304,5998.769494438528
21305,4625.595564787892
21306,4650.569049089946
21307,4798.906296007834
21308,5572.499835266312
21309,5389.682753284644
21310,4747.917508237519
21311,5539.577006640171
21312,4356.405493439787
21313,5568.0238052180275
21314,6188.816928592738
21315,4717.6403017220355
21316,6049.74351513432
21317,6232.832753677287
21318,4731.790522792739
21319,5766.535962283267
21320,6363.902130526734
21321,6357.525281628538
21322,5575.66032993859
21323,4583.2426312095695
21324,9355.948110144283
21325,5058.073388026434
21326,4858.318108832501
21327,7093.960732539183
21328,6750.408905332368
21329,6753.571294607792
21330,5846.732050634289
21331,6383.515413305483
21332,6725.848723750749
21333,10528.49166678613
21334,4619.459035641893
21335,4872.072829473111
21336,4913.132457024964
21337,6638.276192175709
21338,5552.0810157303395
21339,6944.651383297463
21340,6488.789662267011
21341,5011.430895694212
21342,4833.391529890152
21343,5906.792355193555
21344,6639.958190095871
21345,4798.516725025821
21346,5543.090770138118
21347,4098.064806251357
21348,5519.267403595574
21349,6112.8862289265935
21350,5904.445961064691
21351,7201.098928631579
21352,5666.53626621416
21353,4406.202904424115
21354,5788.026099957838
21355,6223.207225234326
21356,7002.246125701523
21357,6211.927998334437
21358,6108.960375435225
21359,4969.426704240475
21360,5188.630361365558
21361,7986.401726748473
21362,4773.601601444773
21363,8656.919810978774
21364,5874.232508285412
21365,4534.274132212885
21366,6080.062029084634
21367,4999.98625631505
21368,5888.601860125029
21369,6079.984536854498
21370,3657.025044042831
21371,4716.266152309829
21372,5617.639783675838
21373,6876.431851257965
21374,7784.684044762542
21375,4916.125914505276
21376,5685.088001997365
21377,5553.724288743562
21378,6211.9698537558725
21379,5290.705497434216
21380,8143.6233593291
21381,6893.8452482705525
21382,9001.804972627055
21383,4315.031832251238
21384,4872.234187974927
21385,10073.788619910887
21386,8091.770795636702
21387,5046.672613116466
21388,7879.245924756337
21389,5126.304005019076
21390,4785.055804058508
21391,4615.4020860493365
21392,4541.522790493257
21393,4722.185577029843
21394,4697.105542667311
21395,4207.610892862527
21396,4695.717119165172
21397,7268.443887933136
21398,6331.374896304569
21399,19223.28376212148
21400,4970.875382675442
21401,0.0
21402,0.0
21403,0.0
21404,0.0
21405,0.0
21406,0.0
21407,0.0
21408,0.0
21409,0.0
21410,0.0
21411,0.0
21412,0.0
21413,0.0
21414,0.0
21415,0.0
21416,0.0
21417,0.0
21418,0.0
21419,0.0
21420,0.0
21421,0.0
21422,0.0
21423,0.0
21424,0.0
21425,0.0
21426,0.0
21427,0.0
21428,0.0
21429,0.0
21430,0.0
21431,0.0
21432,0.0
21433,0.0
21434,0.0
21435,0.0
21436,0.0
21437,0.0
21438,0.0
21439,0.0
21440,0.0
21441,0.0
21442,0.0
21443,0.0
21444,0.0
21445,0.0
21446,0.0
21447,0.0
21448,0.0
21449,0.0
21450,0.0
21451,0.0
21452,0.0
21453,0.0
21454,0.0
21455,0.0
21456,0.0
21457,0.0
21458,0.0
21459,0.0
21460,0.0
21461,0.0
21462,0.0
21463,0.0
21464,0.0
21465,0.0
21466,0.0
21467,0.0
21468,0.0
21469,0.0
21470,0.0
21471,0.0
21472,0.0
21473,0.0
21474,0.0
21475,0.0
21476,0.0
21477,0.0
21478,0.0
21479,0.0
21480,0.0
21481,0.0
21482,0.0
21483,0.0
21484,0.0
21485,0.0
21486,0.0
21487,0.0
21488,0.0
21489,0.0
21490,0.0
21491,0.0
21492,3159.123074528115
21493,0.0
21494,0.0
21495,0.0
21496,0.0
21497,0.0
21498,0.0
21499,0.0
21500,0.0
21501,0.0
21502,0.0
21503,0.0
21504,0.0
21505,0.0
21506,0.0
21507,0.0
21508,0.0
21509,0.0
21510,0.0
21511,0.0
21512,0.0
21513,0.0
21514,0.0
21515,0.0
21516,0.0
21517,0.0
21518,0.0
21519,0.0
21520,0.0
21521,0.0
21522,0.0
21523,0.0
21524,0.0
21525,0.0
21526,0.0
21527,0.0
21528,0.0
21529,0.0
21530,0.0
21531,0.0
21532,0.0
21533,0.0
21534,0.0
21535,0.0
21536,0.0
21537,0.0
21538,0.0
21539,0.0
21540,0.0
21541,0.0
21542,0.0
21543,0.0
21544,0.0
21545,0.0
21546,0.0
21547,0.0
21548,0.0
21549,0.0
21550,0.0
21551,0.0
21552,0.0
21553,0.0
21554,0.0
21555,0.0
21556,0.0
21557,0.0
21558,0.0
21559,0.0
21560,3339.851852785465
21561,0.0
21562,0.0
21563,0.0
21564,0.0
21565,0.0
21566,0.0
21567,0.0
21568,0.0
21569,0.0
21570,0.0
21571,0.0
21572,0.0
21573,0.0
21574,0.0
21575,0.0
21576,0.0
21577,0.0
21578,0.0
21579,0.0
21580,0.0
21581,0.0
21582,0.0
21583,0.0
21584,0.0
21585,0.0
21586,0.0
21587,0.0
21588,0.0
21589,0.0
21590,0.0
21591,0.0
21592,0.0
21593,0.0
21594,0.0
21595,0.0
21596,0.0
21597,0.0
21598,0.0
21599,0.0
21600,0.0
21601,14044.69379437514
21602,23748.24484618785
21603,0.0
21604,0.0
21605,0.0
21606,0.0
21607,0.0
21608,0.0
21609,0.0
21610,6009.161762081848
21611,0.0
21612,0.0
21613,0.0
21614,0.0
21615,0.0
21616,0.0
21617,0.0
21618,0.0
21619,0.0
21620,0.0
21621,0.0
21622,0.0
21623,0.0
21624,0.0
21625,0.0
21626,0.0
21627,0.0
21628,0.0
21629,5201.436893814631
21630,0.0
21631,0.0
21632,0.0
21633,0.0
21634,0.0
21635,0.0
21636,0.0
21637,0.0
21638,0.0
21639,3956.7467214533667
21640,0.0
21641,0.0
21642,0.0
21643,0.0
21644,0.0
21645,0.0
21646,0.0
21647,0.0
21648,0.0
21649,0.0
21650,0.0
21651,0.0
21652,0.0
21653,0.0
21654,0.0
21655,0.0
21656,0.0
21657,8791.861028283542
21658,0.0
21659,0.0
21660,0.0
21661,0.0
21662,0.0
21663,0.0
21664,0.0
21665,0.0
21666,0.0
21667,0.0
21668,0.0
21669,0.0
21670,0.0
21671,0.0
21672,0.0
21673,0.0
21674,7118.802678758978
21675,0.0
21676,0.0
21677,0.0
21678,0.0
21679,0.0
21680,0.0
21681,0.0
21682,0.0
21683,0.0
21684,0.0
21685,0.0
21686,0.0
21687,0.0
21688,0.0
21689,0.0
21690,0.0
21691,0.0
21692,0.0
21693,0.0
21694,0.0
21695,0.0
21696,0.0
21697,0.0
21698,0.0
21699,0.0
21700,0.0
21701,0.0
21702,0.0
21703,0.0
21704,0.0
21705,0.0
21706,0.0
21707,0.0
21708,0.0
21709,0.0
21710,0.0
21711,0.0
21712,0.0
21713,0.0
21714,0.0
21715,0.0
21716,0.0
21717,0.0
21718,0.0
21719,0.0
21720,0.0
21721,0.0
21722,0.0
21723,0.0
21724,0.0
21725,0.0
21726,0.0
21727,0.0
21728,0.0
21729,0.0
21730,0.0
21731,0.0
21732,0.0
21733,0.0
21734,0.0
21735,0.0
21736,2783.0573963723164
21737,0.0
21738,0.0
21739,0.0
21740,0.0
21741,0.0
21742,0.0
21743,0.0
21744,0.0
21745,0.0
21746,0.0
21747,0.0
21748,0.0
21749,0.0
21750,4040.505893280231
21751,0.0
21752,0.0
21753,0.0
21754,0.0
21755,0.0
21756,0.0
21757,0.0
21758,0.0
21759,0.0
21760,0.0
21761,0.0
21762,0.0
21763,0.0
21764,0.0
21765,0.0
21766,0.0
21767,0.0
21768,0.0
21769,0.0
21770,0.0
21771,0.0
21772,0.0
21773,0.0
21774,0.0
21775,0.0
21776,0.0
21777,0.0
21778,0.0
21779,0.0
21780,0.0
21781,0.0
21782,0.0
21783,0.0
21784,0.0
21785,0.0
21786,0.0
21787,0.0
21788,0.0
21789,0.0
21790,0.0
21791,0.0
21792,0.0
21793,6907.730220763322
21794,0.0
21795,0.0
21796,0.0
21797,0.0
21798,0.0
21799,0.0
21800,0.0
21801,0.0
21802,0.0
21803,3918.1698379833388
21804,0.0
21805,0.0
21806,0.0
21807,3066.4756064508947
21808,0.0
21809,0.0
21810,0.0
21811,0.0
21812,0.0
21813,0.0
21814,0.0
21815,0.0
21816,0.0
21817,0.0
21818,0.0
21819,0.0
21820,0.0
21821,0.0
21822,0.0
21823,0.0
21824,0.0
21825,0.0
21826,0.0
21827,0.0
21828,0.0
21829,0.0
21830,0.0
21831,0.0
21832,0.0
21833,0.0
21834,18178.589663721767
21835,0.0
21836,0.0
21837,0.0
21838,0.0
21839,0.0
21840,0.0
21841,0.0
21842,0.0
21843,0.0
21844,0.0
21845,0.0
21846,0.0
21847,0.0
21848,6246.560010588543
21849,0.0
21850,0.0
21851,0.0
21852,0.0
21853,0.0
21854,0.0
21855,0.0
21856,0.0
21857,0.0
21858,0.0
21859,0.0
21860,0.0
21861,0.0
21862,0.0
21863,0.0
21864,0.0
21865,0.0
21866,0.0
21867,0.0
21868,0.0
21869,0.0
21870,0.0
21871,0.0
21872,0.0
21873,0.0
21874,0.0
21875,0.0
21876,0.0
21877,0.0
21878,0.0
21879,0.0
21880,0.0
21881,0.0
21882,0.0
21883,0.0
21884,0.0
21885,0.0
21886,0.0
21887,0.0
21888,0.0
21889,0.0
21890,0.0
21891,0.0
21892,0.0
21893,0.0
21894,0.0
21895,0.0
21896,0.0
21897,0.0
21898,0.0
21899,0.0
21900,0.0
21901,0.0
21902,0.0
21903,0.0
21904,0.0
21905,0.0
21906,0.0
21907,0.0
21908,0.0
21909,0.0
21910,0.0
21911,0.0
21912,0.0
21913,0.0
21914,0.0
21915,0.0
21916,0.0
21917,0.0
21918,0.0
21919,0.0
21920,0.0
21921,0.0
21922,0.0
21923,10469.656943365215
21924,0.0
21925,0.0
21926,0.0
21927,0.0
21928,0.0
21929,0.0
21930,0.0
21931,0.0
21932,0.0
21933,0.0
21934,0.0
21935,0.0
21936,0.0
21937,0.0
21938,0.0
21939,0.0
21940,0.0
21941,0.0
21942,0.0
21943,0.0
21944,0.0
21945,0.0
21946,0.0
21947,0.0
21948,0.0
21949,0.0
21950,0.0
21951,0.0
21952,0.0
21953,0.0
21954,0.0
21955,0.0
21956,0.0
21957,0.0
21958,0.0
21959,0.0
21960,0.0
21961,0.0
21962,0.0
21963,0.0
21964,0.0
21965,0.0
21966,0.0
21967,3718.275392128118
21968,15630.469496479725
21969,0.0
21970,0.0
21971,0.0
21972,0.0
21973,0.0
21974,0.0
21975,0.0
21976,0.0
21977,0.0
21978,0.0
21979,0.0
21980,0.0
21981,0.0
21982,0.0
21983,0.0
21984,0.0
21985,0.0
21986,0.0
21987,0.0
21988,0.0
21989,0.0
21990,0.0
21991,0.0
21992,0.0
21993,0.0
21994,0.0
21995,0.0
21996,10078.17452681836
21997,0.0
21998,0.0
21999,0.0
22000,0.0
22001,0.0
22002,0.0
22003,0.0
22004,0.0
22005,0.0
22006,0.0
22007,0.0
22008,0.0
22009,0.0
22010,0.0
22011,0.0
22012,0.0
22013,0.0
22014,0.0
22015,0.0
22016,0.0
22017,0.0
22018,0.0
22019,0.0
22020,0.0
22021,0.0
22022,0.0
22023,0.0
22024,0.0
22025,0.0
22026,0.0
22027,0.0
22028,0.0
22029,0.0
22030,0.0
22031,0.0
22032,0.0
22033,0.0
22034,0.0
22035,0.0
22036,0.0
22037,0.0
22038,0.0
22039,0.0
22040,0.0
22041,0.0
22042,0.0
22043,0.0
22044,0.0
22045,0.0
22046,0.0
22047,0.0
22048,0.0
22049,0.0
22050,0.0
22051,0.0
22052,0.0
22053,0.0
22054,0.0
22055,0.0
22056,0.0
22057,0.0
22058,0.0
22059,0.0
22060,0.0
22061,0.0
22062,0.0
22063,0.0
22064,0.0
22065,0.0
22066,3654.9005590467323
22067,0.0
22068,0.0
22069,0.0
22070,3817.2528967895173
22071,0.0
22072,0.0
22073,0.0
22074,0.0
22075,0.0
22076,0.0
22077,0.0
22078,0.0
22079,0.0
22080,0.0
22081,0.0
22082,0.0
22083,0.0
22084,0.0
22085,0.0
22086,0.0
22087,0.0
22088,0.0
22089,0.0
22090,0.0
22091,0.0
22092,0.0
22093,0.0
22094,0.0
22095,0.0
22096,0.0
22097,0.0
22098,0.0
22099,0.0
22100,0.0
22101,0.0
22102,0.0
22103,0.0
22104,0.0
22105,0.0
22106,0.0
22107,0.0
22108,0.0
22109,0.0
22110,0.0
22111,0.0
22112,0.0
22113,0.0
22114,0.0
22115,0.0
22116,0.0
22117,0.0
22118,0.0
22119,0.0
22120,0.0
22121,3530.6296037277402
22122,0.0
22123,0.0
22124,0.0
22125,0.0
22126,0.0
22127,0.0
22128,0.0
22129,0.0
22130,0.0
22131,0.0
22132,0.0
22133,0.0
22134,0.0
22135,0.0
22136,9204.9431119676
22137,0.0
22138,0.0
22139,0.0
22140,0.0
22141,0.0
22142,0.0
22143,0.0
22144,0.0
22145,0.0
22146,0.0
22147,0.0
22148,0.0
22149,0.0
22150,0.0
22151,0.0
22152,0.0
22153,0.0
22154,0.0
22155,0.0
22156,0.0
22157,0.0
22158,0.0
22159,0.0
22160,0.0
22161,0.0
22162,0.0
22163,0.0
22164,0.0
22165,0.0
22166,0.0
22167,0.0
22168,0.0
22169,0.0
22170,0.0
22171,0.0
22172,0.0
22173,0.0
22174,0.0
22175,0.0
22176,0.0
22177,0.0
22178,0.0
22179,0.0
22180,0.0
22181,0.0
22182,0.0
22183,0.0
22184,0.0
22185,0.0
22186,0.0
22187,0.0
22188,0.0
22189,0.0
22190,0.0
22191,0.0
22192,0.0
22193,0.0
22194,0.0
22195,0.0
22196,0.0
22197,0.0
22198,0.0
22199,0.0
22200,3725.656274771523
22201,0.0
22202,0.0
22203,0.0
22204,0.0
22205,0.0
22206,0.0
22207,0.0
22208,0.0
22209,0.0
22210,0.0
22211,0.0
22212,0.0
22213,0.0
22214,0.0
22215,0.0
22216,0.0
22217,0.0
22218,0.0
22219,0.0
22220,0.0
22221,0.0
22222,0.0
22223,0.0
22224,0.0
22225,0.0
22226,0.0
22227,0.0
22228,0.0
22229,0.0
22230,0.0
22231,0.0
22232,0.0
22233,0.0
22234,0.0
22235,0.0
22236,0.0
22237,0.0
22238,0.0
22239,0.0
22240,0.0
22241,11859.474314235484
22242,6379.343724197045
22243,0.0
22244,0.0
22245,0.0
22246,0.0
22247,0.0
22248,0.0
22249,0.0
22250,0.0
22251,0.0
22252,0.0
22253,0.0
22254,0.0
22255,0.0
22256,0.0
22257,4707.204426336267
22258,3961.4292958400056
22259,5454.58485862996
22260,4250.327565323918
22261,5374.160848198284
22262,3983.91468032301
22263,5870.770847899199
22264,5698.644062005835
22265,3980.0905100956647
22266,4081.5903695697803
22267,6300.542556568677
22268,5689.411051142761
22269,4940.170563338604
22270,5369.376114282168
22271,5610.561832896421
22272,3875.2227494267718
22273,6974.316188787307
22274,7159.2771741503675
22275,8794.511567684838
22276,7695.799284851234
22277,6566.637298564944
22278,4407.944652773833
22279,5972.17446186742
22280,3249.0878560533797
22281,7351.789179670135
22282,7870.666046955221
22283,7738.715249444364
22284,4932.121233852068
22285,3548.592040114636
22286,4242.491969191469
22287,5619.8601240573
22288,7596.824763202007
22289,5125.456716092379
22290,4827.073690474542
22291,4742.651159518173
22292,6463.52780570404
22293,3360.105982992596
22294,6332.751385885086
22295,4625.716174592464
22296,5088.971193403183
22297,6141.552895810864
22298,4106.216713671601
22299,6388.382977679735
22300,5141.6120925925115
22301,4572.790571879973
22302,4531.261796767534
22303,5845.831614480866
22304,8002.764490939767
22305,5401.363122495934
22306,6553.491741470369
22307,6213.21981403231
22308,6697.461302380491
22309,6411.340370023978
22310,5540.396146705991
22311,3715.6645345216903
22312,5096.34806091121
22313,5192.2560240211415
22314,6080.505922249557
22315,7620.453368465178
22316,6288.997493097316
22317,3768.374178007151
22318,5768.382641298386
22319,4915.744506075378
22320,5649.300605894593
22321,3855.431084646215
22322,8535.732452618704
22323,3708.7031728374
22324,4439.24957432612
22325,5835.676136299404
22326,5434.275732951009
22327,5203.497630147386
22328,4247.451757385974
22329,5837.386282551459
22330,5345.756292486326
22331,5124.880698965012
22332,6279.3513103802115
22333,6334.376799913338
22334,5159.8081890023395
22335,4088.89032419663
22336,5331.848308301995
22337,8359.761649023545
22338,5294.2110873796555
22339,3797.0631638213654
22340,6280.563102659395
22341,4717.748417537938
22342,6552.190940333836
22343,6403.628463787336
22344,3780.2807275304663
22345,6619.395796725682
22346,5436.2083539382165
22347,5696.489571889554
22348,4888.90130998719
22349,4047.434577635426
22350,5341.333504367532
22351,4607.1416738427715
22352,6362.076220258699
22353,5873.713501613924
22354,4607.055321927677
22355,4881.712530588666
22356,5850.330282596808
22357,5508.111716631257
22358,4854.316123379929
22359,4919.827884404356
22360,4483.635262792809
22361,5421.820635252914
22362,4935.515751746633
22363,3998.5267760507486
22364,5502.604006537422
22365,5807.328778571857
22366,5590.240327135869
22367,6880.4963183973005
22368,7053.953691555255
22369,5300.821093256876
22370,6854.622096746507
22371,4911.303720436996
22372,4432.894226511786
22373,7200.116897073054
22374,5545.103078201279
22375,6603.44451753674
22376,7211.608286229977
22377,6376.258866999341
22378,5594.618595810115
22379,5850.951962670489
22380,6624.980970960826
22381,3961.350210481832
22382,3163.9952265429433
22383,5386.363152087457
22384,5068.441305874166
22385,5232.447837406556
22386,4434.2207285729155
22387,6020.304270742324
22388,5136.051032931264
22389,4341.29762483653
22390,5246.3435354219955
22391,4079.354154228748
22392,6228.726068506357
22393,5863.33073742331
22394,4648.318783038791
22395,4847.0500014691315
22396,4380.118362932716
22397,6270.342367545699
22398,4079.30060743022
22399,4208.684001883393
22400,4282.963348441712
22401,6417.904894313855
22402,4178.400493546142
22403,4724.139282277319
22404,7908.973404782065
22405,4908.735450792838
22406,5201.810887548734
22407,9935.144658527453
22408,5658.979992546535
22409,6175.778621116499
22410,4833.272461647771
22411,4756.202918479164
22412,6369.503012313517
22413,3999.2576983410972
22414,5846.785858773238
22415,6856.720625320181
22416,4634.046950219328
22417,3152.4135811331817
22418,3215.0182070287656
22419,6669.379521636872
22420,6626.255411435781
22421,5171.952870178584
22422,5322.8712818512895
22423,4821.906621735158
22424,4180.844010493168
22425,3794.0839590083892
22426,3403.539462503532
22427,5246.48120305955
22428,6452.249168742592
22429,5250.966244865008
22430,4941.595123947654
22431,6594.145102763031
22432,6362.438338622868
22433,6232.984569663979
22434,5245.899621670193
22435,6379.831152761164
22436,7573.5382327228035
22437,4494.871818410138
22438,5851.122010156342
22439,5732.248374831255
22440,6035.433186887493
22441,4869.495217052727
22442,5010.34045890493
22443,4874.683630178652
22444,6422.180688597194
22445,5792.518261083298
22446,7159.925220762626
22447,6973.754439459069
22448,5864.748428182951
22449,6143.962758957588
22450,15945.700787720392
22451,8069.135577673673
22452,5609.526489010287
22453,3401.9806737428894
22454,5765.611571655946
22455,7831.964867788347
22456,3424.2631176854084
22457,9725.867753380422
22458,16159.789593493697
22459,5144.5665409580115
22460,4247.3326241394425
22461,6942.782099710787
22462,4455.377383363548
22463,7395.140063350065
22464,3897.809503403039
22465,5565.376376239075
22466,3869.8269138612827
22467,5163.470394375098
22468,6163.799920874495
22469,5358.8649822999905
22470,7219.753140613141
22471,5100.613822338097
22472,6427.850002221321
22473,5370.778703747763
22474,4937.52660454347
22475,4970.314277251968
22476,6253.022681953761
22477,4774.6433909497655
22478,5250.662617787905
22479,4282.061248060383
22480,4027.189777250108
22481,4027.057978125003
22482,3983.6449098917806
22483,4766.47010456056
22484,7160.152859209632
22485,6576.266745170362
22486,6094.384243433398
22487,5309.953170762285
22488,4618.618652203916
22489,4348.748218219418
22490,4751.741646483584
22491,5045.546517151439
22492,3755.896813780364
22493,4801.869291824451
22494,5675.752037221844
22495,5497.52257569619
22496,5906.189782522001
22497,5642.164302628685
22498,3523.9269603686066
22499,3865.2744231070064
22500,6908.356769339929
22501,5255.792434608171
22502,5397.37125995239
22503,12641.053599690797
22504,6471.382221069246
22505,5130.145636642873
22506,5376.828811405892
22507,3953.9060004862363
22508,4456.9859123416345
22509,3831.1899127655406
22510,5176.426688537642
22511,6080.150513401477
22512,5178.72815246887
22513,9967.431115545814
22514,8345.722651180264
22515,5411.05194066315
22516,5226.779595464298
22517,4673.611194738237
22518,5379.910970907513
22519,5310.7769878287
22520,8505.658946108408
22521,5641.176063337085
22522,6718.957721648616
22523,5034.574157979845
22524,5388.384755984087
22525,5414.190174209026
22526,6152.266319544339
22527,5610.650972247334
22528,4550.730294276825
22529,5611.274888113753
22530,5520.659598480063
22531,7961.84961616265
22532,5899.561240238799
22533,5826.735713695485
22534,6369.600958241519
22535,6384.72664033485
22536,8904.9230583509
22537,3441.667524528036
22538,5118.623248484678
22539,6310.604838578136
22540,7719.256684802761
22541,6399.614753053261
22542,5835.4230159531935
22543,6360.292777689422
22544,6415.907763882512
22545,5253.105495728165
22546,6476.956647118302
22547,5671.441356342577
22548,5077.463985764514
22549,10521.080270313392
22550,14453.200228658457
22551,6321.243236038241
22552,6761.095911719809
22553,6995.016697801581
22554,7135.263557409371
22555,6819.590590990366
22556,5027.352606382102
22557,5662.880423009619
22558,6009.577788189685
22559,6514.630786462906
22560,3968.2063660288877
22561,5139.529899445071
22562,5051.074443361289
22563,4092.9384089788578
22564,4358.633087943135
22565,3752.3879443206206
22566,3579.68509046747
22567,5519.206177826364
22568,3296.516567538991
22569,4172.518279930217
22570,5334.235512529152
22571,5418.293792648167
22572,7342.836257656034
22573,7317.203733945173
22574,6458.915081154321
22575,6195.847503588186
22576,6152.08829973467
22577,7386.393177189653
22578,5452.610586761152
22579,3632.8041758836252
22580,5126.4246247711235
22581,8495.877347612519
22582,4119.891259003128
22583,5657.839752716282
22584,4642.166768879943
22585,4629.874866384617
22586,6923.997104919225
22587,5254.862453233618
22588,5504.07860630038
22589,7047.039081610585
22590,7802.55445495794
22591,7892.954243834326
22592,4180.999020556585
22593,7217.467085375917
22594,3556.0775524001388
22595,4893.044421799709
22596,5578.6836247388765
22597,4551.15257297494
22598,6800.699819215099
22599,3914.6284437700906
22600,5888.903251360042
22601,6101.169161085287
22602,6918.405639062918
22603,7959.219909515606
22604,4396.479833745432
22605,4588.468648963727
22606,5944.10612301067
22607,6534.979337720858
22608,6285.529588918737
22609,5769.086208584348
22610,6731.323555786496
22611,6248.623007976507
22612,5651.858992742573
22613,4899.561623109884
22614,6552.059410416205
22615,5816.661979091145
22616,10441.800718531395
22617,6828.252556425148
22618,11817.889906426632
22619,5749.067526428978
22620,6182.275938777523
22621,3149.7085501527804
22622,5668.486775565106
22623,5891.43392391948
22624,5321.637105923672
22625,6589.955808859266
22626,5626.862315722088
22627,3128.0005759360465
22628,5637.67908487607
22629,4302.500962510872
22630,6302.219953173654
22631,5983.187687922415
22632,5254.929110458008
22633,6353.049451647647
22634,5570.322764451856
22635,6596.970240894454
22636,4746.19015933385
22637,5074.207023758804
22638,5851.159284755628
22639,5934.799348430286
22640,8491.580226710268
22641,6391.930989052182
22642,3872.270236127039
22643,4702.286124260117
22644,5724.484300288189
22645,5472.670761437551
22646,4558.991816784141
22647,5710.524067438475
22648,4555.755159071012
22649,5437.909816991254
22650,5534.800385266871
22651,6985.06842739775
22652,4825.707901004263
22653,4573.358146757619
22654,5736.38360625425
22655,5692.677731186315
22656,4090.116291185501
22657,4895.016677311452
22658,7135.625323460685
22659,6149.049708135482
22660,7870.865100934868
22661,8169.100498256297
22662,6869.78323315742
22663,4430.22723872427
22664,4974.978262142233
22665,8093.559229019485
22666,6788.775251435784
22667,5825.755324696254
22668,5241.105085024486
22669,6558.221879452956
22670,4228.8013646164445
22671,3496.4260995320697
22672,8040.139893763052
22673,5513.882975003216
22674,5789.380977066018
22675,4668.7339973973385
22676,3759.586220722165
22677,7645.28955243165
22678,5423.2146991426625
22679,5790.592972698291
22680,4163.243514153006
22681,5779.242976550357
22682,5065.31995086413
22683,4713.433899793671
22684,6826.754449252302
22685,5875.661901139873
22686,4410.031641808122
22687,4397.778249242162
22688,3930.9814456165104
22689,5816.699535288132
22690,15023.295330852234
22691,4005.9939987051453
22692,5709.042593259597
22693,6227.876260200903
22694,3768.332126139356
22695,4336.372358048763
22696,5537.341852352168
22697,4033.828525838141
22698,6682.301432452626
22699,6463.497087888324
22700,4043.622204367646
22701,6486.709004667702
22702,3213.4861491006895
22703,4093.2832005471773
22704,6404.104339196924
22705,6850.920553094001
22706,8116.309605415502
22707,4268.812217852144
22708,5399.999174257767
22709,4280.4454763264375
22710,5679.52605235336
22711,12450.644642162377
22712,8003.9448713446
22713,5854.741481743387
22714,4069.9694561399806
22715,5951.217660506888
22716,4113.174021233703
22717,3324.5813212305397
22718,6018.488492565997
22719,4722.964073371977
22720,5151.784462821867
22721,6283.843305682199
22722,5578.456985636276
22723,4169.966388185638
22724,4764.005855111097
22725,6087.240375516253
22726,5661.625053044703
22727,3510.9606861322436
22728,4164.541290188661
22729,6220.221388525369
22730,6703.186935657347
22731,5370.001440019264
22732,6554.2023961383875
22733,3164.361251143742
22734,6460.598104679254
22735,4402.878163609039
22736,4431.398809779881
22737,4795.907460727176
22738,5410.178468800791
22739,4309.166327609435
22740,6124.399384228761
22741,5301.024595471694
22742,5406.635205489107
22743,5640.336384939535
22744,5354.483591726477
22745,5506.997300544147
22746,5366.891548420168
22747,6652.291249275401
22748,5785.54130684499
22749,3584.9627941115536
22750,8037.212861827474
22751,3738.6184982459263
22752,4645.9014328022695
22753,5772.187227305035
22754,7512.357876520733
22755,7965.311098426833
22756,4742.843981732459
22757,5273.371283610729
22758,4915.592518299872
22759,6155.335835613901
22760,6138.506174509454
22761,6060.069826779536
22762,3309.1886179661965
22763,5357.957039590171
22764,5849.8916273615705
22765,4988.7571041517085
22766,3211.5596871596285
22767,6379.038406600311
22768,6181.210152421906
22769,4317.054209922435
22770,6284.582929654596
22771,6610.400085308719
22772,7609.7318682832165
22773,4848.065643233225
22774,4383.710691562714
22775,4394.162506416797
22776,6124.766646732904
22777,5236.024445032738
22778,3761.953958127924
22779,7143.451201779163
22780,6159.445919560325
22781,5999.145544916544
22782,4965.0349989207425
22783,3871.029282769766
22784,6191.595079340493
22785,4241.308746058443
22786,7713.294825606813
22787,5204.412325402227
22788,4885.782576784422
22789,7095.732154140357
22790,4958.656794130247
22791,5134.19803768252
22792,6113.85494329498
22793,4676.151834419512
22794,6873.816708308731
22795,7988.523127533346
22796,5944.7331250317
22797,4896.570428852769
22798,5150.071836633069
22799,3191.1622623318085
22800,2830.248439994549
22801,5492.093856928548
22802,5426.381254943466
22803,5872.640921435539
22804,4948.717883124398
22805,5011.190926978636
22806,3982.541549789851
22807,8690.875999729682
22808,5301.1140975314065
22809,5303.208465462812
22810,5620.5485122927985
22811,5545.774293912973
22812,5780.921980864417
22813,5272.008126873333
22814,6225.064527348375
22815,8444.825081187033
22816,6293.534592450067
22817,6550.033021338637
22818,5864.913581159885
22819,3826.437945277036
22820,5228.508556481571
22821,7712.527319526854
22822,5523.4899810110255
22823,5082.725649474358
22824,13526.131175705132
22825,4764.816384428862
22826,5506.863121911247
22827,4364.627532183635
22828,6638.383517507399
22829,7568.248750086695
22830,6061.958223812031
22831,6619.928485862539
22832,6911.668774751816
22833,5056.261597482386
22834,6111.013676935026
22835,4901.067122728845
22836,4539.677680327175
22837,5160.268042426474
22838,3790.3882389892133
22839,4102.650248525582
22840,6579.506050874569
22841,15742.292371289917
22842,6127.705645447182
22843,3521.5041256058644
22844,5337.726052369852
22845,4656.77402049914
22846,5806.334283606574
22847,2769.113949620824
22848,5536.016008453451
22849,6377.123256996925
22850,5197.411878088828
22851,9781.876044505329
22852,9749.046079236448
22853,6094.914980717546
22854,3975.3488321065383
22855,4620.232070779182
22856,4771.716446459666
22857,6010.715653625654
22858,6587.406501334801
22859,4422.917955783841
22860,4599.987957324404
22861,3346.2363603282647
22862,5123.995115861543
22863,4777.245966237121
22864,5595.174937326306
22865,3736.67455212595
22866,6351.779618670387
22867,4566.915423299871
22868,5031.129717913966
22869,4816.244744773644
22870,4376.230457307669
22871,5132.7886394682955
22872,3324.5854147863997
22873,7934.147859377507
22874,5026.183849092166
22875,3984.0222301723634
22876,5829.328320109725
22877,4911.507909376636
22878,4815.147397484131
22879,4605.031743732336
22880,5136.931656719652
22881,6522.339614070551
22882,6294.497545091793
22883,6065.834591387473
22884,4009.4011573529397
22885,4641.6391885100375
22886,5733.445344956809
22887,5714.398456676559
22888,5121.884493819135
22889,6165.659543317228
22890,8731.650488048019
22891,6124.366688179325
22892,4375.063065036428
22893,3890.3300694475047
22894,4495.150742295248
22895,6412.091233500112
22896,5235.127600458519
22897,8430.271936294796
22898,5383.230944486345
22899,5107.730726626583
22900,3706.143298992049
22901,3390.434727837429
22902,5620.574766738077
22903,16564.731104917555
22904,3141.244297181313
22905,4914.153887624816
22906,6065.179006622572
22907,6076.038594875296
22908,5536.046042593175
22909,6892.599576324952
22910,4759.669018871445
22911,4747.764189659185
22912,4344.15890621094
22913,5959.671415277351
22914,4078.6946845402013
22915,5814.633729280394
22916,5550.603960657078
22917,4025.3956243402054
22918,6247.768650516407
22919,5561.223752453783
22920,3950.5254036798
22921,7098.400760237023
22922,5065.58669514829
22923,3478.5311954291274
22924,6594.650045564454
22925,5327.89112336843
22926,4835.136441555752
22927,7909.506563138377
22928,5780.558567375696
22929,5969.777131073509
22930,4024.599555040484
22931,4680.513599421486
22932,4378.619236714426
22933,3313.5261447879125
22934,6359.817417049438
22935,3620.809115711758
22936,5397.026583870042
22937,3397.383509402885
22938,5850.979968687781
22939,4231.4649927635255
22940,4736.829035842011
22941,4858.829405158322
22942,5992.477229789745
22943,4782.018742662413
22944,6718.3767375412
22945,5292.909025689669
22946,6281.906420246461
22947,6764.606142712264
22948,7107.509614685638
22949,4348.796046181699
22950,4332.497163248217
22951,5726.181421708335
22952,4424.341391877146
22953,7320.103648188306
22954,5452.848565600107
22955,7049.521135521247
22956,7014.315700417385
22957,6987.177710637201
22958,3724.336838527118
22959,6971.411887958009
22960,6373.208400485031
22961,5470.213118426081
22962,6091.479920957552
22963,6847.455084631243
22964,5731.462342549957
22965,5334.4460825682345
22966,4678.114718345128
22967,4737.334116872625
22968,4789.049743858539
22969,5768.819456189146
22970,4103.354548109809
22971,5111.036843477024
22972,5966.907020160387
22973,5335.658886258311
22974,6204.489205665967
22975,5505.260657196066
22976,6457.638618431695
22977,5070.7298398376615
22978,5011.037807788951
22979,5093.814352373006
22980,4102.863940131044
22981,5153.377820729074
22982,5543.590752278532
22983,5686.4174803538535
22984,5628.783823968729
22985,4505.10894342365
22986,5838.551931437882
22987,5760.723008657078
22988,5548.033706781644
22989,4392.338089493862
22990,4000.9935774444366
22991,5338.497476177673
22992,5943.426882405648
22993,4105.055799206405
22994,5975.5903847297195
22995,6321.867198286869
22996,5790.373579848178
22997,4735.113365858928
22998,3012.4332686051166
22999,5466.990284446541
23000,6351.305427551896
23001,5660.543440087835
23002,6327.3701449029395
23003,6834.261063432153
23004,4250.047797893446
23005,5912.485775558948
23006,3823.0980815792987
23007,3775.379468529144
23008,5871.215408405097
23009,7705.665089298009
23010,5051.325275323097
23011,5410.426732963883
23012,3925.126740504112
23013,4865.015731905363
23014,7696.9822237853705
23015,5028.564050983561
23016,6287.153456551808
23017,3947.357246747896
23018,4549.258839543428
23019,3669.818935958382
23020,4989.533090355479
23021,4096.305191895239
23022,3991.793779068519
23023,5760.103258400978
23024,3153.02616978116
23025,4833.634176475635
23026,5735.062179713234
23027,4836.156844416953
23028,4825.6587733420065
23029,6534.4163579227115
23030,4737.122684850935
23031,5251.245611432355
23032,6815.762264460772
23033,6278.164506105044
23034,5830.342986970633
23035,3847.5369073007028
23036,7354.671629713851
23037,5367.86002737236
23038,5019.236680546317
23039,7302.083368498468
23040,6942.486093498221
23041,6417.786212234121
23042,5948.603237837283
23043,5508.145707601969
23044,6580.071255859013
23045,9799.786793514719
23046,4205.023423582175
23047,4634.5904102034965
23048,5186.613600841691
23049,6406.8688083635125
23050,5349.882503550287
23051,7555.750654911016
23052,5588.2278695534715
23053,4786.44938011428
23054,3826.1496379305363
23055,5738.0714782376845
23056,5090.106532117773
23057,3791.274833066206
23058,5751.213406097405
23059,3611.4179352543115
23060,5807.069522882108
23061,5833.755991811264
23062,5069.913521592472
23063,6537.652340663058
23064,4504.834908644754
23065,4922.630871670196
23066,5986.891054846279
23067,5865.740659380437
23068,6907.057129830579
23069,5721.316553315978
23070,6362.127493544188
23071,4970.678201536098
23072,4085.44231406083
23073,7727.976702474518
23074,4023.3497525342627
23075,8604.603027283698
23076,6111.3411379433455
23077,5036.482815617996
23078,5927.531625213099
23079,4249.7344074045395
23080,5054.06942065281
23081,5622.3136665059055
23082,3662.0906369323025
23083,3441.059116640146
23084,5930.0655267098955
23085,5550.108024350073
23086,7442.89411853485
23087,5458.99942800833
23088,5191.919903701242
23089,5079.423793584645
23090,6321.970718973344
23091,4097.335338877299
23092,8118.684119903301
23093,5927.249987671834
23094,9559.900128552626
23095,4581.595797164503
23096,4452.332568345916
23097,9399.26670462598
23098,7923.074923149004
23099,4425.074974419405
23100,8024.984839467335
23101,4575.8401331975
23102,5021.2125927654
23103,4576.6688400577805
23104,4750.105717087309
23105,3899.8940940443745
23106,4336.919232350962
23107,4447.4764650568595
23108,3976.8016620347976
23109,7193.905337879228
23110,5364.779635705851
23111,20114.4345778078
23112,5587.517076931072
23113,5779.223431805535
23114,7146.47272811542
23115,9028.916107874544
23116,6413.590524856888
23117,7355.186547466205
23118,5843.092015002509
23119,7443.279763320366
23120,7271.152977427002
23121,5162.241090782854
23122,5935.099568542956
23123,7371.4257369983425
23124,7420.430713878275
23125,6441.761718642466
23126,6672.9773952556825
23127,6755.285398166329
23128,5635.67169527632
23129,8283.29714422341
23130,9235.5522733511
23131,10765.124963331247
23132,10542.163487460912
23133,7787.796826084875
23134,6442.840923448189
23135,6862.752705266604
23136,5037.745104527659
23137,8398.511640217797
23138,9891.267899205608
23139,8738.616536163512
23140,5963.456843546766
23141,5578.696022915454
23142,6049.819305001657
23143,6720.566801042595
23144,9036.649774291633
23145,6781.0317217506135
23146,6130.706040584915
23147,5849.899725336264
23148,8029.95416784188
23149,5036.182490016713
23150,7536.839023809634
23151,5724.417990643505
23152,6781.506935859306
23153,7141.9277845156075
23154,6195.7802447957165
23155,7041.125838532056
23156,6888.144189171486
23157,6205.158592771322
23158,6650.721126202606
23159,6721.927861371283
23160,10757.109258175497
23161,6495.948882129993
23162,8778.55543875057
23163,7404.941027848315
23164,7741.836309902161
23165,7422.362313049577
23166,8805.819448093569
23167,5693.449467953646
23168,6967.400575387911
23169,6653.160308895855
23170,7196.233573161829
23171,9189.465382845514
23172,7260.840468400285
23173,5562.037093170816
23174,6998.045360533549
23175,6373.920166318614
23176,10063.164307138124
23177,5825.575202301256
23178,10410.33398258668
23179,5615.586874766959
23180,6249.057889954524
23181,7301.34449344475
23182,6494.684793142242
23183,6560.2065067541
23184,7182.008870615199
23185,7298.210168949097
23186,7229.400890043865
23187,6050.588631315064
23188,7408.960533500621
23189,7179.96442353883
23190,6913.886275406427
23191,5739.211289237713
23192,6964.005842011014
23193,9658.145992209635
23194,7111.554037223653
23195,5836.090995807249
23196,7260.128963230556
23197,6225.126085081175
23198,7951.554967298538
23199,7349.037919087262
23200,5611.65704883739
23201,7764.805903829033
23202,7078.713348268836
23203,6854.958465471695
23204,7760.107326141208
23205,5846.220381746678
23206,6610.928681181039
23207,5841.664252217519
23208,7434.445359137403
23209,7388.250163461842
23210,5679.356711000435
23211,5989.052383842758
23212,6856.864861532231
23213,6719.818109190999
23214,6529.466678015003
23215,6663.03024199323
23216,6539.535455510584
23217,7101.4540791551535
23218,5870.447386907301
23219,5937.797180859389
23220,6823.62875605085
23221,8255.541248600617
23222,6958.688026224164
23223,8179.527481260281
23224,8450.87449691683
23225,6561.910159754593
23226,8471.141986745046
23227,6753.530136075214
23228,7549.016439652132
23229,8703.138310635373
23230,6710.47823034622
23231,9132.005497582943
23232,8278.295850399058
23233,7903.252084698934
23234,6668.1693749783735
23235,8036.874538026586
23236,7694.434044124847
23237,5832.854922297927
23238,4931.768285946713
23239,6745.108069821737
23240,7568.92399889211
23241,6593.829945723982
23242,5948.724198678078
23243,8245.105236684956
23244,6837.867021994949
23245,6306.786490639439
23246,6414.945152383586
23247,6266.809342937476
23248,7601.7408162584
23249,7192.482192531036
23250,6613.807648841699
23251,5762.120650732448
23252,6487.016633356097
23253,7504.6185025463155
23254,5351.370530691866
23255,6211.161567272006
23256,5459.517423412587
23257,7737.211452441412
23258,6074.1659137175275
23259,6322.845906212918
23260,8874.003706963143
23261,6408.358343322755
23262,6804.825494451356
23263,10592.963949198613
23264,6833.288009024877
23265,7017.736462261076
23266,6847.306099005946
23267,6184.237903271861
23268,7529.448677806945
23269,6096.9222657095
23270,7472.040102592655
23271,9413.393641475657
23272,6364.940850843158
23273,4426.38968449304
23274,5610.868243020324
23275,7723.2758517152215
23276,7926.227075496056
23277,6746.280415307228
23278,6927.032301327241
23279,5689.0582542102775
23280,5615.204048213736
23281,5613.567192545061
23282,5485.382285201091
23283,6569.783045961236
23284,7397.658624042518
23285,6780.099609757747
23286,6759.695059815047
23287,7631.701347434185
23288,8029.775641957577
23289,7358.773829886171
23290,6263.842149820815
23291,8065.70962416738
23292,9202.027791345998
23293,6365.95134137002
23294,7607.448106666219
23295,6790.345518569327
23296,7122.5068651072315
23297,6167.531963910191
23298,6721.368475205815
23299,6128.707568822387
23300,7881.861524588018
23301,6961.375047343609
23302,9165.518343583457
23303,8250.708513103807
23304,6938.510303148395
23305,7630.518125695348
23306,17155.46449742351
23307,11333.271450478054
23308,7594.007094652619
23309,4529.741468530234
23310,6736.886611110069
23311,9425.976474407738
23312,5689.120351300044
23313,12044.399945165942
23314,17068.53101967029
23315,6813.849935745732
23316,6177.381661991407
23317,8141.057873160624
23318,6471.333034773697
23319,9645.85122112932
23320,6681.706701645037
23321,7596.073909958134
23322,4426.913155775198
23323,6153.250496215191
23324,7092.869290767225
23325,7296.502262895422
23326,8272.968560108076
23327,5890.013298035006
23328,7553.639262443514
23329,6631.735000563944
23330,6135.147046242501
23331,6617.053625190798
23332,7284.449811611184
23333,5995.250385433758
23334,6631.383434200015
23335,6732.582908153965
23336,5940.6035140880285
23337,5893.696381798325
23338,6071.498253704111
23339,6722.172653584963
23340,8623.869031550652
23341,6915.762873779935
23342,7847.095822880284
23343,7088.714496614377
23344,5535.207193532651
23345,7131.928302852574
23346,6569.869540073971
23347,5824.875523836857
23348,5853.561381148763
23349,6864.6735578171565
23350,6959.3836158749245
23351,6892.813783359187
23352,7546.32706458425
23353,6925.463090651813
23354,5548.196020826285
23355,5905.516405042629
23356,8181.004237693845
23357,6331.280374160253
23358,6576.409193498915
23359,14026.025530913941
23360,7425.478067046581
23361,6823.159138890686
23362,6526.947039195944
23363,5958.606069517757
23364,6721.035318048481
23365,4988.6184144131
23366,6816.733548843697
23367,7797.970964498453
23368,6129.172868391871
23369,17090.073862171517
23370,10735.113329139629
23371,6540.36855939054
23372,6906.413039366537
23373,6068.902402401234
23374,7256.672423928713
23375,7191.444553821962
23376,10607.094385350161
23377,7544.198642617216
23378,7972.341911384876
23379,6791.7206047878935
23380,7340.104159269196
23381,6105.495836868621
23382,8606.244151525438
23383,6819.608077145284
23384,6568.042783693053
23385,6437.241664858087
23386,6278.831431993593
23387,9083.708198051429
23388,7816.657737136075
23389,6780.83155967282
23390,8708.26940162568
23391,7502.069991493188
23392,9735.993106486912
23393,5172.158185047069
23394,6042.334173982497
23395,7308.451818563025
23396,8855.838848606867
23397,7551.114509482834
23398,7191.106142662708
23399,7433.245159143048
23400,7469.804093960862
23401,6198.514951028091
23402,8375.695731720634
23403,7495.3283564700105
23404,6335.6327750686505
23405,12984.377299005097
23406,16155.030675453305
23407,7948.340342738782
23408,8333.193684016862
23409,9489.175963946322
23410,9661.20720844254
23411,9346.576439227716
23412,7232.962023746917
23413,8060.370659461926
23414,7214.40512119389
23415,7751.796682834486
23416,5930.036864586735
23417,7108.538282813796
23418,6080.913892492881
23419,6015.768234796194
23420,6479.519155682179
23421,5316.363395774563
23422,5710.252876628083
23423,6593.363498349962
23424,5340.651132270298
23425,5308.1678627385845
23426,6355.305649854653
23427,7206.405674454701
23428,8498.359597237652
23429,8241.610296312536
23430,8080.95451183164
23431,7154.410471226791
23432,7414.519601523876
23433,8539.318577357768
23434,7315.593113924212
23435,5824.052535929188
23436,6375.203850190191
23437,8806.719457062589
23438,6031.001675259691
23439,6753.240359548971
23440,5686.889991869585
23441,6355.470537881575
23442,8963.07612712192
23443,6240.693648763603
23444,7452.579902353011
23445,8143.379539836366
23446,9007.381787962142
23447,9462.914356096355
23448,6481.539052705621
23449,8637.688494802707
23450,5509.626722838314
23451,6317.328552316947
23452,6736.7700755851865
23453,5812.330637826803
23454,7529.556146076715
23455,5926.160948639296
23456,7430.427008424205
23457,7991.909758831628
23458,8425.169425492239
23459,8279.137917484211
23460,6111.706132253442
23461,6418.341374676457
23462,8894.447440734675
23463,7631.31979594664
23464,8128.797132967766
23465,6876.532181296388
23466,7181.834502656313
23467,8007.432403384153
23468,6700.052865309754
23469,7139.416495389469
23470,7848.647117476647
23471,8024.289179225573
23472,12737.228688878487
23473,7438.102879409116
23474,12209.206861060238
23475,6861.498771631336
23476,7149.145157850775
23477,5168.543760419756
23478,7300.563531735301
23479,7082.671585733597
23480,6156.641096962966
23481,7532.8378788539585
23482,6570.889724970616
23483,5211.364495190344
23484,6622.180789037522
23485,6352.8815708688135
23486,7046.630859178271
23487,6788.151571734192
23488,7308.104490968006
23489,7448.450058480336
23490,6699.0940950614095
23491,7873.6788359318025
23492,6019.803142758473
23493,6083.460734354328
23494,6775.565847122997
23495,7695.839880899467
23496,10321.484625918323
23497,7246.146560257972
23498,5617.090801992369
23499,6541.238247477114
23500,7339.677898627671
23501,7008.936416009517
23502,6533.9646579522305
23503,7662.357363139506
23504,6422.399726253553
23505,6016.873549134845
23506,6657.1110959772295
23507,7969.997970137896
23508,6383.009816775788
23509,6833.885018597684
23510,6648.787206504326
23511,6402.301003147196
23512,5609.820006186875
23513,6467.914629655986
23514,7989.035920178713
23515,8347.371175007238
23516,9004.696468289725
23517,11657.965699958011
23518,7895.127725733861
23519,6441.380267580146
23520,6720.304975691542
23521,9401.42636661619
23522,8515.196557889334
23523,7086.700749095981
23524,7353.00343250269
23525,8540.406685507096
23526,6236.599581748336
23527,5622.274894395472
23528,8889.10360868989
23529,6520.41755393864
23530,7518.368111691781
23531,6436.067768146985
23532,5117.6792501329355
23533,10258.286755985891
23534,6248.950656127348
23535,6979.514158811135
23536,6156.488674335666
23537,7025.785850228176
23538,6853.247363372768
23539,6955.846790811304
23540,7435.269448567545
23541,6681.4373677893445
23542,5456.198050750585
23543,5824.007073431971
23544,5834.718062338229
23545,7358.369831885486
23546,18149.10339369031
23547,5646.9943689430065
23548,6710.312221406939
23549,7516.158426903874
23550,5554.45662169809
23551,5453.287775216181
23552,6464.281010992321
23553,5570.066369506574
23554,7369.096758374736
23555,7659.230641562254
23556,5641.058531902161
23557,7878.920069026819
23558,5212.16848021951
23559,5585.255617423148
23560,7588.913687063486
23561,8382.351262794724
23562,8911.074220302358
23563,6434.131048458355
23564,7015.9880704546795
23565,5354.571109423647
23566,6741.057229389559
23567,12087.672833543515
23568,9193.15758428122
23569,7184.791975768413
23570,5450.539251415171
23571,6934.048545490084
23572,5608.095162790462
23573,5410.23202332779
23574,8166.74195025461
23575,7376.929119731146
23576,6246.539708809739
23577,7729.955497959446
23578,6723.1845782832825
23579,6101.273932002626
23580,6514.508578022911
23581,7272.049723382815
23582,6872.964874688014
23583,5570.055379768058
23584,6201.650056772703
23585,7129.570141530847
23586,8033.932740894834
23587,6973.973899099894
23588,7653.075450636953
23589,5291.5351456957505
23590,7353.380858048172
23591,5655.609790311353
23592,6424.643969962541
23593,6775.7202948170525
23594,7544.651477659057
23595,6134.376851730916
23596,7183.309324733809
23597,7082.295457187759
23598,6594.958164787873
23599,6433.297306634018
23600,6725.318525453556
23601,6744.681239949214
23602,6361.256738281395
23603,7528.733917237123
23604,7070.305892572594
23605,6042.945496906247
23606,9210.41638583322
23607,5425.0558834501935
23608,5713.015618364811
23609,7063.58892026705
23610,8448.759339991124
23611,9904.870586644642
23612,6278.537112469294
23613,7314.784039345367
23614,6166.990594344026
23615,7694.841267304126
23616,7123.435717249599
23617,7285.518018480904
23618,4305.901342447231
23619,7109.106196739193
23620,7102.370329877151
23621,6161.017002241469
23622,5256.809845903867
23623,7464.79485361819
23624,7447.981083957496
23625,6487.596398083744
23626,8304.95199700762
23627,7340.724243079087
23628,8887.549277014257
23629,6664.238449029157
23630,6261.580557698399
23631,6290.222121445253
23632,7915.759384365334
23633,7560.905381645286
23634,5670.402057499232
23635,8272.729913865067
23636,7350.854251417834
23637,7123.892923592597
23638,5948.059703554328
23639,5127.513046840294
23640,7088.344691475869
23641,6063.607103779393
23642,8989.930130620842
23643,6886.980571186851
23644,6443.406638308458
23645,8120.791448640477
23646,6969.012702554645
23647,6497.736434603343
23648,7256.143261931059
23649,6431.040330039786
23650,8213.840179450983
23651,9524.723216266542
23652,7532.879221808323
23653,6568.139269824116
23654,6363.645715160322
23655,5476.7276171743715
23656,4575.575804093844
23657,7633.454168918851
23658,6491.167052810676
23659,8338.237066620655
23660,6213.37743459518
23661,7343.085723134726
23662,6126.823559571803
23663,10808.649986608256
23664,6283.929895599855
23665,6497.6805976867745
23666,6944.136284853152
23667,7135.7106497723225
23668,6585.798496112504
23669,7761.638873016475
23670,7178.553101496337
23671,9727.113478132704
23672,7240.32641061677
23673,7759.429290278136
23674,7255.676541473254
23675,5837.515497563614
23676,6208.829007972965
23677,8992.312813467175
23678,9149.106811370675
23679,6696.895288338633
23680,15455.387980794829
23681,6952.5954476353745
23682,6550.448654841386
23683,6081.56711142484
23684,7847.7797864468985
23685,8583.72728411379
23686,7229.0192662102945
23687,7754.99428529485
23688,8121.065043691316
23689,6307.65967352654
23690,6970.693966353575
23691,6189.853611200622
23692,6266.744396444217
23693,6456.405446998882
23694,5803.366337316246
23695,5897.316116162724
23696,7482.52344628194
23697,15814.513306930929
23698,7399.1080878120965
23699,5901.342791023289
23700,7324.6050771687305
23701,5557.3091113723785
23702,7044.724050287756
23703,4650.041422902571
23704,9328.058904464875
23705,7478.032651158001
23706,7238.824633823467
23707,11254.659812926908
23708,10413.238372885025
23709,7499.822017635304
23710,7146.803120423932
23711,5798.58100690023
23712,6410.07753299429
23713,7082.54927817387
23714,7626.697318269107
23715,5757.886949728586
23716,5481.986860337576
23717,5056.759746818946
23718,6246.105657512093
23719,6485.082067683916
23720,6877.098147893531
23721,5349.150390960381
23722,7734.437756616585
23723,6905.203899776511
23724,7220.893846445453
23725,6263.915633049079
23726,5753.627865974263
23727,7267.261648326561
23728,5073.576699942041
23729,9029.530146036248
23730,6215.626292970693
23731,5385.02899624656
23732,7131.956067278924
23733,6321.315466696268
23734,5901.694472825233
23735,6417.927439307382
23736,6573.60293923457
23737,8565.029327318152
23738,8829.739391991385
23739,7223.219004414406
23740,5095.630736644052
23741,6580.4335408730385
23742,6932.199207112596
23743,6730.539869164653
23744,6424.951432978541
23745,7280.422928746909
23746,9613.082206586105
23747,6844.137842982291
23748,6710.2061306356345
23749,6782.6287596733155
23750,5910.393189694281
23751,8783.35519160568
23752,6572.766478336763
23753,11092.213308785438
23754,6577.370883549281
23755,6076.232665364192
23756,5854.819310531175
23757,5687.008107219708
23758,7378.880158370353
23759,16450.958371451794
23760,5020.1411482222675
23761,6256.380145215945
23762,8803.671260214373
23763,7550.224454118729
23764,6736.384719595032
23765,7907.609636181486
23766,6128.856503788262
23767,5664.433199057534
23768,5551.44479006794
23769,8030.368909134418
23770,5876.436122509247
23771,7605.7048145980325
23772,6734.238349282144
23773,5803.4127562548
23774,7953.5188421820185
23775,6547.7838065558335
23776,4903.773354096525
23777,8388.09171016316
23778,8056.462691291035
23779,5180.136809942637
23780,7886.5904088960015
23781,6481.217949114278
23782,6048.443032571987
23783,9023.37396491178
23784,6931.286272356777
23785,7016.325958345098
23786,5716.175769291228
23787,5897.106048285079
23788,6788.4960409215855
23789,4520.09952038366
23790,7741.032537930305
23791,5374.458557851567
23792,6203.87659208878
23793,5512.735460988997
23794,6967.551268397627
23795,6114.708699131371
23796,7108.092993947575
23797,6717.3595408822885
23798,7253.545434339556
23799,6812.201355766684
23800,7775.168350630215
23801,6759.678695698499
23802,8890.14821313496
23803,8120.729740327642
23804,8662.336619828147
23805,5325.08981407973
23806,6472.825400950907
23807,7394.372274542623
23808,5832.5803839496075
23809,8436.674947898144
23810,6546.814485861882
23811,8625.430707165968
23812,9227.313094931053
23813,7908.345301466323
23814,5473.402275189081
23815,8412.938209005508
23816,8871.840842661904
23817,6601.777905170828
23818,7175.063787768722
23819,8179.392759628664
23820,6801.817651451622
23821,7224.715769440114
23822,7035.694525156958
23823,6438.225286231757
23824,6408.731622564277
23825,7103.736843036831
23826,6309.143910705989
23827,6339.937307567526
23828,7073.871598556029
23829,6863.233214180578
23830,7368.463944016967
23831,7301.581379351373
23832,7625.050715566127
23833,6750.99128182846
23834,8032.04259641173
23835,6916.785612409328
23836,6467.816396752899
23837,6715.294754876354
23838,6857.441909763677
23839,7688.689268580435
23840,6857.0114875859
23841,6124.790822129388
23842,6871.186040326335
23843,7249.977962720884
23844,6794.766351215912
23845,6433.7508452285
23846,5749.984862600076
23847,6693.595815558289
23848,7139.211415283322
23849,6482.714890696235
23850,7086.652897111178
23851,7438.438497996714
23852,6171.476877396378
23853,5756.167454578445
23854,4964.109464581827
23855,6645.343586276994
23856,7601.39007812477
23857,6851.475066073695
23858,7865.568921032991
23859,8096.843061490263
23860,6348.8549320017255
23861,7429.254235460433
23862,5761.752854643184
23863,5438.033105680288
23864,7157.700250149065
23865,10006.791403696201
23866,7037.553765442825
23867,7587.933819520522
23868,5865.303626360038
23869,7342.549305970182
23870,8795.878246491395
23871,6333.904859911056
23872,7419.76014968938
23873,5754.562641648506
23874,5102.217537677061
23875,5771.9215960022
23876,6515.030978781076
23877,6363.311317275291
23878,5798.342270812932
23879,6792.737367289432
23880,5378.568627377886
23881,6600.812559422408
23882,7598.997429157228
23883,5752.353840838962
23884,7044.426326231806
23885,7540.59725890592
23886,5700.863432727295
23887,6631.249046828784
23888,7744.059582905009
23889,7554.019348708038
23890,6994.911534151276
23891,5654.742302201307
23892,12176.835321445376
23893,6209.045817068443
23894,6055.984735738752
23895,8393.210321394517
23896,8021.812474664723
23897,7752.576781892676
23898,7067.051417101344
23899,7129.416722707304
23900,8453.684126721904
23901,13306.300293152255
23902,5873.0016952851765
23903,5937.587059267031
23904,6223.873714348091
23905,7581.219414942423
23906,6937.209666306171
23907,8237.049975911095
23908,7635.272647187985
23909,5968.3638414020115
23910,5706.4359770099645
23911,6883.871747327457
23912,7944.681581664574
23913,5671.5611721456335
23914,6915.463821511505
23915,5017.641075178375
23916,6585.402853207606
23917,7524.771910001477
23918,6876.544696221597
23919,8074.735367101759
23920,6567.178520337471
23921,5921.108575287414
23922,7266.098370489669
23923,7381.405007555001
23924,8041.577152421191
23925,7280.481887173756
23926,7485.127308573899
23927,6691.376855881241
23928,6202.988050004579
23929,9029.420176997979
23930,5777.5167636388405
23931,9386.16824993567
23932,7315.934312843221
23933,6034.960519235214
23934,7998.606450475218
23935,6026.887971294079
23936,6860.700595281935
23937,7198.6297231049975
23938,4084.658888771791
23939,5586.549441005869
23940,6952.228989231999
23941,8711.816346055812
23942,8729.269465747206
23943,6351.748686834561
23944,6775.967287261916
23945,6916.061412291606
23946,7530.65863953743
23947,6885.971886359051
23948,9772.560419692032
23949,7836.264590920878
23950,9794.088551987288
23951,5647.928612143737
23952,5814.872234001324
23953,9579.162012765664
23954,9158.549162229441
23955,6100.223893129576
23956,9391.805130671239
23957,6095.366839748083
23958,6069.773578359438
23959,5784.302392625791
23960,6038.993544238552
23961,5620.234379586084
23962,5666.16837739632
23963,5507.1001809634845
23964,5718.698028158915
23965,9472.60136788923
23966,7202.157119695574
23967,19943.84726824453
23968,6392.341483103518
23969,5411.692070030576
23970,7106.488887834065
23971,9293.992948994432
23972,6476.726978226666
23973,7491.076096187765
23974,5881.287584938151
23975,7864.016552873683
23976,7691.889766980319
23977,5200.5283538372605
23978,5893.351492835657
23979,7322.950350261209
23980,7636.263908242776
23981,6564.534659883339
23982,6801.169748502893
23983,6482.33256844225
23984,5686.983872692648
23985,8204.974906727643
23986,9575.053085734236
23987,10495.570634526892
23988,10534.693521275522
23989,7516.698395053484
23990,6435.370957262804
23991,6537.045358746491
23992,4840.942999714427
23993,8534.401188939351
23994,9841.084871375508
23995,9193.631435238734
23996,5959.066226614414
23997,5336.228381981195
23998,5807.351664067398
23999,6562.477114687412
24000,9398.604420243233
24001,6658.413707555302
24002,5789.9922562020665
24003,5513.985869795298
24004,7994.9490438100565
24005,4951.89281860024
24006,7272.449326101327
24007,5376.350827482549
24008,6727.867832977008
24009,6951.310731944046
24010,6188.263309422043
24011,7011.139536200681
24012,6830.6852315711985
24013,6170.1534687395
24014,6473.371201662506
24015,6833.42152218684
24016,10561.216293638494
24017,6354.586233498899
24018,8743.550314718748
24019,7588.9344741910545
24020,8100.877452001407
24021,7205.742748889363
24022,8944.705855112074
24023,5609.159796537173
24024,6898.117341834174
24025,6510.08849387767
24026,6931.84387545352
24027,9002.945278344985
24028,7322.374302609489
24029,5519.2919517087075
24030,6837.949281882283
24031,6432.2507841096085
24032,10087.214732016804
24033,5814.564290251005
24034,10677.333006133566
24035,5615.135348956241
24036,6307.38850774552
24037,7337.7282983971
24038,6230.432613282161
24039,6441.55522287256
24040,7206.0592954938775
24041,7058.53330937569
24042,6988.357823920767
24043,5764.185622215035
24044,7215.321529585903
24045,6942.87231591381
24046,6913.434749595708
24047,5824.3726208448925
24048,7059.171790565076
24049,9545.57001780821
24050,7208.609816159766
24051,5777.458644345038
24052,7097.635338050306
24053,6150.228019142637
24054,7758.490747570156
24055,7186.544293907011
24056,5430.582122294539
24057,7537.10986628435
24058,7018.821720193034
24059,6627.214882483222
24060,7701.474974678998
24061,5448.3343328276715
24062,6281.202462814614
24063,5690.82991976765
24064,7210.46985899307
24065,8101.537046541135
24066,5597.092309569033
24067,5814.233754589755
24068,6856.6724122446985
24069,6412.0801187230745
24070,6665.468641661537
24071,6784.025767777029
24072,6660.530981294382
24073,7237.4560428016875
24074,5718.490955556475
24075,5965.732453519561
24076,6636.954503337233
24077,8434.29547450143
24078,7113.961661529876
24079,7912.056430345739
24080,8204.166507965281
24081,6321.049969285434
24082,8253.264550742637
24083,6781.465408735385
24084,7613.682451929875
24085,8542.98856111167
24086,6469.618039877061
24087,9161.830600625159
24088,8064.277868660385
24089,7789.2694026135005
24090,6532.8328417287075
24091,8066.699641068807
24092,7531.940418944597
24093,5953.850448081725
24094,5039.647204249825
24095,6822.327889866561
24096,7705.563655347347
24097,6432.153404068565
24098,5976.659471338249
24099,8259.923901864438
24100,6993.140657300662
24101,6443.426147094676
24102,6230.515944910179
24103,6281.628008116961
24104,7678.960636303221
24105,7040.489034829052
24106,6750.447305296936
24107,5718.0211336568445
24108,6623.656289811334
24109,7126.150987914938
24110,5506.644165997579
24111,6410.892656624726
24112,5412.500796031908
24113,7583.742089417813
24114,6195.161439501326
24115,6443.841431996716
24116,8640.85463172145
24117,6563.631978628468
24118,6581.404089188542
24119,10670.183769243433
24120,6647.597978730587
24121,6846.430711884311
24122,6875.241371666117
24123,5871.6995545067375
24124,7125.38242678155
24125,6229.742067446748
24126,7549.259922637476
24127,9546.213443212908
24128,6516.586945161131
24129,4242.625081242702
24130,5693.1456819956
24131,7139.201371534143
24132,7673.123974329801
24133,6812.042156896097
24134,6867.419418147236
24135,5476.309962401747
24136,5751.63427568887
24137,5641.502465205232
24138,5513.317557861262
24139,6400.835686801615
24140,7130.308547322385
24141,6935.37324506346
24142,6787.630332475218
24143,7381.182495848143
24144,7751.777893398424
24145,7078.206751832356
24146,6198.40123197296
24147,8186.705149951172
24148,9127.834153533555
24149,6498.771143107268
24150,7669.6614888483045
24151,6593.014134723091
24152,6973.379624770558
24153,5912.335700358694
24154,6876.642110511528
24155,5859.15055645878
24156,8017.863488234552
24157,6763.491622769095
24158,9044.318382672256
24159,8420.988586272264
24160,6711.82074194948
24161,7141.22847507499
24162,17232.684317468338
24163,11037.947397694323
24164,7671.226914697439
24165,4386.640481540274
24166,6358.110183353561
24167,9503.196294452559
24168,5811.375153697433
24169,12127.03387588857
24170,16780.929585033067
24171,6949.851899392266
24172,6310.201463728655
24173,7610.830234235017
24174,6604.152836510945
24175,9723.07104117414
24176,6843.78038373746
24177,7654.65975115248
24178,4390.496767671225
24179,6126.479797974505
24180,6863.010572730336
24181,7448.148357213395
24182,7710.82154496888
24183,5661.9575302864005
24184,7273.072184389697
24185,6752.730526347742
24186,6052.621409249205
24187,6738.049150974596
24188,6784.112769527875
24189,5997.385589210152
24190,6413.6831416632485
24191,6743.523236226653
24192,6048.482432391141
24193,6048.970017104038
24194,6208.137910159348
24195,6843.168179368761
24196,8428.969204815046
24197,6689.073312581019
24198,8017.375896048738
24199,7236.540736214361
24200,5430.316173242834
24201,7196.594315130317
24202,6690.865065857769
24203,5644.44038711066
24204,5986.381182886011
24205,6892.6088304773275
24206,6706.280514708668
24207,7028.815747005721
24208,7682.757292059383
24209,6735.788924729621
24210,5563.01468600577
24211,6042.7776453027545
24212,7982.087074283133
24213,6204.300808341396
24214,6746.689266667363
24215,14196.30560408239
24216,7178.441688214801
24217,6900.378958935507
24218,6241.356842167023
24219,5973.424734697242
24220,6748.970590708652
24221,5065.838234457921
24222,6953.16377631883
24223,7920.856320664301
24224,5785.845738569287
24225,17116.121407020193
24226,10890.386964445343
24227,6250.995142830129
24228,7042.415003013071
24229,6204.904366047768
24230,7408.318518246686
24231,7253.657936004047
24232,10317.21659410973
24233,7181.718313041544
24234,8142.621984553324
24235,6946.994240093606
24236,7398.690000463542
24237,5816.12242030821
24238,8768.31783361786
24239,6655.053763301406
24240,6607.802332306674
24241,6207.382946821197
24242,6208.035659960093
24243,8679.03676716424
24244,8064.3499588136065
24245,6527.406079055069
24246,8819.134194164719
24247,7302.468707043795
24248,9752.62524750813
24249,5419.8504067246
24250,5891.962618772718
24251,7160.733346288475
24252,8544.93107384696
24253,7270.547431429018
24254,6831.242859050777
24255,7328.354138853231
24256,7134.814133106189
24257,5963.804801411616
24258,8576.360982931028
24259,7568.655245034863
24260,6117.9324825318845
24261,13229.54181128796
24262,16355.695926663699
24263,7790.6083282935615
24264,7933.419881359699
24265,9478.714911923393
24266,9906.371720725401
24267,9590.448806187254
24268,7325.560583970948
24269,8239.874222427172
24270,6823.746072752145
24271,7621.923131526993
24272,5857.32432301022
24273,7194.059372340777
24274,6132.734944242612
24275,6177.294443559271
24276,6547.985111321629
24277,5364.8341526650975
24278,5650.656942532254
24279,6346.327119518183
24280,5502.177341033375
24281,5370.509674894989
24282,6324.755281919292
24283,7022.258652736401
24284,8352.385785924851
24285,8038.842298173037
24286,8216.958780025607
24287,6883.550945462525
24288,7158.765739744089
24289,8715.85122398358
24290,7341.26155168551
24291,5764.456601833359
24292,6356.35030672213
24293,8095.709266714536
24294,6066.355824669539
24295,6661.181029315241
24296,5759.071417876324
24297,6425.9851895458205
24298,9141.657469772528
24299,6113.714082944747
24300,7252.945125513025
24301,7951.093962377236
24302,8728.471951660695
24303,9774.769015460815
24304,6647.506699991575
24305,8670.378925087138
24306,5450.030788742485
24307,6291.285984618607
24308,6579.475526276952
24309,5701.405972416839
24310,7600.07079774096
24311,5996.675600303541
24312,7478.897765314739
24313,8046.5629317928815
24314,8603.750768142847
24315,8208.657069411338
24316,6132.053843800554
24317,6466.812131566991
24318,9060.41508802063
24319,7375.117044969423
24320,8214.318222494732
24321,6641.822031679913
24322,6751.095896443842
24323,8171.007308172027
24324,6595.161845019938
24325,7179.063230487986
24326,7711.328703245223
24327,7966.583075511794
24328,12916.089819969844
24329,7063.214951310096
24330,12294.727950587217
24331,6670.717158279713
24332,6774.257229751755
24333,5239.058412084001
24334,7371.078183399547
24335,6764.584321923265
24336,5920.646270637037
24337,7761.021684725249
24338,6428.24689693899
24339,5151.7685610945155
24340,6517.289768747706
24341,6388.235720278662
24342,7191.596405860787
24343,6618.261131788847
24344,7427.067231578154
24345,7089.801415229414
24346,6443.897831509912
24347,8007.648014404686
24348,6138.765883368621
24349,6053.045257841663
24350,6485.724085827941
24351,7829.809059372351
24352,10500.300018294154
24353,7269.03418811198
24354,5795.9061943682
24355,6567.140734963635
24356,7469.636801419623
24357,7049.845341358774
24358,6690.326216759597
24359,7748.372201404542
24360,6541.362466863701
24361,6048.885581577875
24362,6629.8533065693055
24363,7659.21015920251
24364,6483.771393890727
24365,7000.669997574484
24366,6541.201742719109
24367,6221.865866420999
24368,5781.188002856977
24369,6271.5947276128445
24370,7730.056437095726
24371,8556.005476864968
24372,8994.414175200936
24373,11765.06714716918
24374,7964.598688636772
24375,6501.917016406734
24376,6862.853751820711
24377,9442.335291965443
24378,8686.564554559436
24379,7110.168534135753
24380,7365.789312508525
24381,8618.714429053567
24382,6381.565128430853
24383,5741.23763500562
24384,9216.198755642312
24385,6575.789262366973
24386,7585.279843113407
24387,6567.663143073639
24388,4841.0714864556
24389,10480.14149178889
24390,5919.341822904697
24391,6673.091387802643
24392,6185.983577305771
24393,6728.4658927524615
24394,6882.742266342873
24395,7289.726776423591
24396,6771.576468226865
24397,6589.91373187716
24398,5654.120647854339
24399,5805.287937181396
24400,5836.089919964913
24401,7291.082711859313
24402,18304.550391615056
24403,5594.425386999117
24404,6275.759206264825
24405,7512.445728516039
24406,5555.828479324774
24407,5374.538467396689
24408,6178.348382404324
24409,5551.3472332559995
24410,6804.558179088278
24411,7344.063825715912
24412,5655.546997009531
24413,7879.792704534386
24414,5226.656945326879
24415,5614.750520393253
24416,7421.301206945037
24417,8197.967961485607
24418,9071.060322627112
24419,6556.656879351908
24420,7160.967734916698
24421,5359.757988791753
24422,6847.685590437119
24423,12154.59868274464
24424,8736.64636144824
24425,7036.591606213686
24426,5610.525353739925
24427,6711.131296997564
24428,5695.1120058688475
24429,5389.182175419812
24430,8354.405992988843
24431,7521.908784193164
24432,5903.178354868299
24433,7550.172522652024
24434,6416.133210115704
24435,6173.284337218275
24436,6659.488242484929
24437,7240.511862678765
24438,6670.068153151585
24439,5588.124945413134
24440,6375.827046911733
24441,6854.546179849272
24442,8108.484918249949
24443,6967.930489054652
24444,7585.049071000927
24445,5376.662158392086
24446,7027.314717684481
24447,5707.529201649744
24448,6524.777420521612
24449,6936.951530656932
24450,7589.123493291719
24451,6126.4436113036245
24452,7143.812915822832
24453,7182.42890774683
24454,6174.758897945024
24455,6166.51570288548
24456,6797.328930669205
24457,6533.714664883012
24458,6166.349713941298
24459,7417.495165815504
24460,6906.398159331572
24461,6072.4110746761735
24462,9490.73410355771
24463,5458.131886958006
24464,5335.110663269551
24465,7208.568584729068
24466,8001.968761069637
24467,10049.85025110666
24468,6389.666931237997
24469,7452.316308101656
24470,6252.117607040362
24471,7746.760678642517
24472,6779.59875933884
24473,7003.255995396245
24474,4436.980553392818
24475,6871.567401185901
24476,6885.1767856571105
24477,6486.557359235381
24478,5341.936858600203
24479,7263.8212496048445
24480,7656.42415994695
24481,6625.1286668400335
24482,8449.931661469638
24483,7011.5151303748535
24484,8673.459065520228
24485,6383.335080759617
24486,6365.9042394539465
24487,6409.552241063536
24488,7727.597072943818
24489,7559.05220279652
24490,5681.665486131152
24491,8268.411645240776
24492,7109.326103603439
24493,6810.2943142892145
24494,5844.450425978691
24495,5253.649303471732
24496,7069.907372112956
24497,6081.676669424469
24498,8831.290868576982
24499,6784.593669297299
24500,6495.326049646849
24501,7793.615939737869
24502,7020.932113893036
24503,6508.699212705055
24504,7416.129364255813
24505,6482.959741378177
24506,8373.826281775739
24507,9075.796700372839
24508,7677.858886270341
24509,6687.469389442399
24510,6348.170676680946
24511,5573.228106424295
24512,4627.4952154322345
24513,7794.68540475873
24514,6218.253253692532
24515,8367.71457972256
24516,6090.076814666186
24517,7096.362180214522
24518,6249.349390465357
24519,10875.57583580938
24520,6010.2278030529515
24521,6261.591056660881
24522,6790.165063436967
24523,7286.507698480883
24524,6252.6082732388895
24525,7938.702063551475
24526,7284.766613633934
24527,9872.093142594722
24528,7024.734788483566
24529,7550.722497754962
24530,7126.800736891975
24531,5958.1634334071005
24532,6051.832461113065
24533,9219.215823829807
24534,9213.75589422826
24535,6834.1395991785985
24536,15261.264122493403
24537,7004.5148589737655
24538,6597.075947943247
24539,6133.486522763232
24540,7711.069163430528
24541,8453.968472808278
24542,7144.734068418943
24543,7721.279457803268
24544,8013.393920265057
24545,6411.983355282087
24546,6851.357319033348
24547,5911.163665692937
24548,6357.951470719078
24549,6216.296985230542
24550,5821.435902961322
24551,5908.579544794644
24552,7459.321029257537
24553,15881.439156132054
24554,7521.6458540376325
24555,6040.681843509238
24556,7376.5244885071215
24557,5435.559864798327
24558,6773.075036296555
24559,4787.285733742537
24560,9465.30321530484
24561,7150.483007671102
24562,7377.588329930967
24563,11512.038494926186
24564,10231.360456200377
24565,7566.747866836434
24566,7271.135735047146
24567,5535.122140354786
24568,6555.057197456308
24569,7208.6855348053095
24570,7456.698660168093
24571,5565.2095957231395
24572,5300.2342451388395
24573,5201.739411280964
24574,6041.724282064958
24575,6539.1675889216895
24576,6683.751703457249
24577,5505.016011233216
24578,7486.8977689894045
24579,6951.771401711772
24580,7023.168886204145
24581,5969.665990228534
24582,5645.3198885799575
24583,7328.835588124558
24584,5195.002305862923
24585,9210.950499077235
24586,6018.402654147191
24587,5189.963492078118
24588,7268.388111062542
24589,6272.010069610721
24590,5723.726339062049
24591,6308.4682796140805
24592,6565.951895156054
24593,8836.42274044701
24594,8877.538321277856
24595,7009.244804149038
24596,5257.712325271405
24597,6702.065392900136
24598,7094.280795739949
24599,6516.297908746717
24600,6470.866429797837
24601,7394.684575062017
24602,9749.51425036972
24603,7021.22586947238
24604,6888.943427116286
24605,6946.3596182912315
24606,6072.474778321634
24607,8873.174759232816
24608,6440.281921195876
24609,11309.514398865755
24610,6404.185981742302
24611,5858.891417084856
24612,5870.068055847743
24613,5730.158364752539
24614,7500.5120103974505
24615,15491.068813799651
24616,5048.506501019522
24617,5949.628190775837
24618,8866.476627363578
24619,7410.394257632537
24620,6913.47274608512
24621,7806.202533116779
24622,5895.804168377363
24623,5558.751134490472
24624,5384.673551744062
24625,8171.228091544517
24626,5984.745120949443
24627,7714.220059144444
24628,6681.769838000998
24629,5911.721754694996
24630,7846.762213913608
24631,6444.902330079583
24632,4657.314833775201
24633,8511.407146466088
24634,8195.801743776985
24635,5268.591504274688
24636,7691.559281611186
24637,6409.374456558596
24638,5937.903184772087
24639,8400.542588252425
24640,6715.617905885429
24641,7176.694644624217
24642,5807.503907380831
24643,5765.851076578786
24644,6925.740351761551
24645,4397.20315983521
24646,7878.47962439512
24647,5410.508981766462
24648,6239.927016003675
24649,5495.219540822951
24650,6775.334021742076
24651,6150.759123046266
24652,7137.927449507953
24653,6597.969339953682
24654,7145.490482159487
24655,6934.642004368763
24656,7933.547294465209
24657,6904.573177869042
24658,8926.198637049854
24659,8389.9424848624
24660,8806.453734729406
24661,5011.122122341382
24662,6711.247902490918
24663,7484.92304536294
24664,5961.69106098813
24665,8333.793471421886
24666,6341.882308143897
24667,8661.48113108086
24668,9356.423771969576
24669,7975.185968375972
24670,5561.856969521132
24671,8623.721423257657
24672,9050.578139142557
24673,6487.37044785024
24674,7319.958269939266
24675,8121.842763555485
24676,6689.987119001352
24677,7260.766193355011
24678,7049.291115503388
24679,6502.21654876895
24680,6497.186316896328
24681,6904.60802725131
24682,6322.740501052419
24683,6326.040785685902
24684,6923.014888012557
24685,6915.067443227495
24686,7362.009362850867
24687,7423.244660684166
24688,7676.884944613043
24689,6854.452414023247
24690,8194.099349083974
24691,6961.172445750515
24692,6607.155449238849
24693,6751.345178791249
24694,6790.919975642145
24695,7764.233601538016
24696,6715.656242093085
24697,6213.245516461439
24698,6732.51700123475
24699,7022.941940710105
24700,7091.732855948388
24701,6556.6455539125045
24702,5838.439556932127
24703,6822.706492596812
24704,7181.92596844902
24705,6590.603161517503
24706,7118.540369609008
24707,7335.557021520465
24708,6207.527301311273
24709,6011.57836100344
24710,4959.50390579025
24711,6626.74166272061
24712,7277.234836874998
24713,6810.487625677525
24714,8102.001680128877
24715,8256.743981523538
24716,6315.236652049218
24717,7426.538507050906
24718,5872.020123851128
24719,5526.487800012339
24720,7149.788596526174
24721,10135.902080734724
24722,7083.172026135224
24723,7749.079873068927
24724,5994.41430339856
24725,7356.145896316612
24726,8831.928670406289
24727,6264.178157474321
24728,7339.322763426288
24729,5756.763219870086
24730,5231.328214715583
24731,5860.376290334251
24732,6526.415471227737
24733,6345.795397109245
24734,5793.736712021356
24735,6682.298701860718
24736,5438.010600549005
24737,6704.273691617195
24738,7635.047853072123
24739,5834.765287570128
24740,7073.806721710258
24741,7351.861270304441
24742,5844.980547628553
24743,6760.3597238673065
24744,7666.097314483031
24745,7605.0762104856685
24746,6884.4728687225615
24747,5693.059917555274
24748,12264.009220355392
24749,6140.2379539505155
24750,5966.011207802406
24751,8335.660325321336
24752,8135.554765831577
24753,7799.300944202439
24754,6965.760567261444
24755,7231.818056703232
24756,8526.32048105184
24757,13486.5344451859
24758,5893.683733328398
24759,5744.891777187688
24760,5956.575934345728
24761,7616.90789084839
24762,6830.453038037762
24763,8272.738451817051
24764,7816.751932736755
24765,6182.265725495456
24766,5724.830847870089
24767,6952.037099759288
24768,8081.92589250454
24769,5689.956043005758
24770,6871.030432919012
24771,5182.868789349284
24772,6508.525136559905
24773,7592.937262433308
24774,6941.26476156315
24775,8290.530784600656
24776,6726.1902661538625
24777,5606.419513782386
24778,7077.36238188819
24779,7468.578906465019
24780,7918.19775705225
24781,7313.883195896617
24782,7320.51354818055
24783,6555.601713435842
24784,6360.7683684697595
24785,9116.594075907993
24786,5902.088495103279
24787,9495.786806830265
24788,7182.199134948111
24789,5765.162965828722
24790,8178.675982257433
24791,6151.459702758517
24792,6925.420660623488
24793,7245.147639308544
24794,4120.34736467775
24795,5604.944311865994
24796,6925.939001695318
24797,8873.873098728074
24798,8853.841197211641
24799,6070.620574110547
24800,6941.195001432825
24801,7081.289126462515
24802,7429.367789697529
24803,6935.685513837868
24804,9545.452145867508
24805,7995.276336737269
24806,9959.316266158196
24807,5418.50326308945
24808,5861.39015020487
24809,9623.28344521274
24810,9338.783314263086
24811,6172.391354176858
24812,9323.077371090485
24813,6219.938571212522
24814,6078.886189727588
24815,5778.004720751874
24816,5968.118635960175
24817,5778.0146980512645
24818,5790.740108860758
24819,5264.55822442851
24820,5750.209506499726
24821,9282.444490152067
24822,7361.168865511965
24823,20174.64912360617
24824,6142.067071798363
24825,5480.142940050255
24826,7174.939757853744
24827,9362.44381901411
24828,6545.177848246344
24829,7559.526966207443
24830,5949.738454957829
24831,7932.467422893362
24832,7760.3406369999975
24833,5268.979223856939
24834,5961.802362855336
24835,7391.401220280887
24836,7704.714778262454
24837,6632.985529903018
24838,6869.620618522571
24839,6550.783438461928
24840,5755.434742712327
24841,8273.42577674732
24842,9643.503955753911
24843,10564.021504546572
24844,10603.144391295202
24845,7585.1492650731625
24846,6503.821827282482
24847,6605.496228766169
24848,4909.3938697341055
24849,8602.852058959032
24850,9909.535741395184
24851,9262.082305258413
24852,6027.517096634092
24853,5404.679252000873
24854,5875.802534087076
24855,6630.92798470709
24856,9467.055290262912
24857,6726.86457757498
24858,5858.443126221745
24859,5582.436739814976
24860,8063.399913829735
24861,5020.343688619919
24862,7340.900196121005
24863,5444.801697502227
24864,6796.318702996687
24865,7019.761601963724
24866,6256.714179441721
24867,7079.590406220359
24868,6899.136101590877
24869,6238.604338759178
24870,6541.822071682184
24871,6901.872392206518
24872,10629.667163658174
24873,6423.037103518577
24874,8812.001184738425
24875,7657.385344210733
24876,8169.328322021085
24877,7274.193618909041
24878,9013.156725131754
24879,5677.610666556851
24880,6966.5682118538525
24881,6578.539363897348
24882,7000.294745473198
24883,9071.396148364662
24884,7390.825172629167
24885,5587.742821728386
24886,6906.400151901961
24887,6500.701654129287
24888,10155.665602036483
24889,5883.015160270684
24890,10745.783876153244
24891,5683.586218975919
24892,6375.839377765198
24893,7406.179168416778
24894,6298.883483301839
24895,6510.0060928922385
24896,7274.510165513556
24897,7126.984179395368
24898,7056.808693940446
24899,5832.636492234714
24900,7283.772399605581
24901,7011.323185933488
24902,6981.8856196153865
24903,5892.823490864571
24904,7127.622660584754
24905,9614.020887827888
24906,7277.060686179444
24907,5845.909514364716
24908,7166.086208069984
24909,6218.6788891623155
24910,7826.941617589834
24911,7254.995163926689
24912,5499.032992314217
24913,7605.560736304028
24914,7087.272590212712
24915,6695.6657525029
24916,7769.925844698676
24917,5516.78520284735
24918,6349.653332834292
24919,5759.280789787328
24920,7278.920729012749
24921,8169.987916560814
24922,5665.543179588712
24923,5882.684624609434
24924,6925.123282264377
24925,6480.530988742753
24926,6733.919511681215
24927,6852.476637796708
24928,6728.981851314062
24929,7305.906912821366
24930,5786.941825576153
24931,6034.18332353924
24932,6705.405373356912
24933,8502.74634452111
24934,7182.412531549554
24935,7980.507300365417
24936,8272.617377984961
24937,6389.500839305112
24938,8321.715420762317
24939,6849.916278755062
24940,7682.133321949554
24941,8611.43943113135
24942,6538.06890989674
24943,9230.281470644835
24944,8132.7287386800635
24945,7857.720272633179
24946,6601.283711748386
24947,8135.150511088478
24948,7600.391288964275
24949,6022.301318101403
24950,5108.098074269504
24951,6890.778759886235
24952,7774.014525367025
24953,6500.604274088243
24954,6045.110341357928
24955,8328.374771884115
24956,7061.59152732034
24957,6511.877017114354
24958,6298.966814929858
24959,6350.078878136639
24960,7747.411506322899
24961,7108.93990484873
24962,6818.8981753166145
24963,5786.472003676523
24964,6692.107159831013
24965,7194.601857934616
24966,5575.095036017257
24967,6479.343526644405
24968,5480.9516660515865
24969,7652.1929594374915
24970,6263.612309521004
24971,6512.292302016394
24972,8709.305501741128
24973,6632.082848648146
24974,6649.85495920822
24975,10738.63463926311
24976,6716.048848750265
24977,6914.881581903989
24978,6943.692241685795
24979,5940.150424526416
24980,7193.833296801228
24981,6298.192937466426
24982,7617.710792657154
24983,9614.664313232586
24984,6585.037815180809
24985,4311.075951262381
24986,5761.596552015279
24987,7207.652241553821
24988,7741.5748443494795
24989,6880.493026915776
24990,6935.870288166914
24991,5544.760832421425
24992,5820.085145708548
24993,5709.95333522491
24994,5581.76842788094
24995,6469.286556821294
24996,7198.759417342063
24997,7003.824115083138
24998,6856.081202494896
24999,7449.633365867821
25000,7820.228763418102
25001,7146.657621852034
25002,6266.852101992638
25003,8255.156019970846
25004,9196.285023553233
25005,6567.222013126946
25006,7738.112358867983
25007,6661.465004742769
25008,7041.830494790236
25009,5980.786570378373
25010,6945.092980531205
25011,5927.601426478458
25012,8086.314358254231
25013,6831.942492788773
25014,9112.769252691933
25015,8489.439456291944
25016,6780.271611969159
25017,7209.679345094668
25018,17301.135187488017
25019,11106.398267714003
25020,7739.6777847171215
25021,4455.091351559952
25022,6426.56105337324
25023,9571.647164472235
25024,5879.826023717112
25025,12195.484745908248
25026,16849.38045505273
25027,7018.302769411945
25028,6378.652333748333
25029,7679.2811042546955
25030,6672.603706530624
25031,9791.521911193817
25032,6912.231253757139
25033,7723.110621172158
25034,4458.947637690903
25035,6194.930667994184
25036,6931.461442750015
25037,7516.599227233073
25038,7779.272414988558
25039,5730.408400306079
25040,7341.523054409376
25041,6821.18139636742
25042,6121.072279268883
25043,6806.500020994275
25044,6852.563639547553
25045,6065.83645922983
25046,6482.134011682927
25047,6811.974106246332
25048,6116.933302410819
25049,6117.420887123716
25050,6276.588780179027
25051,6911.61904938844
25052,8497.420074834725
25053,6757.524182600698
25054,8085.826766068416
25055,7304.991606234039
25056,5498.767043262513
25057,7265.045185149996
25058,6759.315935877447
25059,5712.891257130338
25060,6054.832052905689
25061,6961.059700497006
25062,6774.731384728347
25063,7097.2666170254
25064,7751.208162079061
25065,6804.239794749299
25066,5631.465556025449
25067,6111.228515322433
25068,8050.537944302811
25069,6272.7516783610745
25070,6815.140136687041
25071,14264.756474102067
25072,7246.892558234479
25073,6968.829828955186
25074,6309.807712186702
25075,6041.87560471692
25076,6721.10439453591
25077,5134.2891044776
25078,7021.6146463385085
25079,7989.30719068398
25080,5854.296608588966
25081,17184.57227703987
25082,10958.83783446502
25083,6319.446012849808
25084,7110.86587303275
25085,6273.355236067447
25086,7476.769388266364
25087,7322.108806023725
25088,10385.667464129408
25089,7250.169183061223
25090,8211.072854572993
25091,7015.4451101132845
25092,7467.14087048322
25093,5884.573290327889
25094,8836.768703637541
25095,6723.504633321085
25096,6676.253202326352
25097,6275.833816840875
25098,6276.486529979771
25099,8747.487637183918
25100,8132.800828833285
25101,6595.856949074748
25102,8887.585064184397
25103,7370.919577063473
25104,9821.076117527806
25105,5488.301276744279
25106,5960.4134887923965
25107,7229.184216308154
25108,8613.38194386664
25109,7338.998301448696
25110,6899.693729070455
25111,7396.80500887291
25112,7203.265003125867
25113,6032.255671431294
25114,8644.811852950705
25115,7637.106115054541
25116,6186.383352551563
25117,13297.99268130764
25118,16424.146796683377
25119,7859.05919831324
25120,8001.870751379377
25121,9547.165781943067
25122,9974.822590745081
25123,9658.899676206933
25124,7394.011453990626
25125,8308.325092446848
25126,6892.196942771823
25127,7690.374001546671
25128,5925.775193029898
25129,7262.510242360451
25130,6201.1858142622905
25131,6245.745313578949
25132,6616.4359813413075
25133,5433.285022684776
25134,5719.1078125519325
25135,6414.777989537862
25136,5570.628211053054
25137,5438.9605449146675
25138,6393.206151938971
25139,7090.709522756079
25140,8420.836655944528
25141,8107.293168192716
25142,8285.409650045283
25143,6952.001815482204
25144,7227.216609763767
25145,8784.302094003258
25146,7409.712421705189
25147,5832.907471853037
25148,6424.801176741808
25149,8164.160136734215
25150,6134.806694689218
25151,6729.63189933492
25152,5827.522287896002
25153,6494.436059565499
25154,9210.108339792205
25155,6182.1649529644255
25156,7321.395995532704
25157,8019.544832396914
25158,8796.92282168037
25159,9843.219885480494
25160,6715.957570011254
25161,8738.829795106816
25162,5518.4816587621635
25163,6359.736854638285
25164,6647.926396296631
25165,5769.856842436518
25166,7668.521667760639
25167,6065.126470323219
25168,7547.348635334418
25169,8115.01380181256
25170,8672.201638162524
25171,8170.861260668297
25172,6200.504713820233
25173,6535.26300158667
25174,9128.86595804031
25175,7443.567914989101
25176,8282.769092514409
25177,6710.272901699592
25178,6819.546766463521
25179,8239.458178191697
25180,6663.612715039616
25181,7247.514100507665
25182,7779.779573264901
25183,8035.033945531472
25184,12984.540689989524
25185,7131.665821329774
25186,12363.178820606894
25187,6739.168028299391
25188,6842.708099771434
25189,5307.50928210368
25190,7439.529053419225
25191,6833.035191942943
25192,5989.097140656715
25193,7829.472554744927
25194,6496.697766958669
25195,5220.219431114194
25196,6585.740638767385
25197,6456.68659029834
25198,7260.047275880465
25199,6686.712001808525
25200,7495.518101597831
25201,7158.252285249092
25202,6512.3487015295905
25203,8076.098884424365
25204,6207.216753388299
25205,6121.496127861342
25206,6554.1749558476195
25207,7898.259929392029
25208,10568.75088831383
25209,7337.485058131659
25210,5864.357064387878
25211,6635.591604983313
25212,7538.087671439302
25213,7118.296211378452
25214,6758.777086779275
25215,7816.82307142422
25216,6609.81333688338
25217,6117.336451597554
25218,6698.304176588984
25219,7727.6610292221885
25220,6552.222263910406
25221,7069.1208675941625
25222,6609.652612738787
25223,6290.316736440677
25224,5849.638872876655
25225,6340.045597632523
25226,7798.507307115405
25227,8624.456346884648
25228,9062.865045220617
25229,11833.518017188859
25230,8033.04955865645
25231,6570.367886426412
25232,6931.30462184039
25233,9510.78616198512
25234,8755.015424579113
25235,7178.619404155432
25236,7434.240182528203
25237,8687.16529907325
25238,6450.015998450532
25239,5809.688505025299
25240,9284.649625661988
25241,6644.240132386652
25242,7653.730713133085
25243,6636.114013093317
25244,4909.522356475279
25245,10548.592361808569
25246,5987.792692924376
25247,6741.5422578223215
25248,6254.43444732545
25249,6796.916762772138
25250,6951.193136362552
25251,7358.17764644327
25252,6840.027338246543
25253,6658.364601896838
25254,5722.571517874017
25255,5873.738807201074
25256,5904.540789984591
25257,7359.533581878992
25258,18373.001261634734
25259,5662.8762570187955
25260,6344.210076284503
25261,7580.896598535717
25262,5624.279349344452
25263,5442.989337416368
25264,6246.799252424003
25265,5619.798103275678
25266,6766.762370345231
25267,7412.51469573559
25268,5723.997867029209
25269,7948.243574554064
25270,5295.107815346558
25271,5683.201390412932
25272,7489.752076964715
25273,8266.418831505287
25274,9139.511192646789
25275,6625.107749371587
25276,7229.418604936376
25277,5428.208858811431
25278,6916.136460456797
25279,12223.049552764316
25280,8805.097231467918
25281,7105.042476233364
25282,5678.976223759603
25283,6779.582167017243
25284,5763.562875888526
25285,5457.63304543949
25286,8422.856863008517
25287,7590.359654212841
25288,5971.629224887977
25289,7618.623392671702
25290,6484.5840801353825
25291,6241.735207237954
25292,6727.939112504608
25293,7308.962732698444
25294,6738.519023171263
25295,5656.575815432812
25296,6444.277916931412
25297,6922.997049868951
25298,8176.93578826963
25299,7036.38135907433
25300,7653.499941020606
25301,5445.113028411764
25302,7095.76558770416
25303,5775.980071669423
25304,6593.22829054129
25305,7005.40240067661
25306,7657.574363311397
25307,6194.894481323303
25308,7212.2637858425105
25309,7250.879777766509
25310,6243.209767964702
25311,6234.9665729051585
25312,6865.779800688883
25313,6602.1655349026905
25314,6234.800583960977
25315,7485.946035835183
25316,6974.8490293512505
25317,6140.861944695852
25318,9559.184973577389
25319,5526.582756977685
25320,5403.561533289229
25321,7277.019454748747
25322,8070.419631089316
25323,10118.301121126338
25324,6458.117801257676
25325,7520.767178121335
25326,6320.56847706004
25327,7815.211548662195
25328,6848.049629358518
25329,7071.706865415924
25330,4505.431423412497
25331,6940.018271205578
25332,6953.627655676789
25333,6555.00822925506
25334,5410.387728619881
25335,7332.272119624523
25336,7724.875029966628
25337,6693.579536859712
25338,8518.382531489318
25339,7079.966000394532
25340,8741.909935539908
25341,6451.7859507792955
25342,6434.355109473626
25343,6478.003111083214
25344,7796.047942963496
25345,7627.503072816199
25346,5750.11635615083
25347,8336.862515260458
25348,7177.776973623118
25349,6878.745184308893
25350,5912.901295998369
25351,5322.100173491411
25352,7138.358242132635
25353,6150.127539444147
25354,8899.741738596662
25355,6853.0445393169775
25356,6563.776919666528
25357,7862.066809757547
25358,7089.382983912715
25359,6577.150082724734
25360,7484.580234275491
25361,6551.410611397855
25362,8442.277151795412
25363,9144.247570392517
25364,7746.309756290019
25365,6755.920259462077
25366,6416.621546700624
25367,5641.678976443974
25368,4695.946085451913
25369,7863.136274778409
25370,6286.70412371221
25371,8436.165449742246
25372,6158.527684685864
25373,7164.8130502342
25374,6317.800260485035
25375,10944.026705829057
25376,6078.67867307263
25377,6330.041926680559
25378,6858.6159334566455
25379,7354.958568500561
25380,6321.059143258568
25381,8007.152933571153
25382,7353.217483653612
25383,9940.5440126144
25384,7093.185658503245
25385,7619.173367774641
25386,7195.251606911654
25387,6026.614303426779
25388,6120.283331132743
25389,9287.66669384949
25390,9282.206764247938
25391,6902.590469198277
25392,15329.714992513082
25393,7072.965728993444
25394,6665.526817962926
25395,6201.93739278291
25396,7779.520033450206
25397,8522.419342827958
25398,7213.184938438621
25399,7789.7303278229465
25400,8081.844790284736
25401,6480.434225301766
25402,6919.808189053027
25403,5979.614535712615
25404,6426.402340738757
25405,6284.747855250221
25406,5889.886772981001
25407,5977.030414814322
25408,7527.771899277215
25409,15949.89002615173
25410,7590.096724057311
25411,6109.132713528917
25412,7444.9753585268
25413,5504.010734818005
25414,6841.525906316233
25415,4855.736603762215
25416,9533.75408532452
25417,7218.933877690781
25418,7446.0391999506455
25419,11580.489364945865
25420,10299.811326220059
25421,7635.19873685611
25422,7339.586605066825
25423,5603.5730103744645
25424,6623.5080674759865
25425,7277.136404824988
25426,7525.149530187771
25427,5633.660465742818
25428,5368.685115158518
25429,5270.190281300643
25430,6110.1751520846365
25431,6607.618458941368
25432,6752.202573476928
25433,5573.466881252894
25434,7555.348639009083
25435,7020.222271731451
25436,7091.619756223823
25437,6038.116860248212
25438,5713.770758599636
25439,7397.286458144236
25440,5263.4531758826015
25441,9279.401369096911
25442,6086.85352416687
25443,5258.414362097797
25444,7336.83898108222
25445,6340.4609396303995
25446,5792.177209081728
25447,6376.919149633759
25448,6634.402765175732
25449,8904.873610466691
25450,8945.989191297536
25451,7077.695674168716
25452,5326.163195291083
25453,6770.516262919815
25454,7162.7316657596275
25455,6584.748778766396
25456,6539.317299817515
25457,7463.135445081695
25458,9817.965120389399
25459,7089.676739492058
25460,6957.394297135965
25461,7014.81048831091
25462,6140.925648341313
25463,8941.625629252494
25464,6508.732791215554
25465,11377.965268885433
25466,6472.63685176198
25467,5927.342287104534
25468,5938.518925867422
25469,5798.609234772217
25470,7568.962880417129
25471,15559.519683819326
25472,5116.957371039201
25473,6018.079060795515
25474,8934.927497383253
25475,7478.845127652214
25476,6981.923616104798
25477,7874.653403136457
25478,5964.255038397041
25479,5627.202004510151
25480,5453.12442176374
25481,8239.67896156419
25482,6053.195990969121
25483,7782.670929164123
25484,6750.220708020676
25485,5980.172624714674
25486,7915.213083933287
25487,6513.353200099262
25488,4725.765703794879
25489,8579.858016485772
25490,8264.25261379666
25491,5337.042374294367
25492,7760.010151630864
25493,6477.825326578274
25494,6006.3540547917655
25495,8468.993458272105
25496,6784.068775905107
25497,7245.145514643896
25498,5875.95477740051
25499,5834.301946598464
25500,6994.19122178123
25501,4465.654029854888
25502,7946.930494414798
25503,5478.95985178614
25504,6308.377886023353
25505,5563.670410842629
25506,6843.784891761755
25507,6219.209993065944
25508,7206.378319527631
25509,6666.42020997336
25510,7213.941352179166
25511,7003.0928743884415
25512,8001.998164484888
25513,6973.024047888721
25514,8994.649507069535
25515,8458.393354882075
25516,8874.904604749083
25517,5079.572992361061
25518,6779.698772510596
25519,7553.373915382618
25520,6030.141931007808
25521,8402.244341441568
25522,6410.333178163575
25523,8729.932001100538
25524,9424.874641989254
25525,8043.636838395643
25526,5630.30783954081
25527,8692.172293277335
25528,9119.029009162236
25529,6555.821317869919
25530,7388.409139958944
25531,8190.293633575164
25532,6758.43798902103
25533,7329.217063374691
25534,7117.741985523066
25535,6570.667418788628
25536,6565.637186916007
25537,6973.058897270988
25538,6391.191371072097
25539,6394.49165570558
25540,6991.4657580322355
25541,6983.518313247173
25542,7430.460232870545
25543,7491.695530703844
25544,7745.335814632722
25545,6922.903284042925
25546,8262.55021910366
25547,7029.623315770194
25548,6675.606319258527
25549,6819.7960488109275
25550,6859.370845661823
25551,7832.684471557694
25552,6784.107112112763
25553,6281.696386481118
25554,6800.967871254428
25555,7091.392810729783
25556,7160.183725968068
25557,6625.096423932183
25558,5906.890426951805
25559,6891.15736261649
25560,7250.376838468698
25561,6659.054031537182
25562,7186.991239628686
25563,7404.007891540144
25564,6275.978171330951
25565,6080.029231023118
25566,5027.954775809929
25567,6695.192532740289
25568,7345.6857068946765
25569,6878.9384956972035
25570,8170.452550148554
25571,8325.194851543214
25572,6383.687522068896
25573,7494.989377070585
25574,5940.4709938708065
25575,5594.938670032017
25576,7218.239466545852
25577,10204.352950754403
25578,7151.622896154902
25579,7817.530743088605
25580,6062.865173418239
25581,7424.596766336291
25582,8900.379540425967
25583,6332.629027493999
25584,7407.773633445966
25585,5825.214089889764
25586,5299.779084735262
25587,5928.82716035393
25588,6594.866341247415
25589,6414.246267128923
25590,5862.187582041034
25591,6750.749571880397
25592,5506.461470568684
25593,6772.724561636874
25594,7703.498723091801
25595,5903.216157589806
25596,7142.257591729936
25597,7420.312140324119
25598,5913.431417648231
25599,6828.810593886985
25600,7734.54818450271
25601,7673.527080505347
25602,6952.92373874224
25603,5761.510787574953
25604,12332.460090375069
25605,6208.688823970194
25606,6034.462077822084
25607,8404.111195341018
25608,8204.005635851248
25609,7867.751814222117
25610,7034.211437281122
25611,7300.268926722911
25612,8594.771351071517
25613,13554.985315205577
25614,5962.134603348077
25615,5813.342647207366
25616,6025.026804365406
25617,7685.358760868067
25618,6898.90390805744
25619,8341.189321836731
25620,7885.202802756434
25621,6250.716595515134
25622,5793.281717889768
25623,7020.4879697789665
25624,8150.376762524219
25625,5758.406913025437
25626,6939.4813029386905
25627,5251.319659368963
25628,6576.976006579584
25629,7661.388132452987
25630,7009.715631582829
25631,8358.981654620331
25632,6794.641136173541
25633,5674.870383802065
25634,7145.813251907868
25635,7537.029776484697
25636,7986.648627071929
25637,7382.334065916295
25638,7388.9644182002285
25639,6624.052583455518
25640,6429.219238489438
25641,9185.044945927673
25642,5970.539365122957
25643,9564.237676849945
25644,7250.65000496779
25645,5833.6138358484
25646,8247.126852277106
25647,6219.910572778195
25648,6993.871530643167
25649,7313.5985093282225
25650,4188.798234697428
25651,5673.395181885672
25652,6994.389871714995
25653,8942.323968747753
25654,8922.29206723132
25655,6139.071444130225
25656,7009.645871452503
25657,7149.739996482193
25658,7497.818659717207
25659,7004.136383857546
25660,9613.903015887186
25661,8063.727206756947
25662,10027.767136177874
25663,5486.954133109129
25664,5929.841020224549
25665,9691.734315232416
25666,9407.234184282765
25667,6240.842224196536
25668,9391.528241110162
25669,6288.389441232201
25670,6147.337059747267
25671,5846.455590771552
25672,6036.569505979854
25673,5846.465568070943
25674,5859.190978880436
25675,5333.009094448188
25676,5818.660376519404
25677,9350.895360171748
25678,7429.6197355316435
25679,20243.09999362585
25680,6210.517941818041
25681,6101.990938953089
25682,8057.404035600771
25683,10205.176824718552
25684,7200.291260743828
25685,8113.584702247381
25686,6524.795131587069
25687,8285.43213229696
25688,8113.305346403605
25689,5931.8971286978785
25690,6374.936532803546
25691,7678.73927988479
25692,8262.21444144371
25693,7062.967659048335
25694,7326.9241837994405
25695,6968.20619081192
25696,6168.568912660537
25697,8917.601696267524
25698,10202.372928574838
25699,11544.490146544413
25700,11601.470664297316
25701,8056.462364028112
25702,7363.139652478436
25703,7046.906577864141
25704,5279.063057970838
25705,9151.039858535027
25706,10370.830534281986
25707,9590.821819445504
25708,6671.6930161542905
25709,6216.723593194437
25710,6742.013986245619
25711,6916.221264033554
25712,9839.877440284645
25713,7233.653478723376
25714,6469.818980992681
25715,6017.412384474482
25716,8562.477679929829
25717,5638.865346960636
25718,7772.216136708476
25719,6056.177552273163
25720,7148.43087778545
25721,7392.634963336214
25722,6709.649868678271
25723,7484.577463605022
25724,7251.248276379641
25725,6579.063691935288
25726,7160.343730022902
25727,7021.493367948153
25728,11352.141868191682
25729,6847.540604046186
25730,10466.134388570967
25731,8090.139286434936
25732,8432.293680730174
25733,7739.951615400189
25734,9723.006980971953
25735,6090.744836505061
25736,7514.756011429847
25737,7490.741494314032
25738,7431.61068606067
25739,9502.712088952123
25740,7760.999344238263
25741,6162.799498357625
25742,7517.776006672897
25743,6913.835824077497
25744,11116.204709943631
25745,6501.536818611401
25746,11303.283539334514
25747,6101.356719263354
25748,6788.973547713408
25749,8368.887822753084
25750,6733.859127961345
25751,7197.409681706654
25752,8146.880034750098
25753,7568.39452849334
25754,7608.8099435486265
25755,6144.0621011087815
25756,7885.053845866017
25757,7379.865548316144
25758,7891.709968730963
25759,6322.805620009888
25760,7746.144318925471
25761,10170.21487906548
25762,7834.560349360715
25763,6298.845203601266
25764,7420.624202924625
25765,6837.200547503033
25766,8302.878555920392
25767,7509.533158781332
25768,6074.089668943457
25769,8079.771150151262
25770,7644.772253393982
25771,7152.96931777977
25772,8222.861533935225
25773,6135.306861188067
25774,6765.601327508749
25775,6216.584355064198
25776,7563.361473724367
25777,8583.12208650901
25778,6100.518824248217
25779,6504.53262351227
25780,7210.4165615908405
25781,6759.705525273495
25782,7097.257436539736
25783,7276.836557814675
25784,7153.341771332029
25785,7670.09737229473
25786,6152.87435212674
25787,6660.488804808386
25788,7346.139365735784
25789,9061.377349261638
25790,7929.933530654145
25791,8279.666292963133
25792,8714.027727082948
25793,6846.8044045819815
25794,8753.031361349806
25795,7479.663687165536
25796,8610.349938998917
25797,9042.755371718826
25798,6995.372475173609
25799,9799.00688389587
25800,8345.911162932283
25801,8469.096127404104
25802,7032.599652335857
25803,8703.875924339502
25804,7854.929283818916
25805,6446.66123811937
25806,5488.993012575993
25807,7434.860944459307
25808,8440.353687934256
25809,6916.5522687627
25810,6469.470261375895
25811,8958.122180294593
25812,7989.535253468268
25813,6972.82869128909
25814,6920.814813832692
25815,6936.361304835635
25816,8333.106384671762
25817,7720.315759619666
25818,7279.84984949135
25819,6155.014366059177
25820,7358.446322398254
25821,7668.8122717818505
25822,6322.616035121848
25823,7037.974531384933
25824,5896.899660726043
25825,8263.56881420842
25826,6687.972229538971
25827,6936.652222034361
25828,9078.627138735388
25829,7316.973111317472
25830,7285.681328591998
25831,12150.829033888822
25832,7337.8968476531
25833,7215.83504664616
25834,7569.997722954942
25835,6496.289493219341
25836,7489.9146819023335
25837,6803.765609384242
25838,8328.717142341926
25839,10281.003475799835
25840,6948.37574003933
25841,4619.5484261530155
25842,6330.3219652663065
25843,7494.990301157724
25844,8166.078344877086
25845,7644.391647312538
25846,7677.440987946313
25847,6166.608831324262
25848,6197.6192085502435
25849,6339.700743635384
25850,6211.515836291414
25851,6910.696905919264
25852,7453.297412196704
25853,7706.717958440231
25854,7485.828610905371
25855,7662.815790120051
25856,8542.703467951611
25857,7588.067970950005
25858,6408.800998351638
25859,8884.903428381325
25860,10362.508727669067
25861,7028.173687301682
25862,8666.995264479901
25863,7059.792423719068
25864,7503.831730139914
25865,6449.91106864906
25866,7692.613979635797
25867,6384.9049917553275
25868,8645.727907899985
25869,7467.665994952885
25870,9595.838394586588
25871,8891.63108345744
25872,7211.58755255663
25873,7758.438715527581
25874,19128.976390937238
25875,11742.224637097788
25876,8300.487824806594
25877,4719.345075639786
25878,6664.091125018645
25879,10202.667385038872
25880,6846.40116113227
25881,12991.927391770343
25882,17603.034705629805
25883,7382.493228885309
25884,6839.604007923069
25885,8301.129103157527
25886,7338.942869097865
25887,11014.963457739632
25888,7795.826873063425
25889,8291.836034423177
25890,4432.305374770204
25891,6897.658680921497
25892,7144.643867002243
25893,8085.324640484101
25894,8141.6097086716545
25895,6428.360007848061
25896,7782.933403507347
25897,7245.541316385387
25898,6656.272393517231
25899,7436.247429404749
25900,7287.539284207059
25901,6379.699475730921
25902,7093.509866453863
25903,7605.334364373196
25904,6703.215729109816
25905,7047.865354938755
25906,6737.5404543537625
25907,7541.366457798914
25908,9098.701521095163
25909,7188.840123188169
25910,8629.908950641486
25911,7873.717019485067
25912,5749.983025735084
25913,8148.640804456292
25914,7389.063344287922
25915,6024.316866004406
25916,6515.783727080425
25917,7385.419620514973
25918,7157.879314653543
25919,7538.474496240475
25920,8310.621711724816
25921,7415.615649520235
25922,6008.918567190611
25923,6575.389954628739
25924,8706.534796816823
25925,6634.19644001317
25926,7332.156019571197
25927,16174.264332618683
25928,7460.074982486709
25929,7371.02145612068
25930,6692.955642111896
25931,6624.716104274589
25932,7114.988448315025
25933,5764.240043540021
25934,7385.805105811873
25935,8558.032603934991
25936,6105.512591061535
25937,17857.17243011769
25938,11886.781560612948
25939,6428.594844459543
25940,7475.056332506114
25941,6714.563115282521
25942,8045.494801517392
25943,8250.05253217164
25944,11108.142168662915
25945,8142.609393267694
25946,8645.627278584121
25947,7943.388836261203
25948,8035.866283734248
25949,6289.560347712553
25950,9720.364322943824
25951,7148.008133848693
25952,7137.204876501088
25953,6631.294199259563
25954,5994.2571313030985
25955,9372.266313787712
25956,8701.52624208431
25957,6705.005780684482
25958,9664.342117776068
25959,7827.317707455477
25960,11326.73112784211
25961,5929.509155959353
25962,6354.0335628494895
25963,7604.638511638329
25964,9173.53620033546
25965,7780.408650546668
25966,7368.818227341143
25967,7956.106730726885
25968,7637.289941749505
25969,6151.518567397418
25970,9188.894037523767
25971,8205.831528305567
25972,6797.759207322499
25973,13787.48931185586
25974,18629.50126304765
25975,8473.103841510621
25976,8365.060579677314
25977,10824.370202038128
25978,10604.569999155556
25979,10227.625089457957
25980,7873.514228267445
25981,8938.072500857328
25982,7329.140609483261
25983,8301.749856317598
25984,6512.057619728895
25985,7806.592426933519
25986,6411.455301023311
25987,6706.696987753685
25988,7282.775143908549
25989,5874.49290189985
25990,6143.467732569899
25991,6661.241110187506
25992,6031.579885227789
25993,5821.240317626096
25994,6574.661308920284
25995,7904.671110246757
25996,8862.247005042513
25997,8304.668608712742
25998,8844.823199691029
25999,7153.843938388767
26000,7668.6269588617315
26001,9353.027507254305
26002,7773.902881178553
26003,6257.267391871004
26004,6685.010316238918
26005,8568.279036905107
26006,6703.532107940246
26007,6911.087056316231
26008,6238.381272848606
26009,7368.212674748441
26010,9886.305345208835
26011,6534.214343085827
26012,7945.882063570821
26013,8460.955181494877
26014,9233.866488391823
26015,10751.034586195776
26016,7180.11900931756
26017,9199.781469281554
26018,6148.229067172638
26019,6713.202297570004
26020,7240.9600654197575
26021,6142.271105018689
26022,8542.29828294357
26023,6780.284672582187
26024,8106.762184980183
26025,8683.739215063591
26026,9216.283822735586
26027,8554.449668568812
26028,6624.8646338382
26029,6899.453461060034
26030,9593.027397346625
26031,7884.978264087073
26032,9374.095818216658
26033,6912.115024606157
26034,7441.394765366357
26035,9113.234793374651
26036,6845.067872020929
26037,7996.253360891448
26038,8221.189922362853
26039,8603.759358782485
26040,13631.340933400665
26041,7427.7472064308795
26042,13586.62036715271
26043,7110.975656878921
26044,7138.789484872539
26045,5997.448554282251
26046,8367.47277956714
26047,7186.500634874662
26048,6190.93926356328
26049,8398.197967995957
26050,6574.842365324176
26051,5644.579351132161
26052,6766.343261133852
26053,7025.412003549368
26054,7649.5949050808
26055,7057.789566106792
26056,7919.878021615798
26057,7451.88530807641
26058,6884.156330109122
26059,8635.512434070115
26060,6631.576673406266
26061,6339.903685180873
26062,6756.017078754183
26063,8457.67347903778
26064,11610.370542576351
26065,7777.158372863963
26066,6579.515266646846
26067,7059.95152500128
26068,7901.425596297822
26069,7482.486670851817
26070,7219.728760954011
26071,8385.548484675252
26072,7239.560745293854
26073,6087.869653552416
26074,6908.573663350006
26075,7929.503152128754
26076,7084.352784137352
26077,7715.921111005306
26078,6645.875126999912
26079,6584.614580869488
26080,6290.846752091729
26081,7016.598555690357
26082,8000.34943002197
26083,9088.617786190965
26084,9504.275394318596
26085,12707.669125849548
26086,8474.45990775442
26087,7128.99889116694
26088,7500.030035091429
26089,10070.199711630868
26090,9323.74083783015
26091,7644.262712933158
26092,8020.522609227199
26093,9095.124221674852
26094,6880.074933343332
26095,6439.435913435773
26096,9778.382376928172
26097,6937.873155213972
26098,8149.470446405465
26099,7097.065687268053
26100,5531.370355378113
26101,10911.930286667088
26102,6381.439448963374
26103,7228.338303020367
26104,6823.1598605764775
26105,7137.490999515288
26106,7519.91854961358
26107,7901.529418434548
26108,7218.865183816645
26109,7098.037916629149
26110,6074.620907995419
26111,6356.229734816097
26112,6490.823216683588
26113,7970.909436649928
26114,20437.607750362957
26115,6099.580786654196
26116,6546.052199191068
26117,7889.094542096186
26118,6005.174287650942
26119,5825.269110127796
26120,6388.377105578373
26121,6156.456141855681
26122,7140.671408090587
26123,7614.356818642155
26124,6148.357787047176
26125,8631.199621553922
26126,5719.467735364525
26127,6124.409269628006
26128,8101.127931735651
26129,8867.700277765727
26130,9898.260092414843
26131,7291.446911938828
26132,8216.627599723963
26133,5730.7315739668575
26134,7266.373529957384
26135,13463.23516255282
26136,9038.12759625564
26137,7536.358416820835
26138,6166.485277729478
26139,6935.035523432891
26140,6204.7707551036
26141,6087.380453849964
26142,8887.018302314846
26143,8340.406174940608
26144,6344.043487470149
26145,8243.109460709824
26146,6856.391708714914
26147,6727.78991064485
26148,7345.736458494873
26149,7920.3385874693795
26150,7110.326651750795
26151,6234.9940170873415
26152,6949.850588849228
26153,7127.4851941903835
26154,8882.14732323877
26155,7527.115913255381
26156,8094.910290118577
26157,5869.472948429731
26158,7297.607710610725
26159,6480.778405540977
26160,7161.953703792318
26161,7548.754172667888
26162,8226.29977656243
26163,6619.25440134127
26164,7664.146279072381
26165,7819.6051910175365
26166,6585.393647956848
26167,6592.168633942149
26168,7452.06222738788
26169,6973.973163482222
26170,6617.080356672405
26171,7687.788158741746
26172,7630.845881865267
26173,6807.201107263093
26174,10000.595322675374
26175,5953.643494785356
26176,5797.8149233308695
26177,8115.552219896048
26178,8452.69940380074
26179,11011.00099723862
26180,7036.536002912205
26181,8089.492591372366
26182,6744.928397078007
26183,8672.278992717514
26184,7049.891752265084
26185,7365.339888243242
26186,5040.620714109512
26187,7346.492313483599
26188,7158.113888126837
26189,7171.927420333148
26190,5834.747648637848
26191,7776.328490137362
26192,8430.086564935751
26193,7262.304950110732
26194,9411.0824076016
26195,7434.558225599454
26196,9256.200722506723
26197,7246.237524490378
26198,6858.715029491592
26199,6841.341035941735
26200,8430.628419512115
26201,8051.862992834165
26202,6174.476276168797
26203,8434.161203935702
26204,7555.127938509798
26205,7261.024957020321
26206,6718.910860999119
26207,5699.634236333107
26208,7431.991264959953
26209,6523.158252706169
26210,9414.032525563476
26211,7464.420394087913
26212,7420.844363721839
26213,8136.789370532954
26214,7946.450427968035
26215,7144.051612619448
26216,7871.17073780716
26217,7010.51518509156
26218,9259.39126641767
26219,9591.832951733182
26220,8639.009632402298
26221,7120.110718935442
26222,6793.972511587306
26223,6147.25164836179
26224,5553.0135295072305
26225,8406.488046769684
26226,6625.671533869646
26227,9001.448935851942
26228,6535.878649572546
26229,7959.264623945282
26230,6778.751934659771
26231,11894.531184713142
26232,6280.520795979193
26233,6777.627308021218
26234,7006.765405961727
26235,7984.705976911036
26236,6522.901266165133
26237,8793.134803561243
26238,7843.952037834663
26239,10797.611456669718
26240,7295.02778140981
26241,8060.583716872612
26242,7626.567547499125
26243,6656.361711837253
26244,6492.090959712273
26245,9729.077042947452
26246,10165.802383554224
26247,7366.751908504583
26248,15904.148302111184
26249,8079.341533220322
26250,6875.796304723948
26251,7094.637268895193
26252,8220.930382548171
26253,8882.022795886012
26254,7824.560793209557
26255,8231.140676920908
26256,8625.227388272695
26257,6904.794145319733
26258,7263.717462822426
26259,6356.965500599297
26260,6807.297279045246
26261,6701.176481572831
26262,6468.30497463553
26263,6401.390334832289
26264,7924.635125150926
26265,16184.404339706885
26266,8158.822137308351
26267,6667.763718269444
26268,8337.675234639082
26269,5861.2127958549945
26270,7272.841846903704
26271,5457.832949698871
26272,10452.526191728288
26273,7660.344226788752
26274,8014.764613201672
26275,12149.214778196889
26276,10314.85667630219
26277,8263.806085891907
26278,8084.000597794181
26279,6038.317517282034
26280,7480.575511531302
26281,7772.876138097375
26282,7726.9916530943365
26283,6015.940238454246
26284,5762.331871197518
26285,5887.987627290908
26286,6312.0172749912
26287,7066.723032635073
26288,7130.71648858688
26289,6142.192294503911
26290,7996.758988107045
26291,7686.561434298692
26292,7886.071329934905
26293,6655.0360513263
26294,6006.427963625803
26295,7966.0118713952725
26296,5687.813095900568
26297,9848.126782347937
26298,6703.77271524496
26299,6037.1448919013255
26300,7701.029440555584
26301,6642.983654785824
26302,6001.594161227905
26303,6971.2445919469965
26304,7390.327475029785
26305,9653.61287085047
26306,9656.949351607866
26307,7519.106023266688
26308,5948.10930957476
26309,7400.263671330289
26310,7621.836239453332
26311,7014.556583369453
26312,6831.974504843683
26313,8022.548994727442
26314,10182.155579862761
26315,8043.487235904815
26316,7516.025301876492
26317,7671.055242367651
26318,6758.722994331578
26319,9510.35104250351
26320,7348.923094015194
26321,12285.779969600728
26322,6858.663764182482
26323,6267.809633732607
26324,6477.048272644492
26325,6367.334648023245
26326,8198.710288827597
26327,16167.437426900573
26328,5541.3172910571675
26329,6389.886689375046
26330,9298.265422241779
26331,7885.319169930224
26332,7679.184825330184
26333,8330.283036075401
26334,6429.898347174767
26335,5984.404065547142
26336,5835.404194475169
26337,8906.01812413142
26338,6434.0909292756105
26339,8368.95335586311
26340,7089.188118178112
26341,6361.067563021164
26342,8516.494530193722
26343,6954.763549197233
26344,5080.3579289998015
26345,8943.195941344302
26346,8911.052857207815
26347,5761.402294312334
26348,8204.066522143692
26349,6849.632955157804
26350,6437.669995379237
26351,8759.215029491019
26352,7225.4791250030785
26353,7735.880068824947
26354,6462.237204099505
26355,6220.328859018964
26356,7458.352661087536
26357,4843.00499474157
26358,8515.655907665823
26359,6371.659727898423
26360,7013.176219894907
26361,6149.952837541626
26362,7285.195240859726
26363,6848.069623095196
26364,7775.103732778644
26365,7460.871783684443
26366,7579.866245561847
26367,7464.044548563177
26368,8390.444651190986
26369,7865.723924000993
26370,9851.716951124854
26371,9027.118768133116
26372,9503.511953784864
26373,5068.520704205589
26374,7323.050544501874
26375,8122.099328633646
26376,6715.038076869073
26377,8843.654690539543
26378,6614.819410613623
26379,9586.999445155849
26380,10281.942086044573
26381,8719.915883918578
26382,6054.667759558777
26383,9056.362752750701
26384,9677.660013902758
26385,6971.676172189449
26386,7990.707221728991
26387,8765.473264871556
26388,6966.989971426089
26389,8186.2845074300185
26390,7784.081148090308
26391,6995.027338806595
26392,6989.997106933974
26393,7589.9780883490785
26394,6830.005607123037
26395,6843.125160945842
26396,7265.401220978902
26397,7590.240505152629
26398,7781.967311896996
26399,8038.283505831077
26400,8580.265820564224
26401,7264.956305392494
26402,9124.008400286146
26403,7370.823802504919
26404,7322.40656266967
26405,7426.518240716384
26406,7364.830283201614
26407,8587.304087025555
26408,7401.0263031908535
26409,6683.918868375289
26410,7060.684050360124
26411,7522.708751317255
26412,7800.376911329862
26413,7171.684399059415
26414,6309.112908845977
26415,7328.124498186399
26416,7347.675527143935
26417,7347.876753723708
26418,7538.498318655137
26419,7845.418240638115
26420,6938.73687906842
26421,6481.81256099165
26422,5430.1772577041
26423,7124.874217518951
26424,7787.096055992648
26425,7683.30687399083
26426,9132.199834729834
26427,8931.664762455199
26428,7003.642101973009
26429,7836.18986380531
26430,6218.850198846996
26431,5997.161151926189
26432,7491.361795121065
26433,11074.915388742887
26434,7492.823382889627
26435,8544.132565348586
26436,6499.832308988148
26437,8068.798490779736
26438,9897.723185977904
26439,6764.708341684505
26440,7769.277745018456
26441,6176.10736502799
26442,5982.43998048302
26443,6331.049642248101
26444,7202.476311534094
26445,7018.414310274275
26446,6264.4100639352055
26447,7010.465750986093
26448,5921.028562080289
26449,7113.925048371599
26450,8574.061161080283
26451,6318.292274825928
26452,7786.459316173382
26453,7890.539820012949
26454,6367.632218376447
26455,7645.205920910491
26456,8083.917619630813
26457,8037.9801459132195
26458,7212.639917847936
26459,6133.754431449668
26460,13662.82275841255
26461,6660.209636208325
26462,6550.249524023249
26463,8884.858440291327
26464,9014.984890834648
26465,8426.378294480552
26466,7501.541802077667
26467,7941.573875363512
26468,9389.120841188882
26469,14045.363008109276
26470,6808.7462903884525
26471,6429.40739179923
26472,6284.742983471102
26473,8388.874484471951
26474,7500.185354317876
26475,9035.284609836723
26476,8433.246999608042
26477,6709.215610884655
26478,6178.869081056598
26479,7848.549666472825
26480,8614.538201830528
26481,6143.994276192267
26482,7257.536962712337
26483,5940.908230090568
26484,7028.4968188177145
26485,8543.61694011183
26486,7377.74598130169
26487,8993.421487891144
26488,7162.671485892402
26489,5831.191981683175
26490,7557.646014873723
26491,8281.905678416942
26492,8626.841812433713
26493,7750.364415635157
26494,7830.3747672982
26495,7388.623879249096
26496,7002.637076600805
26497,10073.950285281277
26498,6323.031095937764
26499,10155.212528409287
26500,7692.060354065763
26501,6004.154717570481
26502,9118.192488467916
26503,6626.795224717916
26504,7361.901880362028
26505,7682.4813936619275
26506,5138.377000338792
26507,6022.70039948908
26508,7209.781641271758
26509,9830.612012914371
26510,9351.344412109627
26511,6295.393042011336
26512,7907.038172425125
26513,8047.132297454813
26514,7941.875030230044
26515,7469.780482892622
26516,10239.498154499084
26517,8637.1450448683
26518,10902.559418691453
26519,5818.784572970358
26520,6375.741324299964
26521,10178.60597194718
26522,10407.593563856373
26523,6704.639222750582
26524,10201.563322896762
26525,6717.441786110508
26526,6392.038105940722
26527,6556.859775600152
26528,6775.752780491328
26529,6214.4959177898045
26530,6288.243323758744
26531,5688.113528593123
26532,6247.712721397712
26533,10186.64173357316
26534,8336.512896196522
26535,20696.28104532781
26536,6509.11749786561
26537,8080.079179056901
26538,9584.848992823701
26539,11739.979306254183
26540,9223.69181484897
26541,9852.817630107287
26542,8552.510087392424
26543,10154.49302245022
26544,9982.36623655685
26545,8132.136007487319
26546,8400.57325022468
26547,9551.96372265197
26548,10001.447369303625
26549,8829.31159997008
26550,9392.719944413953
26551,8835.86900543211
26552,8194.205630081668
26553,10741.634196290544
26554,12035.438328148644
26555,12387.995192093813
26556,13005.514798765009
26557,9835.854335081398
26558,9147.287379918607
26559,8826.298548917432
26560,7422.211418525523
26561,10831.631114693944
26562,12244.05497704917
26563,11459.882709598758
26564,8700.159690903207
26565,8351.670435615177
26566,8760.1907487303
26567,8825.441197380182
26568,11795.10614702216
26569,9295.134837637663
26570,8533.378578291215
26571,8074.867821722302
26572,10475.438767241438
26573,7627.172978516172
26574,9542.528000417433
26575,8119.737149571686
26576,8981.496277359265
26577,9301.854896682853
26578,8547.757903824422
26579,9337.937782289613
26580,9084.313675953448
26581,8474.963855988211
26582,9188.058685828264
26583,8944.163261219352
26584,12532.311973423542
26585,8909.021962960474
26586,11208.169081689879
26587,9479.067221224046
26588,10299.956495350369
26589,9513.263469300113
26590,11215.486274020344
26591,8116.381553926201
26592,9195.347267588764
26593,9677.336100398776
26594,9332.840443045945
26595,11296.064256964457
26596,9670.219277584889
26597,8190.514454162984
26598,9544.241006978826
26599,8902.37794450603
26600,12308.979498825373
26601,8492.157177424157
26602,13193.516782550167
26603,8163.999731182741
26604,8792.863831299812
26605,10496.386807420931
26606,8672.919366675322
26607,9093.249911976915
26608,9768.487464666629
26609,9323.126499907683
26610,9151.91801139093
26611,7997.422419793374
26612,9817.005745063947
26613,9186.368532431283
26614,9773.196785917944
26615,8089.1495609316535
26616,9675.356329064101
26617,11949.606850118766
26618,9573.793277220613
26619,8136.953238747404
26620,9293.848645691816
26621,8766.412557641663
26622,10010.777399833172
26623,9382.75760154852
26624,8031.380360126854
26625,9859.163121204543
26626,9384.005181253886
26627,9133.586675220191
26628,10009.946548776672
26629,8064.518871326708
26630,8678.350671300419
26631,8260.633681843987
26632,9436.585916491562
26633,10523.580400756071
26634,8039.5790629622015
26635,8404.391590351559
26636,9119.636494937473
26637,8736.008481013698
26638,8927.677098664139
26639,9217.294872061722
26640,9157.23205491844
26641,9539.158262447983
26642,7959.3773362418715
26643,8589.70081494702
26644,9354.917743317628
26645,10843.606248534164
26646,9810.560842024572
26647,10152.890735730332
26648,10493.41969813624
26649,8890.853731361773
26650,10572.456183167094
26651,9345.443727964808
26652,10334.054646137904
26653,10865.143314184726
26654,8975.989832614034
26655,11538.239811755784
26656,10207.661841177389
26657,10410.12813394638
26658,8802.911516044816
26659,10443.108852199415
26660,9728.153726586104
26661,8450.551521705778
26662,7544.986622296685
26663,9281.043209219992
26664,10317.657925446918
26665,8843.516688724161
26666,8409.92857562294
26667,10863.309545343709
26668,9805.021969645306
26669,8885.403877999679
26670,8816.0736262074
26671,8797.54119117033
26672,10013.697640830676
26673,9690.844769279767
26674,9258.372038481031
26675,7961.51735017431
26676,9259.319285747148
26677,9448.204242835145
26678,8297.140450660854
26679,8836.902875424248
26680,7947.797281923931
26681,10204.600820750695
26682,8691.86251312538
26683,8877.110536281409
26684,10951.851581502578
26685,9182.753152116746
26686,8837.607636966493
26687,12797.802327821795
26688,9233.15566002781
26689,9069.195365330754
26690,9499.209733093572
26691,8162.7267831208055
26692,9269.306652955625
26693,8803.341491270428
26694,10131.110279888457
26695,12181.876439148724
26696,8781.44113961315
26697,6733.878016690246
26698,8044.89489348729
26699,9368.214743924922
26700,10142.381300617302
26701,9493.919025546222
26702,9556.161568187927
26703,8105.87512241339
26704,7963.963149472
26705,8205.480784434661
26706,8140.727846430059
26707,8665.428877333617
26708,9326.5218549639
26709,9572.497999239504
26710,9391.015975954475
26711,9529.278581124823
26712,10101.391428088522
26713,9367.459942003301
26714,8279.379703669425
26715,10750.683469180605
26716,12263.847657197144
26717,8964.317599848513
26718,10393.650069055951
26719,8823.07443520499
26720,9267.113741625833
26721,8489.64599372863
26722,9462.14084605549
26723,8365.52234919576
26724,10326.319164058901
26725,9402.617884341787
26726,11177.284765381657
26727,10772.487114371068
26728,8981.899416265585
26729,9542.538679516472
26730,17920.045587858513
26731,12967.52991696634
26732,10050.442051500759
26733,6761.421492475142
26734,8586.76101828986
26735,11661.075594954818
26736,8883.157704943515
26737,12318.85648580925
26738,16402.984427146373
26739,9251.55411903857
26740,8775.747920469894
26741,10240.395394246656
26742,9239.815832446755
26743,12402.082011852071
26744,9466.722350899794
26745,10031.068962283103
26746,6227.5811805048725
26747,8954.5360560879
26748,9011.106658007018
26749,9824.557568344018
26750,10014.834151438848
26751,7956.227212156268
26752,9562.325374560636
26753,9185.999630632434
26754,8636.889750957662
26755,9341.434794453855
26756,9181.909628451705
26757,8294.555113616092
26758,9097.97384233549
26759,9529.946220047255
26760,8671.835063498283
26761,8954.0280786298
26762,8789.925565542562
26763,9476.050825965855
26764,11197.392746679621
26765,9016.084181223003
26766,10444.819220894316
26767,9612.949947344983
26768,7603.343344419674
26769,9749.342661190874
26770,9254.843385087195
26771,7877.677184688998
26772,8515.359608966615
26773,9389.309904101381
26774,9127.420618631326
26775,9304.818437162234
26776,9991.212967883732
26777,9356.647656062501
26778,8109.509525564116
26779,8362.474969470195
26780,10710.998772698453
26781,8614.813797453595
26782,9145.357295062418
26783,16806.672897855824
26784,9326.537773491475
26785,9249.231749584902
26786,8662.496946089675
26787,8593.335438663054
26788,9099.974346915638
26789,7570.118992487623
26790,9254.86599596513
26791,10297.265531794908
26792,7958.8729097461255
26793,18240.096576156677
26794,13201.612559926927
26795,8354.628516529334
26796,9344.117222659374
26797,8480.90705620428
26798,9784.727729377311
26799,9948.342714326005
26800,13095.991230111245
26801,9836.215855691427
26802,10585.811852182345
26803,9706.621308915128
26804,9775.099211594168
26805,8063.188511127322
26806,11373.06558260206
26807,9103.328840573633
26808,9045.604888270222
26809,8437.797183374705
26810,7229.08019685313
26811,11135.548325273627
26812,10440.759169944224
26813,8571.468571689247
26814,11532.593948615257
26815,9606.709678508765
26816,11006.949050515375
26817,7638.318276541782
26818,8363.114121778677
26819,9384.030482691613
26820,11080.110396232683
26821,9559.80062159996
26822,9308.185648871426
26823,9862.680926624107
26824,9510.51438451669
26825,8024.743010164606
26826,11024.056556272686
26827,9945.064456165475
26828,8717.8089648495
26829,15747.134368121706
26830,18023.130276914933
26831,10436.27368986283
26832,10333.353889043818
26833,12544.447885096562
26834,12547.84849120926
26835,12025.931393337729
26836,9922.343933276537
26837,10881.350992911033
26838,9108.532580536548
26839,10221.79961384461
26840,8448.36606189702
26841,9641.75494568244
26842,8279.118115643503
26843,8621.858651285242
26844,9162.66585824217
26845,7640.836842821606
26846,8046.990512607036
26847,8587.274782257302
26848,7983.5974928673095
26849,7830.320876555279
26850,8483.88124226692
26851,9667.699220327033
26852,10641.6389760958
26853,10177.893051479934
26854,10525.414455849945
26855,9027.068381155957
26856,9448.01892991502
26857,11092.26043511421
26858,9642.963771331808
26859,8231.07043566558
26860,8512.109387203667
26861,10421.639355589707
26862,8442.765035800156
26863,8820.306989662868
26864,8001.66328433453
26865,9076.564044470617
26866,11585.543321245701
26867,8474.945066525186
26868,9490.426102288182
26869,10282.725428991025
26870,11013.25845944511
26871,12595.83237797979
26872,8967.204024159017
26873,11141.368124061319
26874,7993.026858956652
26875,8657.473990738905
26876,9165.324224646973
26877,8151.351663947878
26878,10250.64965266576
26879,8677.053372717983
26880,9787.353441139086
26881,10422.972142923496
26882,11031.194092988417
26883,10366.790841304603
26884,8528.387413875318
26885,8765.868613763882
26886,11380.112412188071
26887,9664.370235140352
26888,10833.343008460997
26889,8761.770741537104
26890,9411.7821335745
26891,10808.900906141283
26892,8754.28780536756
26893,9836.45099821088
26894,10000.581893416156
26895,10342.992286642399
26896,14591.348120656563
26897,9201.0590603308
26898,14649.5064002132
26899,9059.534711841434
26900,8912.101338772456
26901,7836.459200897327
26902,10244.51584334128
26903,9175.632746417654
26904,8113.609156834506
26905,10112.770896216922
26906,8448.066808091358
26907,7564.055416363938
26908,8639.567703901033
26909,8764.644931409273
26910,9569.07097031258
26911,8864.292550221931
26912,9823.40080165292
26913,9361.105241423043
26914,8839.477036834058
26915,10316.10369022903
26916,8551.052738638045
26917,8298.569069031533
26918,8629.24152152137
26919,10138.264735196695
26920,12803.39687603532
26921,9491.828555062895
26922,8492.237251977296
26923,8911.559576584303
26924,9734.490995871633
26925,9351.54756100507
26926,9118.937139290916
26927,10124.78141253516
26928,9107.812576133038
26929,7617.7605105668
26930,8776.236477970193
26931,9795.965943133519
26932,8753.890878262946
26933,9576.991824797205
26934,8519.099569767097
26935,8416.281904910229
26936,8057.190693013502
26937,8611.568477858458
26938,9873.57387278915
26939,10875.702801032407
26940,11283.66736537188
26941,13843.183373045777
26942,10296.230155250558
26943,8927.92723520625
26944,9239.26296295133
26945,11750.790967789784
26946,11062.973765690058
26947,9587.94453616366
26948,9940.877766200665
26949,10819.325447196212
26950,8783.59771338045
26951,8313.73070833761
26952,11697.858442159946
26953,8847.093088560607
26954,9830.06170256437
26955,9012.227350799605
26956,7410.247073202134
26957,12636.131512188445
26958,8155.067612378133
26959,9007.730274073654
26960,8562.39278843639
26961,8953.623854573132
26962,9259.151477473493
26963,9761.044719757256
26964,9012.868024512005
26965,8812.70809882808
26966,8015.3516314347935
26967,8222.229621531158
26968,8404.525335835262
26969,9866.299194537982
26970,20673.77309707259
26971,8019.056851885981
26972,8419.276641958255
26973,9832.111739979213
26974,7976.753679017014
26975,7834.349669056979
26976,8261.60154834556
26977,8084.863853246809
26978,9151.303012103237
26979,9487.581261409341
26980,8067.833852278961
26981,10511.55630206674
26982,7689.940296183793
26983,7890.7532105497685
26984,10063.555965705504
26985,10779.56393029859
26986,11388.001888962559
26987,9171.337626272452
26988,9929.991731314227
26989,7624.604962836761
26990,9029.655541443308
26991,13814.040657071107
26992,11016.380719935943
26993,9292.526359110243
26994,7985.024325436309
26995,8808.259966200076
26996,7971.114696025358
26997,8022.582065471302
26998,10674.103317156287
26999,9994.42788558847
27000,8262.121477168874
27001,9795.035769084308
27002,8811.712415439853
27003,8679.358086478322
27004,9309.73822553121
27005,9840.38834499638
27006,9116.643854063219
27007,8130.78830445885
27008,8916.008747968277
27009,9000.709636957568
27010,10818.100653803647
27011,9340.317188746596
27012,9874.302261171864
27013,7910.225773006449
27014,9170.83215337791
27015,8660.758051672492
27016,8901.186631652228
27017,9424.222759185257
27018,9965.532704422336
27019,8609.010730330509
27020,9437.458132972304
27021,9558.838118877446
27022,8526.124371396218
27023,8398.671618057286
27024,9365.764346539554
27025,8980.290365794646
27026,8478.032978149917
27027,9554.250949746513
27028,9601.892134979758
27029,8738.088317184203
27030,11779.987293728658
27031,7766.844770276568
27032,7651.175242015462
27033,9827.31743064974
27034,10269.644546563835
27035,12660.683662150997
27036,8881.333794696213
27037,9828.725519232272
27038,8664.404462309793
27039,10385.643124307779
27040,8916.354543269848
27041,9271.914084140475
27042,7068.183793163537
27043,9088.07907192769
27044,9067.333821473474
27045,9056.88425531054
27046,7805.220209457121
27047,9555.720461190647
27048,10315.043399913147
27049,9001.537877970648
27050,11183.90077020934
27051,9241.061209714595
27052,11035.592693560011
27053,8887.021748585032
27054,8710.32308107462
27055,8674.406435515548
27056,9966.974835591998
27057,9954.467540004678
27058,8093.952341400591
27059,9501.976828670868
27060,9446.895033286204
27061,9179.102946719038
27062,8461.4420221662
27063,7465.978177254862
27064,9341.211198306586
27065,8442.634317937955
27066,11193.424496616764
27067,9410.806647563455
27068,9184.247100274899
27069,10010.013813300144
27070,9731.078190430757
27071,9103.686721044613
27072,9740.231627960422
27073,8929.991250323348
27074,10637.34295034801
27075,11371.359715035962
27076,10260.715280325869
27077,8989.171609088697
27078,8734.387065597079
27079,8166.219036783454
27080,7509.76849826691
27081,10254.891873523255
27082,8463.135145923554
27083,10740.681863711856
27084,8546.510253585204
27085,9651.045343627427
27086,8744.910093778815
27087,13501.232688211385
27088,8094.300009899604
27089,8788.258912033863
27090,8985.018529642035
27091,9810.283214279652
27092,8445.571159436355
27093,10290.758147322804
27094,9657.153313325885
27095,12355.384864103453
27096,9161.490572414581
27097,9839.975687925906
27098,9396.87941120808
27099,8591.56332345859
27100,8403.53111238287
27101,11571.776036147105
27102,12308.126939505448
27103,9153.836923346038
27104,14305.380560987223
27105,9670.6389194527
27106,8743.459119344143
27107,9049.529561120471
27108,10000.322353601468
27109,10755.247238653194
27110,9725.389996321166
27111,10005.820535214534
27112,10404.619359325983
27113,8805.049656136127
27114,9117.07778150703
27115,8346.097612142295
27116,8759.656115995922
27117,8707.493683885259
27118,8364.09926200703
27119,8375.939020580563
27120,9777.995443835534
27121,17340.859112455684
27122,9898.055065168246
27123,8466.692062308759
27124,10096.513443051315
27125,7667.715779970128
27126,9100.085904938536
27127,6975.007790239451
27128,12022.070400848956
27129,9439.736197842036
27130,9730.428815225341
27131,13888.447706056797
27132,11961.550258397563
27133,10114.287321180738
27134,9960.302267954747
27135,7801.599528767959
27136,9205.555377898228
27137,9449.418865873064
27138,9600.21609586152
27139,7930.07059420948
27140,7535.960034612265
27141,7851.989394327249
27142,8143.684599031948
27143,8997.814832643524
27144,9037.290684484113
27145,7881.425222363839
27146,9776.150959160335
27147,9617.448644219798
27148,9571.090397854628
27149,8630.396706141008
27150,7911.917087272386
27151,9705.244799255177
27152,7618.904895909025
27153,11587.359710207846
27154,8639.752609248848
27155,8325.054628029153
27156,9567.444593259434
27157,8548.472778432397
27158,7833.261485268656
27159,8678.04791965248
27160,9415.822965027766
27161,11544.807003757383
27162,11630.21483797182
27163,9298.497994319972
27164,7581.428022711163
27165,9296.057958701786
27166,9552.92803946178
27167,8745.416053815805
27168,8737.463628490255
27169,9719.329539133796
27170,12051.216470016012
27171,9808.812406399005
27172,9232.03420097252
27173,9553.481584133595
27174,8683.344000557085
27175,11249.583970363423
27176,9118.309209619554
27177,14181.574256972228
27178,8817.756000335672
27179,8121.169952417212
27180,8428.61644847796
27181,8081.907576244218
27182,10094.5045761991
27183,17343.267838594984
27184,7546.702265997492
27185,8396.203891687466
27186,11131.330821815585
27187,9747.697359159076
27188,9500.369610486416
27189,10103.594889975318
27190,8440.529951187422
27191,7790.9070496622735
27192,7749.534550230398
27193,10772.864573602768
27194,8491.579230350222
27195,10282.655475014792
27196,9021.656805973758
27197,8331.540123840432
27198,10470.820235722953
27199,8728.075403097153
27200,6886.860913114933
27201,10776.261340918105
27202,10609.638976146933
27203,7766.787269252658
27204,9983.458493196986
27205,8809.80774489698
27206,8369.746070584215
27207,10668.43496283765
27208,9004.87109605636
27209,9549.081344316168
27210,8358.05805491
27211,8218.801855982972
27212,9245.43767592899
27213,6888.54901287527
27214,10254.888835525731
27215,8200.587641990911
27216,9132.30258855921
27217,8085.154449162959
27218,9064.587211913013
27219,8743.863910466695
27220,9454.89143179178
27221,9182.047266079495
27222,9488.205225063462
27223,9351.128869857206
27224,10355.255561769345
27225,9635.146173109191
27226,11576.696817491786
27227,10766.351695993018
27228,11248.18725034903
27229,6991.190597476795
27230,9249.515626606724
27231,9861.332256493552
27232,8639.65908309458
27233,10623.046661592838
27234,8524.039343960252
27235,11311.543796857877
27236,11937.24718430215
27237,10214.388047483662
27238,8003.640827908407
27239,10922.777905454557
27240,11459.888913175284
27241,8744.988026089362
27242,10008.709769988627
27243,10618.833583556152
27244,8876.209904772719
27245,10036.869397712091
27246,9693.468865541756
27247,9000.412313746912
27248,8921.088906942416
27249,9565.33874316378
27250,8756.783005431258
27251,8757.25551670107
27252,9138.625663746083
27253,9446.654031713293
27254,9688.54150779422
27255,9777.516433690982
27256,10392.005217781072
27257,9134.017195545746
27258,10788.325394721049
27259,9203.88920207872
27260,9214.323594681262
27261,9322.312528087872
27262,9336.081126403422
27263,10522.505698646888
27264,9297.598872944896
27265,8615.010668383733
27266,8933.908493127305
27267,9361.796138549933
27268,9690.869363930542
27269,8851.47209807254
27270,8240.204708854419
27271,9259.216298194844
27272,8417.124771984043
27273,9241.4447103715
27274,9447.718252001761
27275,9624.8102116914
27276,8863.35788529392
27277,8335.172879676247
27278,7435.562232644422
27279,9085.049007258121
27280,9566.488027045927
27281,9734.5378170792
27282,10924.495059605522
27283,10676.340059019365
27284,8948.86467707415
27285,9669.255263379118
27286,8087.9110890002585
27287,7928.2529519346435
27288,9522.379755166521
27289,12844.337637851093
27290,9325.888782463426
27291,10395.945937444676
27292,8519.73315753707
27293,9922.673370413338
27294,11582.809039982467
27295,8694.402066159879
27296,9636.940559638639
27297,8181.492339968318
27298,8101.566349147318
27299,8350.950490797024
27300,9058.889838094752
27301,9003.044209625248
27302,8195.501863943644
27303,8883.690193753275
27304,8015.222585561097
27305,8946.990447945407
27306,10343.48341018849
27307,8124.795258941065
27308,9677.965765283658
27309,9663.85167391287
27310,8506.454017237986
27311,9316.24320319823
27312,9848.277888345554
27313,9904.39529861707
27314,9085.864360615114
27315,8139.139406390002
27316,15488.931048090746
27317,8433.837799623076
27318,8356.752508138383
27319,10758.082883058518
27320,10732.21497392411
27321,10123.1588388869
27322,9274.853655977584
27323,9886.79645046465
27324,11341.467299404914
27325,15990.819839054166
27326,8578.168539496646
27327,8414.78901009376
27328,8157.967426238279
27329,10149.685154798874
27330,9385.362925289626
27331,10393.767719600262
27332,10322.616583928695
27333,8638.909335360031
27334,8236.3573821312
27335,9644.020813274023
27336,10332.108797800294
27337,8201.482577266872
27338,9166.756896058965
27339,7865.529236316083
27340,8844.503258675311
27341,10432.377797043857
27342,9204.049729113072
27343,10849.835014451823
27344,8964.315234064838
27345,7704.416424450371
27346,9337.037985927002
27347,9703.757651961489
27348,10556.741589284242
27349,9580.784077759556
27350,9609.766738351482
27351,9228.784743244198
27352,8741.870004460716
27353,11472.139785842264
27354,8188.361176390955
27355,12051.033379219793
27356,9466.740212359367
27357,7877.3791603376785
27358,9897.132624401633
27359,8538.982639740563
27360,9188.205628173413
27361,9551.54228381517
27362,7468.7589936523855
27363,8075.800189186505
27364,9119.001574618385
27365,11457.521193361696
27366,11282.436212118075
27367,8161.855833016102
27368,9676.46042153333
27369,9836.806795059118
27370,9721.267001283331
27371,9447.959115753743
27372,12135.817340352694
27373,10376.377972728218
27374,12257.748710965212
27375,7790.035416172176
27376,8142.085265221722
27377,10902.504325725602
27378,12259.303936540511
27379,8635.731022759019
27380,11980.955293950059
27381,8648.533586118949
27382,8298.61230183795
27383,8562.103017102048
27384,8872.351564803565
27385,8047.561317363616
27386,8219.335123767178
27387,7669.910579202793
27388,8178.8045214061485
27389,12985.607185020966
27390,10133.053619127353
27391,19537.447732582958
27392,8315.620481980739
27393,0.0
27394,0.0
27395,0.0
27396,0.0
27397,0.0
27398,0.0
27399,0.0
27400,0.0
27401,0.0
27402,0.0
27403,0.0
27404,0.0
27405,0.0
27406,0.0
27407,0.0
27408,0.0
27409,0.0
27410,0.0
27411,0.0
27412,0.0
27413,0.0
27414,0.0
27415,0.0
27416,0.0
27417,0.0
27418,0.0
27419,0.0
27420,0.0
27421,0.0
27422,0.0
27423,0.0
27424,0.0
27425,0.0
27426,0.0
27427,0.0
27428,0.0
27429,0.0
27430,0.0
27431,0.0
27432,0.0
27433,0.0
27434,0.0
27435,0.0
27436,0.0
27437,0.0
27438,0.0
27439,0.0
27440,0.0
27441,0.0
27442,0.0
27443,0.0
27444,0.0
27445,0.0
27446,0.0
27447,0.0
27448,0.0
27449,0.0
27450,0.0
27451,0.0
27452,0.0
27453,0.0
27454,0.0
27455,0.0
27456,0.0
27457,0.0
27458,0.0
27459,0.0
27460,0.0
27461,0.0
27462,0.0
27463,0.0
27464,0.0
27465,0.0
27466,0.0
27467,0.0
27468,0.0
27469,0.0
27470,0.0
27471,0.0
27472,0.0
27473,0.0
27474,0.0
27475,0.0
27476,0.0
27477,0.0
27478,0.0
27479,0.0
27480,0.0
27481,0.0
27482,0.0
27483,0.0
27484,3369.7364121965347
27485,0.0
27486,0.0
27487,0.0
27488,0.0
27489,0.0
27490,0.0
27491,0.0
27492,0.0
27493,0.0
27494,0.0
27495,0.0
27496,0.0
27497,0.0
27498,0.0
27499,0.0
27500,0.0
27501,0.0
27502,0.0
27503,0.0
27504,0.0
27505,0.0
27506,0.0
27507,0.0
27508,0.0
27509,0.0
27510,0.0
27511,0.0
27512,0.0
27513,0.0
27514,0.0
27515,0.0
27516,0.0
27517,0.0
27518,0.0
27519,0.0
27520,0.0
27521,0.0
27522,0.0
27523,0.0
27524,0.0
27525,0.0
27526,0.0
27527,0.0
27528,0.0
27529,0.0
27530,0.0
27531,0.0
27532,0.0
27533,0.0
27534,0.0
27535,0.0
27536,0.0
27537,0.0
27538,0.0
27539,0.0
27540,0.0
27541,0.0
27542,0.0
27543,0.0
27544,0.0
27545,0.0
27546,0.0
27547,0.0
27548,0.0
27549,0.0
27550,0.0
27551,0.0
27552,3547.3734125863803
27553,0.0
27554,0.0
27555,0.0
27556,0.0
27557,0.0
27558,0.0
27559,0.0
27560,0.0
27561,0.0
27562,0.0
27563,0.0
27564,0.0
27565,0.0
27566,0.0
27567,0.0
27568,0.0
27569,0.0
27570,0.0
27571,0.0
27572,0.0
27573,0.0
27574,0.0
27575,0.0
27576,0.0
27577,0.0
27578,0.0
27579,0.0
27580,0.0
27581,0.0
27582,0.0
27583,0.0
27584,0.0
27585,0.0
27586,0.0
27587,0.0
27588,0.0
27589,0.0
27590,0.0
27591,0.0
27592,0.0
27593,14262.311355980204
27594,24176.920263655335
27595,0.0
27596,0.0
27597,0.0
27598,0.0
27599,0.0
27600,0.0
27601,0.0
27602,6276.7745326000095
27603,0.0
27604,0.0
27605,0.0
27606,0.0
27607,0.0
27608,0.0
27609,0.0
27610,0.0
27611,0.0
27612,0.0
27613,0.0
27614,0.0
27615,0.0
27616,0.0
27617,0.0
27618,0.0
27619,0.0
27620,0.0
27621,5475.9612969182845
27622,0.0
27623,0.0
27624,0.0
27625,0.0
27626,0.0
27627,0.0
27628,0.0
27629,0.0
27630,0.0
27631,4165.019717693237
27632,0.0
27633,0.0
27634,0.0
27635,0.0
27636,0.0
27637,0.0
27638,0.0
27639,0.0
27640,0.0
27641,0.0
27642,0.0
27643,0.0
27644,0.0
27645,0.0
27646,0.0
27647,0.0
27648,0.0
27649,8969.529451318887
27650,0.0
27651,0.0
27652,0.0
27653,0.0
27654,0.0
27655,0.0
27656,0.0
27657,0.0
27658,0.0
27659,0.0
27660,0.0
27661,0.0
27662,0.0
27663,0.0
27664,0.0
27665,0.0
27666,7378.6786444491245
27667,0.0
27668,0.0
27669,0.0
27670,0.0
27671,0.0
27672,0.0
27673,0.0
27674,0.0
27675,0.0
27676,0.0
27677,0.0
27678,0.0
27679,0.0
27680,0.0
27681,0.0
27682,0.0
27683,0.0
27684,0.0
27685,0.0
27686,0.0
27687,0.0
27688,0.0
27689,0.0
27690,0.0
27691,0.0
27692,0.0
27693,0.0
27694,0.0
27695,0.0
27696,0.0
27697,0.0
27698,0.0
27699,0.0
27700,0.0
27701,0.0
27702,0.0
27703,0.0
27704,0.0
27705,0.0
27706,0.0
27707,0.0
27708,0.0
27709,0.0
27710,0.0
27711,0.0
27712,0.0
27713,0.0
27714,0.0
27715,0.0
27716,0.0
27717,0.0
27718,0.0
27719,0.0
27720,0.0
27721,0.0
27722,0.0
27723,0.0
27724,0.0
27725,0.0
27726,0.0
27727,0.0
27728,2993.6707340407365
27729,0.0
27730,0.0
27731,0.0
27732,0.0
27733,0.0
27734,0.0
27735,0.0
27736,0.0
27737,0.0
27738,0.0
27739,0.0
27740,0.0
27741,0.0
27742,4251.119230948645
27743,0.0
27744,0.0
27745,0.0
27746,0.0
27747,0.0
27748,0.0
27749,0.0
27750,0.0
27751,0.0
27752,0.0
27753,0.0
27754,0.0
27755,0.0
27756,0.0
27757,0.0
27758,0.0
27759,0.0
27760,0.0
27761,0.0
27762,0.0
27763,0.0
27764,0.0
27765,0.0
27766,0.0
27767,0.0
27768,0.0
27769,0.0
27770,0.0
27771,0.0
27772,0.0
27773,0.0
27774,0.0
27775,0.0
27776,0.0
27777,0.0
27778,0.0
27779,0.0
27780,0.0
27781,0.0
27782,0.0
27783,0.0
27784,0.0
27785,7175.3429912814845
27786,0.0
27787,0.0
27788,0.0
27789,0.0
27790,0.0
27791,0.0
27792,0.0
27793,0.0
27794,0.0
27795,4176.614480179251
27796,0.0
27797,0.0
27798,0.0
27799,3280.9761841198874
27800,0.0
27801,0.0
27802,0.0
27803,0.0
27804,0.0
27805,0.0
27806,0.0
27807,0.0
27808,0.0
27809,0.0
27810,0.0
27811,0.0
27812,0.0
27813,0.0
27814,0.0
27815,0.0
27816,0.0
27817,0.0
27818,0.0
27819,0.0
27820,0.0
27821,0.0
27822,0.0
27823,0.0
27824,0.0
27825,0.0
27826,18446.20243423993
27827,0.0
27828,0.0
27829,0.0
27830,0.0
27831,0.0
27832,0.0
27833,0.0
27834,0.0
27835,0.0
27836,0.0
27837,0.0
27838,0.0
27839,0.0
27840,6536.439715875245
27841,0.0
27842,0.0
27843,0.0
27844,0.0
27845,0.0
27846,0.0
27847,0.0
27848,0.0
27849,0.0
27850,0.0
27851,0.0
27852,0.0
27853,0.0
27854,0.0
27855,0.0
27856,0.0
27857,0.0
27858,0.0
27859,0.0
27860,0.0
27861,0.0
27862,0.0
27863,0.0
27864,0.0
27865,0.0
27866,0.0
27867,0.0
27868,0.0
27869,0.0
27870,0.0
27871,0.0
27872,0.0
27873,0.0
27874,0.0
27875,0.0
27876,0.0
27877,0.0
27878,0.0
27879,0.0
27880,0.0
27881,0.0
27882,0.0
27883,0.0
27884,0.0
27885,0.0
27886,0.0
27887,0.0
27888,0.0
27889,0.0
27890,0.0
27891,0.0
27892,0.0
27893,0.0
27894,0.0
27895,0.0
27896,0.0
27897,0.0
27898,0.0
27899,0.0
27900,0.0
27901,0.0
27902,0.0
27903,0.0
27904,0.0
27905,0.0
27906,0.0
27907,0.0
27908,0.0
27909,0.0
27910,0.0
27911,0.0
27912,0.0
27913,0.0
27914,0.0
27915,10737.26971388338
27916,0.0
27917,0.0
27918,0.0
27919,0.0
27920,0.0
27921,0.0
27922,0.0
27923,0.0
27924,0.0
27925,0.0
27926,0.0
27927,0.0
27928,0.0
27929,0.0
27930,0.0
27931,0.0
27932,0.0
27933,0.0
27934,0.0
27935,0.0
27936,0.0
27937,0.0
27938,0.0
27939,0.0
27940,0.0
27941,0.0
27942,0.0
27943,0.0
27944,0.0
27945,0.0
27946,0.0
27947,0.0
27948,0.0
27949,0.0
27950,0.0
27951,0.0
27952,0.0
27953,0.0
27954,0.0
27955,0.0
27956,0.0
27957,0.0
27958,0.0
27959,3888.988148718384
27960,15898.08226699789
27961,0.0
27962,0.0
27963,0.0
27964,0.0
27965,0.0
27966,0.0
27967,0.0
27968,0.0
27969,0.0
27970,0.0
27971,0.0
27972,0.0
27973,0.0
27974,0.0
27975,0.0
27976,0.0
27977,0.0
27978,0.0
27979,0.0
27980,0.0
27981,0.0
27982,0.0
27983,0.0
27984,0.0
27985,0.0
27986,0.0
27987,0.0
27988,10345.787297336527
27989,0.0
27990,0.0
27991,0.0
27992,0.0
27993,0.0
27994,0.0
27995,0.0
27996,0.0
27997,0.0
27998,0.0
27999,0.0
28000,0.0
28001,0.0
28002,0.0
28003,0.0
28004,0.0
28005,0.0
28006,0.0
28007,0.0
28008,0.0
28009,0.0
28010,0.0
28011,0.0
28012,0.0
28013,0.0
28014,0.0
28015,0.0
28016,0.0
28017,0.0
28018,0.0
28019,0.0
28020,0.0
28021,0.0
28022,0.0
28023,0.0
28024,0.0
28025,0.0
28026,0.0
28027,0.0
28028,0.0
28029,0.0
28030,0.0
28031,0.0
28032,0.0
28033,0.0
28034,0.0
28035,0.0
28036,0.0
28037,0.0
28038,0.0
28039,0.0
28040,0.0
28041,0.0
28042,0.0
28043,0.0
28044,0.0
28045,0.0
28046,0.0
28047,0.0
28048,0.0
28049,0.0
28050,0.0
28051,0.0
28052,0.0
28053,0.0
28054,0.0
28055,0.0
28056,0.0
28057,0.0
28058,3825.613315636999
28059,0.0
28060,0.0
28061,0.0
28062,4089.1888725263916
28063,0.0
28064,0.0
28065,0.0
28066,0.0
28067,0.0
28068,0.0
28069,0.0
28070,0.0
28071,0.0
28072,0.0
28073,0.0
28074,0.0
28075,0.0
28076,0.0
28077,0.0
28078,0.0
28079,0.0
28080,0.0
28081,0.0
28082,0.0
28083,0.0
28084,0.0
28085,0.0
28086,0.0
28087,0.0
28088,0.0
28089,0.0
28090,0.0
28091,0.0
28092,0.0
28093,0.0
28094,0.0
28095,0.0
28096,0.0
28097,0.0
28098,0.0
28099,0.0
28100,0.0
28101,0.0
28102,0.0
28103,0.0
28104,0.0
28105,0.0
28106,0.0
28107,0.0
28108,0.0
28109,0.0
28110,0.0
28111,0.0
28112,0.0
28113,3738.9025999676132
28114,0.0
28115,0.0
28116,0.0
28117,0.0
28118,0.0
28119,0.0
28120,0.0
28121,0.0
28122,0.0
28123,0.0
28124,0.0
28125,0.0
28126,0.0
28127,0.0
28128,9472.555882485749
28129,0.0
28130,0.0
28131,0.0
28132,0.0
28133,0.0
28134,0.0
28135,0.0
28136,0.0
28137,0.0
28138,0.0
28139,0.0
28140,0.0
28141,0.0
28142,0.0
28143,0.0
28144,0.0
28145,0.0
28146,0.0
28147,0.0
28148,0.0
28149,0.0
28150,0.0
28151,0.0
28152,0.0
28153,0.0
28154,0.0
28155,0.0
28156,0.0
28157,0.0
28158,0.0
28159,0.0
28160,0.0
28161,0.0
28162,0.0
28163,0.0
28164,0.0
28165,0.0
28166,0.0
28167,0.0
28168,0.0
28169,0.0
28170,0.0
28171,0.0
28172,0.0
28173,0.0
28174,0.0
28175,0.0
28176,0.0
28177,0.0
28178,0.0
28179,0.0
28180,0.0
28181,0.0
28182,0.0
28183,0.0
28184,0.0
28185,0.0
28186,0.0
28187,0.0
28188,0.0
28189,0.0
28190,0.0
28191,0.0
28192,3896.3690313617853
28193,0.0
28194,0.0
28195,0.0
28196,0.0
28197,0.0
28198,0.0
28199,0.0
28200,0.0
28201,0.0
28202,0.0
28203,0.0
28204,0.0
28205,0.0
28206,0.0
28207,0.0
28208,0.0
28209,0.0
28210,0.0
28211,0.0
28212,0.0
28213,0.0
28214,0.0
28215,0.0
28216,0.0
28217,0.0
28218,0.0
28219,0.0
28220,0.0
28221,0.0
28222,0.0
28223,0.0
28224,0.0
28225,0.0
28226,0.0
28227,0.0
28228,0.0
28229,0.0
28230,0.0
28231,0.0
28232,0.0
28233,12127.087084753648
28234,6604.900624355231
28235,0.0
28236,0.0
28237,0.0
28238,0.0
28239,0.0
28240,0.0
28241,0.0
28242,0.0
28243,0.0
28244,0.0
28245,0.0
28246,0.0
28247,0.0
28248,0.0
28249,4939.830224900261
28250,4141.324519947468
28251,5764.541059254769
28252,4463.850733096384
28253,5652.245732281703
28254,4197.694737552207
28255,6178.386707095459
28256,6006.259921202095
28257,0.0
28258,4295.370426798969
28259,6645.644581744682
28260,5997.026910339021
28261,5247.786422534864
28262,0.0
28263,5937.023433427487
28264,0.0
28265,7269.589890710648
28266,7437.362058233786
28267,9131.45380355798
28268,7926.863245998737
28269,6911.739323740949
28270,4639.008613921335
28271,6321.096341761414
28272,0.0
28273,7659.4050388663945
28274,8215.768072131223
28275,0.0
28276,5164.747032416063
28277,3771.919196434123
28278,4465.819125510956
28279,0.0
28280,7921.724526316581
28281,5381.037341001532
28282,5086.474170101684
28283,0.0
28284,6788.427568818614
28285,3573.886040221782
28286,6684.765043646582
28287,4881.296799501617
28288,0.0
28289,0.0
28290,4416.1729142964095
28291,6733.4850028557385
28292,5441.23398980847
28293,4897.690334994548
28294,4745.041853996722
28295,6183.196834828855
28296,8354.778148701262
28297,5656.9437474050865
28298,6878.3915045849435
28299,6538.119577146885
28300,7023.922902911558
28301,6756.4423951999825
28302,5735.871263108049
28303,3950.9816048834105
28304,5374.432944994629
28305,5423.319985168644
28306,6432.519580011053
28307,7438.846270532404
28308,6615.459093628383
28309,3982.15423523634
28310,6023.963266207539
28311,0.0
28312,5844.775722296651
28313,4069.2111418754075
28314,9005.769075943592
28315,3939.7671339849016
28316,0.0
28317,6066.7400974469065
28318,5685.541956159941
28319,5418.885447913753
28320,4467.886557743931
28321,6173.820048018353
28322,5682.19005795322
28323,0.0
28324,0.0
28325,6679.4788250893425
28326,5390.872150149841
28327,4391.934892235949
28328,5545.628365531184
28329,0.0
28330,5601.826946575916
28331,4107.019364446182
28332,6625.665127835399
28333,4931.528474767126
28334,0.0
28335,0.0
28336,3941.957458625366
28337,6964.497821901687
28338,5743.824213134477
28339,5947.7557950984865
28340,5198.857510611999
28341,4231.683659751775
28342,5584.862922748449
28343,4861.3044855393055
28344,6707.178245434704
28345,0.0
28346,4839.681120491671
28347,5114.33832915266
28348,0.0
28349,5763.69234154041
28350,0.0
28351,0.0
28352,0.0
28353,5729.4364944491745
28354,5261.9773522776995
28355,4182.775858167096
28356,5753.870229746354
28357,0.0
28358,0.0
28359,7229.107792617438
28360,7402.875571449249
28361,0.0
28362,7206.635754508003
28363,5125.083777666184
28364,4606.488616666282
28365,7604.206633591496
28366,5817.906314542751
28367,6881.529401620159
28368,7560.253133748124
28369,6657.196359759023
28370,5946.632253571611
28371,6129.036846753907
28372,6970.082996136831
28373,4167.136305730717
28374,0.0
28375,5711.262915202032
28376,5274.387487740226
28377,5457.336831142534
28378,4648.000785802104
28379,6234.084327971512
28380,0.0
28381,0.0
28382,5541.617237345337
28383,4337.141690172348
28384,6553.625831620931
28385,6118.911362332463
28386,4918.733804497887
28387,5173.511602000198
28388,0.0
28389,6615.4443927217035
28390,0.0
28391,4518.640202508202
28392,4507.85234217769
28393,6673.485519223008
28394,0.0
28395,0.0
28396,0.0
28397,5139.79941194034
28398,5546.087740482214
28399,10260.044421642031
28400,5954.253694469877
28401,6520.880646292504
28402,5017.521543764117
28403,5018.695175973808
28404,6714.605037489521
28405,0.0
28406,6171.685621887813
28407,7070.243793092647
28408,4940.911372976635
28409,3377.302574869159
28410,3484.4348314030703
28411,7014.481546812876
28412,6885.655891062922
28413,0.0
28414,5538.259099617656
28415,5073.172844944091
28416,0.0
28417,4007.864016237577
28418,3587.788544619875
28419,5582.914968526445
28420,6800.860642962729
28421,5482.0302060125105
28422,5155.3751811768425
28423,6935.330177829009
28424,6714.451996384364
28425,6578.086594839982
28426,0.0
28427,6593.611209990352
28428,7868.811934646145
28429,4708.394986182604
28430,6074.449166475829
28431,6058.7099753623215
28432,6361.89478741856
28433,5125.07584196188
28434,5255.204628356956
28435,5107.309428742646
28436,6729.796547793454
28437,6048.098885992451
28438,7469.148840496065
28439,7298.6542025736435
28440,6216.762085944447
28441,6516.141557141282
28442,16270.60055083497
28443,8413.412430607166
28444,5926.689447296846
28445,3625.1052963372717
28446,6102.976792003935
28447,8156.864630902923
28448,0.0
28449,10042.828177941878
28450,16392.415392057705
28451,0.0
28452,4460.855791911908
28453,7194.04832291972
28454,4668.900551136014
28455,7720.03982646464
28456,4079.1406983855563
28457,5872.240798996382
28458,4214.928939037287
28459,0.0
28460,0.0
28461,5665.729405057297
28462,7586.392178921686
28463,5452.6274800995925
28464,6772.952027397326
28465,0.0
28466,0.0
28467,5184.094334481156
28468,0.0
28469,0.0
28470,5506.243242697058
28471,4510.317808891139
28472,4211.4388593664635
28473,4258.121939272511
28474,4168.291443598329
28475,4980.250161789748
28476,0.0
28477,6928.280402931858
28478,6419.284006547972
28479,5612.997738801602
28480,4963.72067737992
28481,4547.302292329813
28482,4965.521703712772
28483,5390.6485423274435
28484,0.0
28485,4986.118373940797
28486,5927.41571202097
28487,5805.13843489245
28488,6184.274666605419
28489,5901.564782255827
28490,3648.335911522649
28491,4175.230623731818
28492,7167.757248967071
28493,0.0
28494,5722.2710230669645
28495,12965.953362805374
28496,6812.567296135224
28497,5447.308594929432
28498,5628.492486205018
28499,4138.155082602588
28500,4641.234994457981
28501,4156.089675880115
28502,5484.042547733902
28503,6387.766372597737
28504,5523.830177644875
28505,10190.5557381402
28506,8576.78661232777
28507,5752.237015729128
28508,5534.395454660558
28509,4981.227053934497
28510,5686.77539366482
28511,5541.840948976203
28512,0.0
28513,5903.668320831729
28514,7043.857484763191
28515,0.0
28516,5695.249178741395
28517,5763.11205410302
28518,0.0
28519,5870.051451874476
28520,4756.516657221275
28521,5956.376913289758
28522,5839.384394183114
28523,8288.311216693712
28524,6206.4256629961055
28525,6167.920788761463
28526,6553.8500403578655
28527,6729.828665510855
28528,9221.883482912355
28529,3736.043832858239
28530,0.0
28531,6655.706863754141
28532,8037.981480505812
28533,6744.716778229265
28534,6094.8234955803355
28535,6697.657998037411
28536,6761.009789058517
28537,5602.027375622159
28538,6794.1196054048605
28539,5979.057215538837
28540,5333.044610673667
28541,10734.860327542581
28542,14778.099991773035
28543,0.0
28544,7087.557512250875
28545,7218.141320395963
28546,7349.043614638559
28547,7122.635159029684
28548,5250.6797627015885
28549,5876.660480238807
28550,6354.6798133656885
28551,6774.031266090048
28552,4129.883097123789
28553,5456.69285773163
28554,5377.536043892355
28555,0.0
28556,4572.156255715601
28557,4060.0038035168777
28558,3763.9341725838135
28559,5860.391252892342
28560,0.0
28561,4397.407273666196
28562,5660.697113060219
28563,5641.41841524255
28564,7691.758137550028
28565,0.0
28566,0.0
28567,6540.94952876419
28568,6497.1903249106745
28569,7689.437745228972
28570,5760.226445957413
28571,3838.8474282847983
28572,0.0
28573,8840.979372788523
28574,4427.507118199388
28575,5984.301353247349
28576,4968.62836941101
28577,4860.93882753212
28578,7270.433881166339
28579,0.0
28580,0.0
28581,0.0
28582,8147.656480133945
28583,8106.734301063514
28584,4490.955221181393
28585,0.0
28586,3769.8576096293305
28587,5180.581318895035
28588,5829.949847947809
28589,4776.041566710918
28590,7031.763780362601
28591,4137.955600089576
28592,6196.519110556303
28593,6408.785020281547
28594,7243.305402177493
28595,8214.800534424754
28596,4580.728915861779
28597,4888.347703331971
28598,6254.062323635478
28599,6880.081362896863
28600,6610.429352033312
28601,0.0
28602,6930.486452861141
28603,6471.950164295993
28604,5996.961017918577
28605,5157.349159053481
28606,6900.512945575552
28607,6094.746863174564
28608,10774.628539727792
28609,7173.354581601153
28610,12142.78966954121
28611,0.0
28612,6527.377963953528
28613,3380.7725113002793
28614,5899.550736712607
28615,0.0
28616,5659.00232627166
28617,6932.163421716961
28618,0.0
28619,3341.7806331652273
28620,5982.781110052075
28621,4610.116821707133
28622,0.0
28623,6328.289713098419
28624,5460.715205706894
28625,6679.511052178714
28626,5825.9033893610085
28627,6904.586100090715
28628,0.0
28629,5392.9318194618545
28630,0.0
28631,0.0
28632,8722.644187857775
28633,6718.392589583248
28634,4095.597392446524
28635,4908.329376661289
28636,6079.180027572984
28637,5780.28662063381
28638,4747.555300600708
28639,6021.275730196355
28640,4769.5352163002
28641,6095.24558893341
28642,0.0
28643,7325.785157729082
28644,5150.607664118837
28645,4887.201587382999
28646,6103.022644562794
28647,6037.77975636232
28648,4393.160859224819
28649,5157.04059007145
28650,7502.264361769229
28651,6506.837213287779
28652,8215.967126110863
28653,8482.943938881686
28654,7272.786929971464
28655,4744.070679349652
28656,5282.594121338493
28657,8401.175088215745
28658,7091.819819475103
28659,6079.918136392788
28660,5373.250841006545
28661,6828.56995870836
28662,4413.050446732791
28663,3710.2061567612573
28664,0.0
28665,0.0
28666,6067.465861149437
28667,0.0
28668,3992.212019286158
28669,7915.637631687054
28670,0.0
28671,6135.694997874295
28672,4470.859373349266
28673,6096.203401111811
28674,5372.93581006039
28675,4941.690460624428
28676,7078.020672461234
28677,6202.12350167094
28678,0.0
28679,4628.842210389665
28680,4144.761502845706
28681,6063.143555753529
28682,15349.756931383303
28683,4219.774055934337
28684,6054.144618435602
28685,6552.776023315478
28686,3930.008857234259
28687,4561.261351784741
28688,5882.443877528172
28689,4264.892486985646
28690,0.0
28691,6811.950623047672
28692,0.0
28693,6781.982706591044
28694,3419.2722443495777
28695,4400.899059743438
28696,6717.586635744116
28697,7161.244115116133
28698,8441.209368530086
28699,4482.33538562461
28700,5631.06313540527
28701,4513.071274890432
28702,6005.987652884426
28703,12775.544405276954
28704,0.0
28705,6192.142873350691
28706,4387.13241442654
28707,6296.319685682893
28708,4420.789880429963
28709,3508.8304033468844
28710,6376.275997718294
28711,4954.02803451948
28712,0.0
28713,6627.6518138810325
28714,5837.389120528772
28715,4354.215470301984
28716,4995.0698162585995
28717,0.0
28718,5920.557187937199
28719,3695.2097682485874
28720,0.0
28721,6586.860426833913
28722,6935.81273422134
28723,5677.617299215524
28724,6902.655931297735
28725,0.0
28726,0.0
28727,4633.9421247565415
28728,4739.014668976141
28729,5053.694996670773
28730,5675.910883128734
28731,4515.209580010607
28732,6469.501409404765
28733,5608.640454667954
28734,0.0
28735,5985.438410115539
28736,5568.263648955665
28737,0.0
28738,5621.054360116702
28739,0.0
28740,0.0
28741,3773.526277928121
28742,8579.927400602586
28743,4016.7033823293405
28744,4972.363033333336
28745,5995.514383624522
28746,0.0
28747,8188.638254746318
28748,0.0
28749,5539.103697938672
28750,0.0
28751,6386.399796761403
28752,6475.871394857442
28753,6378.794622482587
28754,3532.313240560575
28755,5674.917464151625
28756,6176.353227892637
28757,5221.382902715703
28758,0.0
28759,6724.140431776315
28760,6413.8359509859
28761,4595.139094005854
28762,6515.646890802098
28763,6955.502110484724
28764,7954.833893459221
28765,0.0
28766,0.0
28767,0.0
28768,6423.618411010163
28769,5412.536722321068
28770,3975.734015357116
28771,7469.912802310229
28772,0.0
28773,6250.411768125477
28774,5188.159621515125
28775,4178.645141966023
28776,0.0
28777,4455.088803287631
28778,8058.396850782818
28779,5421.479494240651
28780,5116.846537931925
28781,7440.834179316362
28782,5189.72075527775
28783,5366.8238362465145
28784,0.0
28785,4907.2157955670145
28786,7198.716471423306
28787,8283.796829456682
28788,6175.797086179203
28789,5204.186288049029
28790,0.0
28791,0.0
28792,3061.312401142052
28793,5742.14458804413
28794,0.0
28795,6150.725805518958
28796,0.0
28797,5267.393188276193
28798,0.0
28799,9015.775762844256
28800,5572.917437428847
28801,0.0
28802,5937.508936854253
28803,5759.554351142161
28804,0.0
28805,5520.183020172427
28806,6532.680386544635
28807,8675.889042334546
28808,6630.899812798056
28809,6895.1350465146415
28810,6214.338811554603
28811,4010.6870273933814
28812,5472.8324943148355
28813,8058.8607720540695
28814,5756.100279047776
28815,5352.781269021014
28816,13852.5927762362
28817,4995.880345576365
28818,0.0
28819,4595.691493331138
28820,6983.485542683404
28821,0.0
28822,6317.538848721184
28823,6973.721710841924
28824,7256.770799927821
28825,0.0
28826,6456.11570211103
28827,5152.333345937777
28828,4701.354411422075
28829,0.0
28830,3974.6373211055616
28831,4308.693500926759
28832,6905.9676514056355
28833,16067.192134404495
28834,6435.3215046434425
28835,3803.9122149079894
28836,5561.053208689339
28837,4983.235621030206
28838,6155.759514001292
28839,3039.1695691674818
28840,5818.424097755583
28841,0.0
28842,5452.978879143588
28843,10089.49190370159
28844,10075.507679767517
28845,6419.814743832121
28846,0.0
28847,4965.334095955187
28848,5002.780407607169
28849,6318.331512821915
28850,0.0
28851,4655.543754347835
28852,4946.32140985162
28853,0.0
28854,5469.097141037549
28855,5008.309927384624
28856,5913.899733029356
28857,4015.990863560582
28858,6698.113071197602
28859,4755.478907116438
28860,5283.296743213816
28861,5067.510967982576
28862,4608.856255871663
28863,5398.521053796238
28864,0.0
28865,8241.763718573762
28866,5277.450072301099
28867,4197.418251633628
28868,6129.207374477969
28869,5162.774132585569
28870,0.0
28871,0.0
28872,0.0
28873,6750.596174901307
28874,6538.842617914267
28875,6412.1680439146885
28876,4240.465118500444
28877,4825.888270626384
28878,0.0
28879,6040.860057207626
28880,5354.510292383129
28881,6473.275402513488
28882,0.0
28883,6449.2664512939
28884,4630.974763163538
28885,4070.8642887273127
28886,0.0
28887,6718.421745412676
28888,5458.252223052901
28889,8614.521018411142
28890,5631.074764567482
28891,5452.832751802589
28892,3890.3923811083905
28893,3644.9104550894776
28894,5834.3548239672655
28895,0.0
28896,3347.2875495824883
28897,5169.734512533969
28898,6344.495318057203
28899,6385.262214608735
28900,5860.945805707749
28901,7237.701601500957
28902,4992.294817435439
28903,0.0
28904,4576.784704774934
28905,6124.625742262553
28906,4232.6346108070875
28907,6028.413786509582
28908,5806.18458556623
28909,0.0
28910,0.0
28911,5906.325777629788
28912,4276.987004210866
28913,7406.016619433283
28914,5335.642314694946
28915,3684.5744478303013
28916,6939.752070740458
28917,5576.966370800778
28918,5184.56167195047
28919,8235.968163669431
28920,6126.892019902912
28921,6277.392990269769
28922,4238.379612269675
28923,4928.357419502623
28924,4648.674856261082
28925,0.0
28926,6625.5498313773805
28927,3844.1362720312427
28928,5628.090545017544
28929,3581.6325915192297
28930,0.0
28931,4462.528953911028
28932,4968.872003641706
28933,5118.733235286188
28934,6287.750931713087
28935,0.0
28936,7035.539695827759
28937,0.0
28938,6512.970381393963
28939,7072.222001908524
28940,7432.4093778002125
28941,4686.161266529688
28942,0.0
28943,6033.797280904595
28944,0.0
28945,0.0
28946,0.0
28947,7280.585096668749
28948,7245.379661564889
28949,7312.077473751776
28950,3938.116895756309
28951,0.0
28952,6695.340098788633
28953,5815.315143602085
28954,6322.543882105055
28955,7192.557109807248
28956,0.0
28957,5565.510043715736
28958,4854.325732406219
28959,0.0
28960,0.0
28961,6020.085679398078
28962,4279.5655621709
28963,5343.662642041018
28964,6312.009045336392
28965,5566.722847405814
28966,6523.214001369018
28967,5770.993071524009
28968,6688.702579579198
28969,5378.345699033922
28970,5242.604708868375
28971,5359.546766700949
28972,4372.919559677701
28973,5507.50804192204
28974,5794.856975487464
28975,5900.197537583042
28976,5861.409622532723
28977,0.0
28978,6183.653956613886
28979,6110.148239051796
28980,5780.659505345638
28981,4612.028587538081
28982,4214.773634673626
28983,5569.561437325176
28984,6269.888482936714
28985,4294.850710374183
28986,6302.051985260786
28987,0.0
28988,6021.437540995681
28989,5061.574966389994
28990,3218.4765210062883
28991,5716.0655318788895
28992,6697.638880079112
28993,5883.668062682217
28994,6550.697301222426
28995,7159.160826546728
28996,4434.296880009792
28997,6220.101634755209
28998,4101.182965662719
28999,3989.1595257583344
29000,6188.175832966552
29001,0.0
29002,5318.289117002251
29003,5668.214268907481
29004,4177.727714784155
29005,5093.272292736119
29006,7928.046184932873
29007,5261.189849547555
29008,6613.615057082874
29009,4153.400499149072
29010,4780.32280069093
29011,0.0
29012,5203.313147584667
29013,4280.554274011585
29014,4205.573836297707
29015,6105.205283576983
29016,3329.538447069492
29017,0.0
29018,5966.126140860737
29019,0.0
29020,5001.869787403098
29021,6879.518383098716
29022,5062.02244796551
29023,0.0
29024,7153.1274848087605
29025,6595.327464391603
29026,0.0
29027,4053.580159701873
29028,7679.571392828426
29029,5714.193479899575
29030,5345.698281077383
29031,7668.722406807013
29032,7173.550054645723
29033,6725.4020714303815
29034,6293.705263013288
29035,5721.925764831157
29036,6812.697054423007
29037,10146.223569761834
29038,4436.087384729678
29039,4867.216208767491
29040,5532.947053368906
29041,6731.768571478087
29042,0.0
29043,7880.65041802559
29044,5843.730142470459
29045,0.0
29046,3980.089564197423
29047,5961.196100832067
29048,5360.16215166443
29049,3945.2147593330897
29050,6096.31543127341
29051,0.0
29052,6207.95313706402
29053,6056.880614405646
29054,5327.909131092399
29055,6751.432397892246
29056,4751.573831068793
29057,5289.2699099787405
29058,6331.993080022284
29059,6190.640422495012
29060,7158.323353039511
29061,6021.1956076842225
29062,6708.460946071404
29063,5186.066019302464
29064,4351.174728388776
29065,8052.876465589093
29066,0.0
29067,8818.383084512885
29068,0.0
29069,5381.584840794
29070,6244.492049774553
29071,4463.514464633728
29072,5312.065030152737
29073,5929.929525702166
29074,3986.9904000468764
29075,3573.204872622202
29076,6256.527127240962
29077,5820.126136374402
29078,0.0
29079,5797.59607570753
29080,5422.983864848745
29081,5302.750949904132
29082,6667.072744149349
29083,4323.306636681446
29084,8411.672558800026
29085,6194.213829350988
29086,0.0
29087,0.0
29088,4812.691845495501
29089,9725.728305157048
29090,8247.974686263578
29091,4656.138935566908
29092,8370.086864643332
29093,0.0
29094,5339.93738846845
29095,0.0
29096,5059.329336820748
29097,4165.626508372323
29098,4624.979720666015
29099,0.0
29100,4243.325137217317
29101,7539.007363055232
29102,5631.7434773850055
29103,20474.793854957392
29104,5932.619102107076
29105,4990.8461999214205
29106,5486.976753876758
29107,8130.355877371452
29108,5529.7875097555325
29109,6508.791167730085
29110,5195.029123307356
29111,6830.301306711319
29112,6658.1745208179545
29113,4309.985614528578
29114,5161.152403807257
29115,6822.1866557707945
29116,6782.663010819262
29117,6000.87391002464
29118,5797.1844115172125
29119,5983.42700865597
29120,4936.055000047809
29121,7384.847823340063
29122,8148.216667067284
29123,9243.647079207027
29124,8620.051523642542
29125,7029.852034561732
29126,5110.688662313999
29127,6405.052647310961
29128,4401.4016941660575
29129,7954.826647938135
29130,8568.64167705745
29131,8002.385312585475
29132,4950.358299786768
29133,4427.698877643688
29134,4951.391592427878
29135,6125.656190750593
29136,8001.926253508018
29137,5792.401945493223
29138,5170.430475651231
29139,5009.999753111941
29140,7029.328960623744
29141,4447.7657618056655
29142,6821.640552269893
29143,4965.253105051164
29144,6277.997594798376
29145,6475.2477384460235
29146,5743.86660670072
29147,6692.347236101678
29148,6380.814993392566
29149,5494.78734089127
29150,5748.506920638943
29151,6099.637213645843
29152,9091.983829356837
29153,5581.649575379791
29154,7408.6831508106625
29155,6656.836552386198
29156,7071.591437450327
29157,6790.177763859194
29158,6849.003603952549
29159,4884.343341634668
29160,6468.00438996382
29161,5952.234387334858
29162,6522.708472284225
29163,8340.0903250368
29164,6588.794499209145
29165,4913.974201475663
29166,6107.9195717570865
29167,5692.374573268457
29168,7771.519641090949
29169,4984.214020132117
29170,9865.227865306044
29171,4810.42286256352
29172,5492.308499230021
29173,6599.184405084617
29174,5629.176690385899
29175,5439.359627043554
29176,5768.665100212723
29177,6510.053697609844
29178,5849.513293581051
29179,5477.825554801985
29180,6583.599714631275
29181,6750.168020866874
29182,5713.106454057644
29183,5372.653950127075
29184,6310.250739157845
29185,8808.440826630256
29186,6473.78633416464
29187,5514.168444725158
29188,6710.889882003008
29189,5695.977215733119
29190,7170.919188120982
29191,6799.798837859714
29192,5021.844287817751
29193,7068.074974332392
29194,6550.829914427551
29195,6032.980549266095
29196,7438.184775059118
29197,5240.254723626793
29198,5670.087676916058
29199,4992.537255218791
29200,6792.402999602313
29201,6621.779316019651
29202,4887.349655030441
29203,5192.043835210064
29204,6261.954251240229
29205,5848.917095708019
29206,5909.922482434344
29207,5832.005716531176
29208,5665.237615374788
29209,6488.475622546106
29210,5295.110328426393
29211,5237.367220639906
29212,5925.0547968767305
29213,7640.290408164202
29214,6235.752641024554
29215,7314.332546785046
29216,7520.988282270032
29217,5690.383926943011
29218,7401.003288291813
29219,5880.719644570993
29220,5902.345673226133
29221,7902.397723576218
29222,5867.058497187742
29223,7925.359614673068
29224,7611.321482644497
29225,6834.821816762766
29226,6071.386378052355
29227,7172.8670598068165
29228,7055.30775030444
29229,5142.9525630638145
29230,4473.510286130118
29231,5805.855571169079
29232,6476.969648297424
29233,5672.240922231701
29234,5315.91165132343
29235,7105.886132991269
29236,5792.220978490568
29237,5565.578910183689
29238,5560.817047614471
29239,5417.02851936473
29240,7053.306935877651
29241,6270.475082581681
29242,5938.54707066504
29243,5273.20952850263
29244,5661.5234403312115
29245,6733.557103542486
29246,4735.470552989526
29247,5713.729896658097
29248,4593.014710290045
29249,6757.441824772555
29250,5360.0028461281245
29251,5638.497452312825
29252,8324.764625735592
29253,5770.581455758296
29254,5755.694140500124
29255,10325.408689182768
29256,5979.159904255763
29257,6571.948995188877
29258,6072.112906236927
29259,5208.761816923369
29260,6832.717748310304
29261,5310.163116408423
29262,6624.570626661045
29263,8134.305848000688
29264,5861.431509782227
29265,3530.0723576811793
29266,4939.05310562361
29267,7099.706300980485
29268,6970.880645230532
29269,5457.438353650692
29270,5558.733278747457
29271,5016.8075791700485
29272,5237.148948671841
29273,4868.188613465352
29274,4642.3799070926925
29275,5887.697797817907
29276,6851.928991859102
29277,6097.470202473756
29278,5911.970821609864
29279,7020.554931996618
29280,6907.424953912538
29281,6662.0429003895315
29282,5653.954037795709
29283,7324.393809534456
29284,7986.924645466928
29285,5609.006805758253
29286,6567.903046792708
29287,6191.295858517927
29288,6494.480670574166
29289,5277.908010829159
29290,5708.391711924856
29291,5207.007355245078
29292,7436.296736759144
29293,6053.384248897179
29294,7553.782064591884
29295,7324.826380038966
29296,6287.927885123282
29297,6601.3663113088905
29298,16140.779156219669
29299,9305.002728529818
29300,6344.034248723481
29301,3762.810376742681
29302,6109.517805254178
29303,8122.032202842074
29304,4769.7261975794445
29305,11343.406821670145
29306,17054.434516678233
29307,6200.871479136685
29308,5420.43712637964
29309,7201.891153580689
29310,5642.019987030822
29311,7919.20319795968
29312,5187.095201607937
29313,6862.769116025317
29314,4552.086770560602
29315,5456.692682675222
29316,6552.233490118857
29317,6637.527938469793
29318,7635.544361566678
29319,5453.000528930225
29320,6856.908332946873
29321,6261.728580336173
29322,5255.314771219819
29323,5769.681263795107
29324,6317.662967920686
29325,5092.431557626114
29326,5691.963368217512
29327,5713.260155560778
29328,5317.215976062046
29329,4668.749405967693
29330,5272.135763615599
29331,5862.3986345331095
29332,7781.719567862779
29333,7149.8033408766705
29334,6728.692521125714
29335,6450.946793555364
29336,5048.94543154753
29337,5681.923145874551
29338,5696.304303256876
29339,5273.909713323883
29340,5066.802231847686
29341,6002.201428022869
29342,6012.640466188579
29343,6521.28519587048
29344,7095.8342650708
29345,6019.67749307661
29346,4862.1974946266655
29347,5679.192527951631
29348,7353.477374487525
29349,5577.747853594635
29350,6255.761282838487
29351,13168.434185493854
29352,6863.635645031597
29353,5900.042707638456
29354,5679.560835101392
29355,5296.737413474212
29356,5858.563188254193
29357,4608.974680653347
29358,6232.731626716315
29359,7196.0526129290665
29360,5609.054931812483
29361,12231.64754110876
29362,9092.06654347145
29363,5837.461769896737
29364,6293.43458275749
29365,5697.373814912526
29366,6658.573927077316
29367,5939.4139549125475
29368,9237.73656273313
29369,6198.007519085527
29370,7284.75887656832
29371,5690.744103539149
29372,6667.67519291061
29373,5814.180402999393
29374,7224.35135500928
29375,5955.276206042085
29376,5762.055148808416
29377,6007.445262186131
29378,6312.71202388511
29379,8420.897099849319
29380,7191.155797858906
29381,6218.989137657835
29382,7676.963431054844
29383,6813.784971060402
29384,9269.552017451124
29385,4820.246527289744
29386,5084.792057854345
29387,6620.166798130239
29388,8123.143848618166
29389,6862.829489050048
29390,6247.655664447615
29391,6782.88275220502
29392,6846.234543226125
29393,5653.095724518532
29394,7077.69449665587
29395,6804.79270044835
29396,5451.15732149445
29397,11414.693017310388
29398,14900.870422244767
29399,6707.3846882640555
29400,7187.255438753308
29401,7164.968626028601
29402,8080.154701013272
29403,8107.365293892484
29404,5952.730529267225
29405,6743.15190858552
29406,6451.789631253916
29407,6871.141083978275
29408,5209.769926316171
29409,5875.943820059106
29410,5410.669020041048
29411,5275.5077888395645
29412,5601.005637151108
29413,4909.331761751002
29414,4744.548286491238
29415,5890.456708856159
29416,4579.179353203539
29417,4348.662124632288
29418,5760.395039562651
29419,5719.1239212999535
29420,7788.867955438254
29421,7692.371215084994
29422,7563.319959453464
29423,6605.171389999243
29424,6560.1437375276655
29425,7909.996783362622
29426,6628.284187807976
29427,4797.698914994787
29428,5513.48271503832
29429,8414.752599121526
29430,5401.679881264532
29431,6083.999279749781
29432,5101.214252566617
29433,5301.853768717757
29434,7343.796253282197
29435,5555.814979287526
29436,6029.397626826016
29437,7536.778476838688
29438,8244.766298022168
29439,8845.820722260569
29440,6002.221972184852
29441,7949.2973925918795
29442,4527.673814442827
29443,5297.875036439683
29444,5787.942447781428
29445,4792.703769868107
29446,6475.9393769128965
29447,4830.061793262347
29448,6993.308129659185
29449,7288.2574953292815
29450,7456.1362739804945
29451,7519.819448200414
29452,5351.609367885132
29453,5744.713887269853
29454,8373.67008609386
29455,6943.034775513854
29456,6948.58624579826
29457,6343.030055224857
29458,6495.182648309532
29459,7288.348657210582
29460,6046.647320763553
29461,6175.038355204584
29462,6997.622763463779
29463,7154.546072159801
29464,11300.629773763245
29465,6852.326604402739
29466,11804.342286025769
29467,6026.976802473932
29468,6511.660433925699
29469,4183.362571639451
29470,6428.168640805174
29471,6276.829505295499
29472,5589.856676815716
29473,6965.993070739601
29474,6021.650643743068
29475,4460.604407256061
29476,6032.46741289705
29477,5723.559776873654
29478,6403.672199302895
29479,6358.355169062236
29480,6401.062522865341
29481,6779.208978681146
29482,5855.968845324825
29483,7306.518294515162
29484,5158.243635818127
29485,5344.186670427947
29486,6229.678275878792
29487,7128.679339482827
29488,9113.311170361467
29489,6766.061124122018
29490,4595.5454489209915
29491,5694.326082210421
29492,6784.642916502436
29493,6321.627489893282
29494,5763.889598306291
29495,6941.385718271115
29496,5687.7337029618
29497,6303.539372350088
29498,5895.984780827711
29499,7358.383209965683
29500,5389.557479425889
29501,6085.790036960487
29502,6099.548125276778
29503,5826.913302420766
29504,5243.262667076237
29505,5349.033800604433
29506,7439.796838951165
29507,7666.337398816785
29508,8242.080978349748
29509,9632.669659056628
29510,7288.0583180015365
29511,5904.299568707362
29512,6090.983181696383
29513,8889.977018343976
29514,7885.874763894184
29515,6211.150906072274
29516,6602.921880542815
29517,7801.2594572367425
29518,5478.786769261894
29519,4702.250797851011
29520,8353.125770236347
29521,5925.506943646637
29522,7001.990751734998
29523,5695.807322190356
29524,4069.9175253435624
29525,8888.327130215428
29526,5860.158012881653
29527,6291.229138378349
29528,5540.283487821193
29529,6021.266496943852
29530,6237.0421768582955
29531,6018.063091686999
29532,6782.489110625547
29533,6235.256477819632
29534,4727.819808484471
29535,5023.089258949899
29536,5074.727074157152
29537,6417.269941660372
29538,16491.689567393223
29539,4851.598496569589
29540,6086.742670672203
29541,6879.5397560025995
29542,4870.789894240428
29543,4527.051761140911
29544,5915.041929764773
29545,4793.510391078213
29546,6645.830953280285
29547,6847.895281162831
29548,4932.5326562994005
29549,6813.312310209583
29550,4473.827990927439
29551,5213.727029934439
29552,6772.230180425078
29553,7302.749159252623
29554,8738.884395679235
29555,5528.2951376729325
29556,5994.961209589406
29557,4612.769201392864
29558,6124.037977649955
29559,12094.76865140797
29560,8391.002961611794
29561,6451.171989582441
29562,4791.219020756689
29563,6384.809464262536
29564,5241.537823679825
29565,4544.99926772493
29566,7485.70817406416
29567,5364.655501214662
29568,5419.133056415635
29569,6711.547899404969
29570,5869.987172765373
29571,5374.294248974207
29572,5671.367052657535
29573,6377.502114027288
29574,5989.952855480794
29575,4793.654457530042
29576,5381.573294610701
29577,6580.331060303299
29578,7136.006032076617
29579,6517.095026081825
29580,6968.14194018751
29581,4473.127373228325
29582,6804.141776820624
29583,5165.458263650941
29584,5808.4387834480685
29585,5835.4969741729965
29586,6840.99921415671
29587,5271.453223445613
29588,6545.8246008087335
29589,6466.090270673287
29590,5709.358669758843
29591,6003.500903962063
29592,6054.370129675846
29593,5835.325102980238
29594,5502.389651664889
29595,6991.449626572098
29596,6146.757065934255
29597,5143.741870590407
29598,8645.41340949236
29599,4956.679250000867
29600,5050.06853939074
29601,6260.220439690666
29602,7512.100016608388
29603,8564.644998882177
29604,5614.020535218232
29605,6685.462245350209
29606,5439.0464663634675
29607,6636.463681166213
29608,6508.469447094043
29609,6478.492548985019
29610,3728.2872819607683
29611,5724.175817571476
29612,6383.6308426140695
29613,5353.968785871309
29614,4499.051104233999
29615,6789.62644066609
29616,6546.421834141506
29617,5799.845277345788
29618,6939.0719009208915
29619,6821.8474944487525
29620,8158.755050896968
29621,5458.083924402528
29622,5506.25475085483
29623,5709.748850575844
29624,6572.007979624992
29625,6683.085005888166
29626,4809.790743727695
29627,8390.500281720047
29628,6327.368951342901
29629,6271.076013779489
29630,5166.229795197989
29631,4899.5186625309325
29632,6492.76814747404
29633,5171.942087781976
29634,8186.805434996364
29635,5881.76508732007
29636,5538.318901888625
29637,7490.253321131888
29638,5724.766596504937
29639,5535.286048328111
29640,6676.84868354918
29641,5515.764702682259
29642,7615.699864009227
29643,8416.773784484358
29644,6595.486267237711
29645,5922.491033037503
29646,5446.209556136965
29647,4646.171012115666
29648,3687.647131127995
29649,6644.9152630133185
29650,5608.274019547667
29651,7485.945177167489
29652,5334.113464500418
29653,5827.421273003296
29654,5316.980716399439
29655,8625.324293991136
29656,5661.392129093742
29657,5743.219530994962
29658,6144.786551575686
29659,6490.694898879992
29660,6020.245503316465
29661,6563.878829862372
29662,6893.013562627278
29663,8614.695181400783
29664,6699.690609968402
29665,6996.813800338162
29666,6534.0803940746955
29667,5160.317470897608
29668,5472.443460054621
29669,8081.328576777506
29670,7442.839635691189
29671,6979.2944647605655
29672,14636.5300694458
29673,5642.405039838979
29674,5866.457698591005
29675,5111.174570716674
29676,7085.164296506924
29677,8034.488202886247
29678,6365.95815280647
29679,7075.400464665444
29680,7358.449553751341
29681,5579.7155455459815
29682,6524.906499281376
29683,5355.613746651072
29684,5644.96274722167
29685,5519.90275131317
29686,5073.082010387015
29687,5034.3924878774205
29688,7005.6655779080675
29689,14530.712421641265
29690,6769.786293816938
29691,5452.097734177038
29692,5978.9958703132515
29693,5068.397989142561
29694,6485.417660789686
29695,4155.168502441488
29696,7879.994176665625
29697,6790.979058076426
29698,6622.651367617547
29699,10154.876284045276
29700,10290.718795732964
29701,6404.741657907517
29702,6224.0140873222335
29703,5119.3594802319085
29704,5546.309088169121
29705,6597.880011138629
29706,7020.983218175701
29707,4704.802107767686
29708,4980.955801750731
29709,4194.199969075772
29710,5507.132259619863
29711,5596.452526856327
29712,6013.597659531788
29713,5220.697046900518
29714,6799.791825021123
29715,6018.290107726506
29716,5746.920866840011
29717,5303.679325349045
29718,4737.222882572186
29719,6563.609384824214
29720,4375.342863942186
29721,8325.87788253389
29722,5431.47545657782
29723,4572.572515521595
29724,6458.32857987232
29725,5298.447118599193
29726,5229.357458320021
29727,5270.161162077989
29728,5466.150542796464
29729,7666.581383121536
29730,8021.921130009719
29731,6479.690392466973
29732,4794.165377058738
29733,5905.603176291398
29734,6168.104940508458
29735,6088.528591746395
29736,5482.876919083652
29737,6757.43204051101
29738,9000.103749977041
29739,6445.416873656237
29740,6009.8350943214255
29741,5930.356955335605
29742,5085.82192869653
29743,7941.85771236905
29744,5505.920757591671
29745,10034.955721965556
29746,5646.606111999594
29747,5573.9701794261355
29748,4942.288988400813
29749,5119.651331388574
29750,6721.46274982186
29751,17009.243030214137
29752,4186.927811917668
29753,5306.7135744315365
29754,7516.652888406674
29755,6278.970132649888
29756,6137.713519734106
29757,7254.4630067076405
29758,5159.600158637541
29759,5214.003642458737
29760,4626.043058194785
29761,7259.657454267444
29762,5194.005442489143
29763,6968.781028348871
29764,5775.392940551432
29765,5151.8164933429425
29766,6866.026605108289
29767,5894.637177081987
29768,4310.119980359558
29769,7880.762514384248
29770,7301.892042286488
29771,4391.543651164522
29772,7108.313013407257
29773,5592.49771823289
29774,5329.264156353062
29775,8335.66609017187
29776,6228.570773726431
29777,6656.45594996885
29778,5091.6536406982295
29779,4977.33977636317
29780,6330.373250660959
29781,3678.1929907923704
29782,7111.710743935147
29783,4466.9412996843985
29784,5827.246336775674
29785,4784.068249199499
29786,6263.604342416072
29787,5360.813760842028
29788,6192.307970598081
29789,5337.415877280123
29790,6269.125873873963
29791,5946.3085046298165
29792,6938.652536492126
29793,5815.863914577025
29794,6930.913043017876
29795,7491.407946332483
29796,7398.6065082591695
29797,4673.3911770069735
29798,5577.11793612473
29799,6765.050480547465
29800,4999.835219895744
29801,7732.728021916595
29802,5864.472534243528
29803,7645.866547238953
29804,7579.822658566927
29805,7611.399623989494
29806,4762.766781533063
29807,7480.558320779055
29808,8237.689806524188
29809,5948.631275696982
29810,6631.294881659562
29811,7432.643669919744
29812,6143.086311193378
29813,5558.288439838919
29814,6166.1936891401
29815,5660.992933717294
29816,5680.787494583718
29817,6256.254036764548
29818,5454.785211715746
29819,5378.385437070792
29820,6434.640142272523
29821,6139.152889580546
29822,6622.91192787145
29823,6672.259585356214
29824,6543.624072673826
29825,6138.012825219413
29826,6543.81150288309
29827,6335.12594712322
29828,5867.1463549211685
29829,5961.399816587012
29830,5930.529961501088
29831,6865.161892619957
29832,5993.995505688329
29833,5396.84669414883
29834,6306.285053550017
29835,6431.747608334912
29836,5858.3650114030415
29837,5758.3871349496185
29838,5051.751026600221
29839,5929.501548954152
29840,6913.363363123415
29841,5646.336519420024
29842,6401.749911763218
29843,6734.491572015158
29844,5272.575146891439
29845,5161.272892892426
29846,4166.39917481208
29847,5731.596879311001
29848,6799.317633902632
29849,5931.336597220987
29850,6859.448300776933
29851,7485.692984241056
29852,5589.594070590827
29853,6847.594570174325
29854,5177.750932515802
29855,4710.088977699729
29856,6395.453447687984
29857,8261.99193346313
29858,6432.0990514233235
29859,6644.970019506013
29860,5071.39474606659
29861,6369.770892266363
29862,7679.87140145457
29863,5308.858384086325
29864,6648.337852112648
29865,4879.099486099733
29866,4799.917751871143
29867,5014.162854332331
29868,5795.684758381557
29869,5539.842432991434
29870,5061.2810118407415
29871,6227.836380513114
29872,4518.644793165326
29873,6053.009068730565
29874,6378.551183976326
29875,5247.780813060374
29876,6246.130329437308
29877,6887.4506294320745
29878,4925.188736829831
29879,5836.562960769145
29880,7187.761876707871
29881,6811.427314915802
29882,6263.9197038115335
29883,4779.279146652535
29884,9491.918008195302
29885,5748.827871798686
29886,5393.366815616153
29887,7768.32282129802
29888,6970.082404194897
29889,7108.364110540921
29890,6427.021395108184
29891,6489.286433979873
29892,6890.402560480411
29893,10655.163668098898
29894,4848.512427845267
29895,5067.409506622768
29896,5655.5781503050375
29897,7032.870805588807
29898,5954.421316879934
29899,7437.739651411821
29900,6617.844066752865
29901,5053.797973708048
29902,4949.674827482672
29903,5995.918895861841
29904,7042.782771340824
29905,4914.800022618341
29906,6217.452858896957
29907,4303.893453414892
29908,6300.057875296789
29909,6091.60340943542
29910,6303.4883115146695
29911,7276.805420095815
29912,6080.509859124266
29913,5356.207588511096
29914,6486.018464299005
29915,6538.952987780344
29916,7291.639485134408
29917,6638.173191090092
29918,6775.983294623688
29919,5299.89708761291
29920,5497.533275800313
29921,8300.631234955248
29922,5049.572635658282
29923,8741.92419918126
29924,6532.656711475015
29925,5470.059532458896
29926,6322.197555831957
29927,5275.957290528559
29928,6287.6442105750075
29929,6511.320796988762
29930,4037.468998070948
29931,4860.622708586823
29932,6341.6894953533165
29933,7124.497457201579
29934,8025.802751510991
29935,5866.386872877876
29936,5802.5774605261795
29937,5643.224693948271
29938,6835.633686816148
29939,5462.716511449547
29940,8527.699277584981
29941,7203.979590056519
29942,9535.215656410543
29943,4884.758969208768
29944,5333.510130470574
29945,10449.614015349276
29946,8347.879460388967
29947,5261.79915701825
29948,8457.23006007677
29949,5367.422711767525
29950,5439.635314970881
29951,4844.384052174394
29952,5025.119746176918
29953,5112.905183807165
29954,4938.224249415761
29955,4717.33721667247
29956,4946.133722651872
29957,7819.8191453074605
29958,6641.509238090536
29959,19952.316904124084
29960,5922.14374931052
29961,4461.815701909413
29962,5139.0329184392185
29963,7986.918895080499
29964,5283.730302194746
29965,6324.514550847716
29966,4924.031032312434
29967,6819.902652110573
29968,6647.775866217209
29969,4076.214702025505
29970,4842.413883245776
29971,6260.983761780654
29972,6617.116177553332
29973,5784.871129203001
29974,5630.542911713948
29975,5303.0829091623555
29976,4636.046263102767
29977,7039.9322706093935
29978,8144.029112284235
29979,8777.241723242107
29980,8359.235835431535
29981,6369.617791950189
29982,4850.243810787862
29983,5699.523072437309
29984,3866.3952824721373
29985,7770.550031055765
29986,8032.521390551006
29987,8020.898844385088
29988,4793.246412902416
29989,3931.8855146838077
29990,4455.578229468001
29991,5460.362814306656
29992,8052.6215793713045
29993,5413.04647005233
29994,4633.6508212866
29995,4463.445072387579
29996,6608.734046996416
29997,4041.1658219779433
29998,6087.571375520408
29999,4428.473450686533
30000,5802.519800524712
30001,5772.061072664152
30002,5327.835847916203
30003,6135.681850503727
30004,5905.337199118902
30005,5045.181781313822
30006,5323.177197194781
30007,5773.737629368226
30008,8456.924933111724
30009,5236.450505210133
30010,6973.815468546166
30011,6460.152854237109
30012,6998.763151620649
30013,6171.110442313742
30014,6679.930015814871
30015,4448.732755856825
30016,6004.224521298966
30017,5555.816850291055
30018,5788.639295534739
30019,7683.8907414950945
30020,6143.124643329595
30021,4562.035399082991
30022,5649.009510600231
30023,5399.3842766980815
30024,7516.620716763564
30025,4738.339916658491
30026,9821.357476011699
30027,4527.614968777063
30028,5199.318202659646
30029,6382.222488011349
30030,5105.799179416539
30031,5194.202432527426
30032,5484.755529935216
30033,5858.075466500171
30034,5133.791022275337
30035,4804.345419326001
30036,6104.037590047137
30037,6033.93705090581
30038,5459.309206221308
30039,5044.709090164554
30040,6083.106419300659
30041,8232.3985711415
30042,6189.462085470322
30043,5047.022269852105
30044,5988.128528639222
30045,5298.768881383331
30046,6508.1754893514335
30047,6077.037484495927
30048,4605.906169851524
30049,6390.029263181054
30050,6096.4416512406315
30051,5510.403113227148
30052,6971.038600186064
30053,4594.388875803725
30054,5132.974682487034
30055,4565.509494363388
30056,6042.583384724287
30057,6996.86189221826
30058,4564.600347134698
30059,4900.212457946257
30060,5754.558111863943
30061,5353.397921183311
30062,5614.789001926815
30063,5601.680327953604
30064,5434.912226797216
30065,6193.342142038578
30066,4744.873114063605
30067,5017.322694396016
30068,5471.787228928217
30069,7410.530810654171
30070,6063.35008479746
30071,6557.414788150024
30072,6827.814563831051
30073,5167.806490904065
30074,6772.468836251852
30075,5660.675118327103
30076,5659.051690347691
30077,7272.568495011346
30078,5344.481061148796
30079,7648.135159592046
30080,6888.5601292807105
30081,6383.799294054461
30082,5466.370365761513
30083,6895.642604725795
30084,6332.546396940654
30085,4912.627174486243
30086,4243.184897552546
30087,5571.816071125583
30088,6277.281848041685
30089,5308.701421677938
30090,5066.856479129419
30091,6885.841606747378
30092,5619.8184222634745
30093,5336.88046397783
30094,5145.503046847362
30095,5196.983993120839
30096,6804.9946671969865
30097,5819.667942374108
30098,5709.848624459181
30099,4755.4949662552335
30100,5485.149581137895
30101,5979.070384811643
30102,4563.067996762433
30103,5504.947162599974
30104,4269.804654503831
30105,6305.158479243366
30106,5129.677457550552
30107,5408.172063735253
30108,7578.888043240905
30109,5598.178899531203
30110,5000.2154225497825
30111,10098.9973522321
30112,5562.585080667768
30113,5873.964161545538
30114,5852.068379993037
30115,4652.554524658848
30116,6072.237885191259
30117,5104.7786112649865
30118,6339.619548937436
30119,7957.931988807371
30120,5591.2389127088345
30121,3070.1143260253175
30122,4612.816721188043
30123,6077.234783053588
30124,6439.944242613704
30125,5286.65519315659
30126,5372.614484932865
30127,4573.1744940678145
30128,4918.3798426149215
30129,4648.144087221462
30130,4422.335380848802
30131,5249.07095961711
30132,6108.475470617523
30133,5925.067646246663
30134,5691.926295365974
30135,6275.822563677961
30136,6097.369892665856
30137,5963.136410971535
30138,5075.785612694849
30139,7123.079066907004
30140,7500.484894666503
30141,5403.622300614817
30142,6347.760060999055
30143,5628.51031186627
30144,6008.875801913737
30145,4781.128013483568
30146,5506.978509747642
30147,4735.587383983123
30148,7177.802065294561
30149,5636.809425309183
30150,7034.181774955939
30151,7080.506017661789
30152,5591.5588448831895
30153,5830.359415118745
30154,15914.367819269002
30155,8570.51274403797
30156,6109.994748679986
30157,3347.6512141952467
30158,5379.871996191907
30159,7900.533510995081
30160,4555.653543265858
30161,11076.937690698458
30162,16837.312783730362
30163,5905.737998629156
30164,5215.052621236204
30165,6440.77872136138
30166,5465.646127837506
30167,7692.79186100901
30168,4983.830781039264
30169,6610.485544378431
30170,4102.477119996516
30171,5193.377082351568
30172,5841.657527071437
30173,6403.974150439346
30174,6547.553231693783
30175,4726.476093411053
30176,6158.001843528877
30177,6031.403191758601
30178,4896.595705820986
30179,5568.366521167655
30180,5601.161283489729
30181,4818.373332996974
30182,5239.680022688323
30183,5489.337292210091
30184,5115.901233434594
30185,4496.346849740599
30186,5066.751258472163
30187,5661.083891905658
30188,7300.896620457757
30189,6453.434300636578
30190,6513.382804698657
30191,6217.393005524917
30192,4451.798941440983
30193,5438.629162996109
30194,5494.989560629424
30195,4719.514057702415
30196,4861.41772670425
30197,5753.146255828858
30198,5481.704063571751
30199,6231.064360466626
30200,6808.79132295315
30201,5567.394147547421
30202,4613.1423224326545
30203,5407.9399448009135
30204,6891.850839961129
30205,5169.0510422059915
30206,5994.452633834992
30207,12960.752632159627
30208,6132.062166471296
30209,5636.99256164484
30210,5182.7808377558
30211,5076.6928872303215
30212,5609.508016060182
30213,4328.936248033413
30214,5909.04987555572
30215,6937.5579414644835
30216,4860.919409161042
30217,12095.480653381659
30218,8919.663987244361
30219,5105.888291336436
30220,5998.301102249961
30221,5407.152979508673
30222,6425.020139046868
30223,5748.281615069015
30224,8415.801458805161
30225,5591.858246010458
30226,7069.449160141263
30227,5518.341547312056
30228,6415.391621263724
30229,5116.195569356054
30230,7021.086934440607
30231,5458.496208696493
30232,5537.94086004854
30233,5330.457944055672
30234,5879.781652461028
30235,7679.7480406383775
30236,7053.648137188017
30237,5487.415659097535
30238,7552.965032170511
30239,6135.8759971552845
30240,8937.120767160643
30241,4627.698761617163
30242,4675.295171535287
30243,6022.098652249034
30244,7305.032383769507
30245,6163.922999632051
30246,5716.719261830787
30247,6152.147617181511
30248,6044.889528776565
30249,4909.6422032769515
30250,6892.769958270759
30251,6557.9534234092735
30252,4998.873975965262
30253,11382.86708473907
30254,14723.574046952484
30255,6255.101342734867
30256,6354.608415514572
30257,7028.00166337108
30258,8077.339414392076
30259,7969.857633221595
30260,5762.972721515518
30261,6674.675672646711
30262,5657.153362863634
30263,6418.857738449085
30264,4902.194193316281
30265,5650.20558949777
30266,5030.620643861855
30267,5098.829690721957
30268,5434.6084013671825
30269,4531.579719591149
30270,4407.961907541227
30271,5158.883230295859
30272,4402.501255085932
30273,4170.519030324353
30274,5222.640981538537
30275,5408.841825631932
30276,7142.036032586875
30277,6948.917693843414
30278,7304.827592536323
30279,5861.717868757663
30280,5886.0504643836975
30281,7705.149402358004
30282,6297.1476509224
30283,4461.112536044776
30284,5048.974939534064
30285,7267.791801948114
30286,5055.654003043949
30287,5559.066728934484
30288,4836.918050249599
30289,5119.022698356384
30290,7144.415969430125
30291,5147.118167898881
30292,5297.705537298502
30293,6874.813420338381
30294,7561.8792417721925
30295,8835.365113213787
30296,5759.675796059964
30297,7616.64972021522
30298,4220.098081442937
30299,4990.115223171555
30300,5438.385052745485
30301,4397.965909752097
30302,6293.108306551524
30303,4618.220076950856
30304,6647.2822514386025
30305,7035.861110167292
30306,7249.127827035597
30307,7141.086372954615
30308,5033.75277255156
30309,5362.049200006325
30310,8131.123909968977
30311,6273.306609022231
30312,6730.47617832975
30313,5576.262592920854
30314,5795.596883683208
30315,7124.247370465649
30316,5415.912185740043
30317,5979.821898879726
30318,6354.606541373549
30319,6789.79041032278
30320,11080.523884421184
30321,6118.771221031111
30322,11216.819178206317
30323,5530.19680512834
30324,5829.813499472771
30325,4043.8782700479
30326,6245.337570443801
30327,5682.548813079631
30328,4905.933550770979
30329,6737.83174867256
30330,5366.280308458436
30331,4124.01802830605
30332,5401.732277873541
30333,5377.533898653071
30334,6168.340297142375
30335,5681.367850931776
30336,6168.7043491141185
30337,5987.687114848656
30338,5359.188847979234
30339,7045.990837876928
30340,4925.885462066904
30341,4890.281926663351
30342,5498.104797318492
30343,6868.151882844592
30344,8964.450371204493
30345,6427.5952598848235
30346,4417.674003813896
30347,5443.23812484276
30348,6519.262292882722
30349,6005.731440595664
30350,5582.046850232973
30351,6712.6439036943475
30352,5484.386175160698
30353,5961.394123099801
30354,5450.603647289411
30355,6613.650841647026
30356,5337.375718884011
30357,5840.173952525872
30358,5479.235154238554
30359,5222.83100439994
30360,5001.5244721766385
30361,4852.135192291629
30362,6708.223360390864
30363,7418.626572736186
30364,7831.498342737326
30365,9377.119987268467
30366,6888.318146597917
30367,5552.435254122534
30368,5852.151930195122
30369,8610.719778089304
30370,7675.862732933855
30371,5958.425262706511
30372,6380.844569125275
30373,7535.87883361703
30374,5243.4548671013745
30375,4498.903270049909
30376,8328.900002827404
30377,5473.674961986218
30378,6719.759783071028
30379,5489.198390236325
30380,3615.7126279467843
30381,8766.493498852242
30382,5086.458171368058
30383,5534.4566937632
30384,5175.281755680182
30385,5446.959218701114
30386,5872.040444717284
30387,6013.7387704186
30388,5886.5334904548245
30389,5782.379349816246
30390,4649.548977182689
30391,4751.024400673707
30392,4766.905270853272
30393,6078.8918355441365
30394,16441.858088522436
30395,4493.062535289851
30396,5253.926129559963
30397,6572.195900619269
30398,4533.957444986428
30399,4295.894100162815
30400,5116.38179392377
30401,4521.44553280202
30402,5786.458520943354
30403,6090.7140544034455
30404,4595.7002070454
30405,6476.619296972982
30406,4136.995541673438
30407,4816.999133854158
30408,6319.162924371857
30409,6914.758087053679
30410,8520.90887150131
30411,5341.627307635922
30412,5812.264682518618
30413,4341.762652355435
30414,5771.478000084813
30415,11858.063343613607
30416,7453.324233268117
30417,5833.760485721182
30418,4514.703755805825
30419,5621.206692667941
30420,4915.448475188509
30421,4289.086228393577
30422,7217.027088860061
30423,5181.958974143874
30424,4843.666956686847
30425,6000.175956144665
30426,5318.000560820357
30427,5108.100347309172
30428,5459.659879636627
30429,6040.809100790686
30430,5501.721515207353
30431,4534.767689789391
30432,5165.89481862357
30433,5792.579591368718
30434,6902.3598266786885
30435,6172.275893974071
30436,6464.906864560541
30437,4206.93347156329
30438,6005.481640979619
30439,4964.4027896485795
30440,5514.075598896023
30441,5732.85437263938
30442,6578.421671666129
30443,4986.529538164139
30444,6105.433124030843
30445,6171.727086121241
30446,5007.600051388902
30447,5257.58043787748
30448,5817.186873960932
30449,5347.093762706796
30450,5080.7438046590005
30451,6301.193809791886
30452,5712.63864429111
30453,4938.344256936958
30454,8108.021928594168
30455,4608.886389483815
30456,4356.593431467697
30457,6077.5239126198785
30458,6833.04679785685
30459,8381.948471811387
30460,5373.863551094019
30461,6441.614486476067
30462,5172.852564698433
30463,6435.037370478986
30464,5763.059709529715
30465,5763.357305318795
30466,3587.3083173488785
30467,5212.02176854038
30468,5728.198154690906
30469,5452.457403406033
30470,4232.857202568964
30471,6125.186555565403
30472,6484.798853011571
30473,5555.997518471647
30474,6756.375373850105
30475,6102.5798653668535
30476,7494.315165796281
30477,4905.9787014902995
30478,5259.257518249006
30479,5397.943526040064
30480,5881.633551877568
30481,6417.357989665904
30482,4544.063727505433
30483,8027.654256746253
30484,5791.006950478032
30485,5799.545234153249
30486,4875.530221279125
30487,4570.455585630319
30488,5938.1506035407065
30489,4884.044674091204
30490,7609.132651192833
30491,5523.300261122718
30492,5336.892591201398
30493,6724.680774483461
30494,5523.711122502576
30495,5264.689474902732
30496,6400.333418598316
30497,5285.327746044912
30498,7375.823408101307
30499,7760.460492528068
30500,6412.789740166923
30501,5610.685708501724
30502,5154.541089252054
30503,4430.492536128535
30504,3486.2208204407693
30505,6542.272661479702
30506,5090.467232951985
30507,7208.373132146156
30508,4934.619416165889
30509,5309.495875440402
30510,5101.3022404123085
30511,8380.990823103937
30512,4908.791861283353
30513,5225.412744399281
30514,5583.978294155984
30515,6319.181679177303
30516,5315.295588021639
30517,6298.377815310361
30518,6586.1208831951735
30519,8408.148422983923
30520,5947.0903421580115
30521,6387.80666529134
30522,5938.113537819017
30523,4958.655138329844
30524,5016.98828955719
30525,7817.7651194810705
30526,7202.117150759365
30527,6710.6133795564665
30528,14203.743770207331
30529,5440.978729151752
30530,5494.961647562492
30531,4909.748260029446
30532,6548.153330966906
30533,7392.001884327727
30534,5990.79850135604
30535,6597.908526561886
30536,6846.801210376547
30537,5332.718312940158
30538,5926.430989625103
30539,4856.4204176001
30540,5397.965514615847
30541,5035.244980652276
30542,4814.195242646363
30543,4768.665471655158
30544,6511.79020861998
30545,13953.847280500808
30546,6510.944032412043
30547,5185.511390618923
30548,5777.569559626025
30549,4473.033697396716
30550,5746.677595124087
30551,3883.771899248249
30552,7603.684928368701
30553,6073.355118890918
30554,6355.489667680983
30555,10030.874938414128
30556,9821.036749164925
30557,6168.036350113152
30558,6014.60767260125
30559,4482.92711007644
30560,5363.612561098334
30561,6300.543098177283
30562,6434.865583463231
30563,4387.214884987827
30564,4428.426811955223
30565,3982.4927960548634
30566,4975.712253519651
30567,5368.181680118362
30568,5443.8530133797985
30569,4993.9512121917105
30570,6195.54511933038
30571,5829.9944182383915
30572,5364.590409331941
30573,4873.64185566665
30574,4478.161042023836
30575,6318.133766498969
30576,4145.447555501698
30577,8200.248677451638
30578,5011.016913904593
30579,4150.647336916366
30580,6163.625179501875
30581,5010.782887329032
30582,4671.100574647381
30583,4954.231671087525
30584,5278.429615500837
30585,7628.781135319814
30586,7810.3114994591815
30587,5870.344246925714
30588,4628.570774153285
30589,5704.924759907246
30590,5973.499691652885
30591,5638.372704488747
30592,5303.707583241715
30593,6477.197051715
30594,8705.400349606598
30595,6190.916177974383
30596,5782.646994758013
30597,5760.348784609323
30598,4891.216679840957
30599,7696.3820940438045
30600,5256.449338445253
30601,10004.27701314181
30602,5243.420987165842
30603,4933.965087676614
30604,4693.663896343885
30605,4756.876192877339
30606,6520.784333437708
30607,15136.129300011535
30608,3938.302719860739
30609,4795.336810029423
30610,7234.538461038483
30611,5872.558425141837
30612,5878.300178948576
30613,6763.064745001946
30614,4740.3467698770655
30615,4631.728013623715
30616,4248.194902753884
30617,7066.777607333347
30618,4964.110134048655
30619,6768.102611964719
30620,5482.04255656483
30621,4921.921184902454
30622,6564.365735888173
30623,5382.241399863414
30624,3694.7886663735876
30625,7586.059114013803
30626,7035.305698728373
30627,4128.677431135203
30628,6552.924587571744
30629,5190.429410182736
30630,4767.295162427535
30631,7221.292928972541
30632,5638.490017105244
30633,6478.048914185457
30634,4873.788117857268
30635,4575.271468313016
30636,6061.69216545686
30637,3276.124682742224
30638,6867.77780276953
30639,4249.646001573676
30640,5610.321875349816
30641,4531.6891376100775
30642,5673.523585794883
30643,5143.518462731306
30644,5913.861440684004
30645,4935.228958262755
30646,5867.057565823809
30647,5730.544846351211
30648,6756.761514288683
30649,5633.082205214763
30650,6713.617744907153
30651,7379.24066323682
30652,7164.761996657748
30653,3951.4382295227683
30654,5477.336130784056
30655,6474.221223737351
30656,4772.259059451339
30657,7170.87763895828
30658,5162.6326488640025
30659,7428.57124912823
30660,7381.257144072642
30661,7374.609133903655
30662,4499.900561503744
30663,7260.206090877143
30664,8010.501706960781
30665,5448.990656058251
30666,6448.513172297299
30667,7000.697063017669
30668,5510.7374597214575
30669,5340.993141728196
30670,5944.927088063155
30671,5386.779889373803
30672,5417.921274554399
30673,5867.4076733194015
30674,5204.507964688681
30675,5148.046074950589
30676,5856.290303209159
30677,5937.6413966018445
30678,6199.246031672555
30679,6412.542839058577
30680,6342.112579695125
30681,5810.338513260137
30682,6343.118580261035
30683,6035.824413298219
30684,5600.5600113630535
30685,5744.104518476289
30686,5597.952687358539
30687,6631.512564646974
30688,5715.580895792286
30689,5133.98047411951
30690,5710.683924529888
30691,5810.660547703416
30692,5993.396287964842
30693,5498.670388651981
30694,4788.884806570902
30695,5701.925388509748
30696,6613.212065488369
30697,5443.799701959518
30698,6016.426069228252
30699,6172.641189056843
30700,5026.2692028305955
30701,5033.061129201586
30702,3884.803171166318
30703,5399.019605168452
30704,6175.080472010209
30705,5806.879651009384
30706,6768.204868340013
30707,7267.632277771656
30708,5307.995991734258
30709,6501.19047459861
30710,4827.906223088017
30711,4447.22275767041
30712,5996.366663610346
30713,8063.426418968856
30714,6132.797517598323
30715,6571.252881631042
30716,4843.818585622186
30717,6148.504291189418
30718,7462.946940028713
30719,5097.019310918199
30720,6160.073104146393
30721,4575.333084985466
30722,4601.723074061724
30723,4751.296634303012
30724,5559.0894519241565
30725,5287.463321402012
30726,4779.685008194983
30727,5660.465625155856
30728,4226.765851975075
30729,5725.334756771289
30730,6161.255885865603
30731,4872.239120168517
30732,6040.647533492384
30733,6313.481478512452
30734,4799.056112482124
30735,5637.997446274861
30736,6584.775990732588
30737,6500.313278925002
30738,5696.548948454275
30739,4511.629782670654
30740,9267.832587016996
30741,5215.0457613583885
30742,5003.485040400795
30743,7213.707223520606
30744,6732.29827248287
30745,6834.922107246754
30746,5927.380775469454
30747,6269.377499564552
30748,6754.904090601434
30749,10449.808030537037
30750,4615.848743862871
30751,4732.28893701864
30752,5025.8206160136715
30753,6764.9281244992735
30754,5579.9919008576535
30755,7174.7096154259625
30756,6535.449514928139
30757,5056.622940684469
30758,4704.195860969301
30759,5892.655857499213
30760,6774.101686136725
30761,4669.32105610497
30762,5662.837261119542
30763,4112.434330102875
30764,5742.9618237940695
30765,5988.340371072793
30766,6024.520009690034
30767,7170.290569183476
30768,5796.957399853647
30769,4527.091522939801
30770,5862.594707639641
30771,6319.780211705721
30772,6966.783285819081
30773,6327.886132646764
30774,6185.9025380025005
30775,4885.744034495586
30776,5273.933566635063
30777,8062.273045139788
30778,4822.8234527613495
30779,8616.67956465248
30780,5970.8063285167
30781,4640.9434668876
30782,6160.710753919799
30783,5049.208107631626
30784,6008.675908750372
30785,6201.033738545434
30786,3769.5263169814157
30787,4615.143742073452
30788,5737.386274657261
30789,6923.804534579524
30790,7799.053568614059
30791,5037.2708073065805
30792,5640.1289831642825
30793,5480.776216586374
30794,6286.538461437675
30795,5248.556301554869
30796,8119.232067258685
30797,6980.379880891268
30798,9372.76717904865
30799,4318.666758515053
30800,5028.135717130922
30801,10196.404442900888
30802,8142.523822827107
30803,5051.610250089794
30804,7953.81453243814
30805,5140.673528870592
30806,4899.711227661325
30807,4559.708469628552
30808,4594.65513926445
30809,4852.666665598968
30810,4711.4750665188285
30811,4200.699611718496
30812,4700.6547561385005
30813,7339.660725890111
30814,6417.909528925285
30815,19308.58696739098
30816,5126.616328656185
30817,4375.982905409207
30818,5053.200121939012
30819,7830.463800903303
30820,5197.89750569454
30821,6168.05945667052
30822,4838.198235812228
30823,6663.4475579333775
30824,6491.320772040013
30825,3990.3819055252993
30826,4756.581086745569
30827,6104.528667603458
30828,6460.661083376136
30829,5628.416035025805
30830,5544.710115213742
30831,5146.62781498516
30832,4550.21346660256
30833,6954.099474109187
30834,7987.57401810704
30835,8691.408926741899
30836,8273.403038931327
30837,6213.162697772993
30838,4764.411014287655
30839,5543.067978260113
30840,3780.5624859719333
30841,7614.09493687857
30842,7876.0662963738105
30843,7864.443750207892
30844,4707.413616402209
30845,3846.052718183602
30846,4369.745432967795
30847,5303.90772012946
30848,7896.166485194109
30849,5327.2136735521235
30850,4547.818024786394
30851,4377.612275887373
30852,6452.27895281922
30853,3955.3330254777356
30854,5931.116281343212
30855,4342.640654186327
30856,5646.064706347516
30857,5615.605978486956
30858,5171.380753739008
30859,5979.226756326531
30860,5748.8821049417065
30861,4888.726687136626
30862,5237.344400694575
30863,5617.282535191031
30864,8300.469838934523
30865,5150.617708709927
30866,6817.36037436897
30867,6303.697760059913
30868,6842.308057443453
30869,6014.655348136546
30870,6594.0972193146645
30871,4362.899959356619
30872,5847.76942712177
30873,5469.9840537908485
30874,5632.184201357543
30875,7527.435647317899
30876,5986.669549152399
30877,4476.2026025827845
30878,5563.176714100025
30879,5313.551480197875
30880,7430.787920263358
30881,4652.507120158285
30882,9664.902381834503
30883,4441.782172276857
30884,5113.48540615944
30885,6296.389691511143
30886,5019.966382916333
30887,5108.36963602722
30888,5398.92273343501
30889,5701.6203723229755
30890,4977.335928098141
30891,4647.8903251488055
30892,6018.204793546931
30893,5877.481956728614
30894,5373.476409721102
30895,4888.253995987358
30896,5997.273622800452
30897,8075.943476964305
30898,6033.006991293126
30899,4890.567175674909
30900,5831.673434462026
30901,5212.936084883125
30902,6351.720395174238
30903,5920.582390318731
30904,4520.073373351318
30905,6233.5741690038585
30906,5939.986557063436
30907,5424.570316726942
30908,6814.583506008868
30909,4508.556079303518
30910,5047.141885986828
30911,4479.676697863181
30912,5886.128290547091
30913,6911.029095718054
30914,4478.767550634491
30915,4814.379661446051
30916,5598.103017686747
30917,5267.565124683105
30918,5458.333907749619
30919,5515.847531453398
30920,5349.07943029701
30921,6036.887047861382
30922,4588.418019886409
30923,4931.48989789581
30924,5385.9544324280105
30925,7254.075716476975
30926,5977.517288297254
30927,6400.959693972828
30928,6671.359469653855
30929,5081.973694403859
30930,6616.013742074656
30931,5574.842321826896
30932,5573.218893847485
30933,7116.1134008341505
30934,5258.648264648589
30935,7491.68006541485
30936,6732.105035103515
30937,6297.966497554255
30938,5309.915271584317
30939,6739.187510548599
30940,6176.091302763458
30941,4826.794377986037
30942,4157.35210105234
30943,5415.360976948387
30944,6191.449051541479
30945,5222.868625177732
30946,4981.023682629213
30947,6800.008810247172
30948,5533.985625763268
30949,5251.047667477624
30950,5059.670250347156
30951,5111.151196620633
30952,6648.539573019791
30953,5733.835145873902
30954,5624.015827958975
30955,4599.039872078038
30956,5399.316784637689
30957,5822.615290634447
30958,4477.2352002622265
30959,5348.492068422778
30960,4183.971858003625
30961,6219.32568274316
30962,5043.844661050346
30963,5322.3392672350465
30964,7422.432949063709
30965,5512.346103030996
30966,4843.760328372587
30967,9942.542258054904
30968,5476.752284167562
30969,5717.509067368343
30970,5766.23558349283
30971,4566.721728158642
30972,5915.782791014063
30973,5018.94581476478
30974,6183.16445476024
30975,7872.099192307165
30976,5434.783818531639
30977,2984.2815295251116
30978,4456.361627010847
30979,5920.779688876392
30980,6354.111446113498
30981,5200.822396656384
30982,5286.7816884326585
30983,4487.341697567608
30984,4761.924748437726
30985,4562.311290721255
30986,4336.5025843485955
30987,5092.615865439914
30988,5952.020376440327
30989,5839.234849746456
30990,5606.093498865767
30991,6119.367469500765
30992,5940.91479848866
30993,5806.681316794339
30994,4919.330518517653
30995,7037.2462704067975
30996,7414.652098166297
30997,5317.78950411461
30998,6261.927264498849
30999,5472.055217689074
31000,5852.420707736541
31001,4695.295216983362
31002,5421.145713247436
31003,4649.754587482917
31004,7021.346971117365
31005,5550.976628808977
31006,6877.726680778743
31007,6924.050923484593
31008,5435.103750705994
31009,5744.526618618539
31010,15757.912725091806
31011,8414.05764986077
31012,5953.53965450279
31013,3261.8184176950404
31014,5223.416902014711
31015,7744.078416817885
31016,4469.820746765652
31017,10920.482596521262
31018,16751.479987230152
31019,5749.28290445196
31020,5129.2198247359975
31021,6354.945924861174
31022,5379.8133313373
31023,7536.336766831814
31024,4897.997984539058
31025,6454.030450201235
31026,3946.022025819321
31027,5107.544285851362
31028,5685.202432894241
31029,6247.51905626215
31030,6391.0981375165875
31031,4570.020999233857
31032,6001.546749351681
31033,5945.5703952583945
31034,4810.76290932078
31035,5482.533724667449
31036,5515.328486989522
31037,4732.540536496767
31038,5153.847226188117
31039,5403.504495709884
31040,5030.068436934388
31041,4410.514053240393
31042,4980.918461971956
31043,5575.251095405451
31044,7215.063823957551
31045,6296.979206459382
31046,6356.927710521461
31047,6060.937911347721
31048,4295.343847263787
31049,5352.7963664959025
31050,5409.156764129218
31051,4563.058963525219
31052,4775.584930204043
31053,5667.313459328651
31054,5395.871267071545
31055,6074.60926628943
31056,6652.336228775954
31057,5481.561351047215
31058,4527.309525932448
31059,5251.484850623718
31060,6806.018043460923
31061,5083.218245705785
31062,5837.997539657797
31063,12804.297537982431
31064,5975.6070722941
31065,5480.537467467644
31066,5096.948041255594
31067,4990.860090730115
31068,5427.358153367555
31069,4172.481153856217
31070,5752.594781378524
31071,6781.102847287288
31072,4704.464314983846
31073,12009.647856881453
31074,8833.83119074415
31075,4949.43319715924
31076,5841.8460080727655
31077,5250.697885331477
31078,6268.565044869672
31079,5662.448818568809
31080,8259.346364627969
31081,5506.025449510252
31082,6912.994065964067
31083,5432.5087508118495
31084,6258.936527086528
31085,4959.740475178858
31086,6935.254137940401
31087,5372.663412196287
31088,5452.108063548334
31089,5174.002849878476
31090,5723.326558283832
31091,7523.292946461182
31092,6897.193043010821
31093,5330.9605649203395
31094,7467.132235670305
31095,5979.420902978089
31096,8780.665672983447
31097,4471.243667439967
31098,4589.462375035081
31099,5865.643558071838
31100,7148.577289592311
31101,6007.467905454855
31102,5630.886465330581
31103,5995.692523004315
31104,5888.4344345993695
31105,4753.187109099756
31106,6736.314864093563
31107,6401.498329232078
31108,4913.041179465055
31109,11297.034288238863
31110,14567.118952775289
31111,6169.268546234661
31112,6198.153321337376
31113,6942.168866870874
31114,7991.50661789187
31115,7813.402539044399
31116,5677.139925015312
31117,6588.842876146505
31118,5500.6982686864385
31119,6333.024941948879
31120,4816.361396816074
31121,5493.750495320574
31122,4874.165549684659
31123,5012.996894221751
31124,5348.775604866976
31125,4375.124625413953
31126,4322.129111041021
31127,5002.428136118663
31128,4316.668458585726
31129,4084.6862338241467
31130,5066.185887361341
31131,5323.009029131726
31132,6985.580938409679
31133,6792.462599666218
31134,7148.372498359127
31135,5705.2627745804675
31136,5729.595370206502
31137,7548.694308180809
31138,6140.6925567452045
31139,4375.27973954457
31140,4892.519845356868
31141,7111.336707770918
31142,4899.198908866753
31143,5402.611634757288
31144,4680.462956072403
31145,5033.189901856178
31146,6987.960875252929
31147,5061.285371398675
31148,5141.2504431213065
31149,6718.358326161185
31150,7405.424147594997
31151,8749.532316713578
31152,5603.2207018827685
31153,7530.816923715014
31154,4134.26528494273
31155,4904.282426671349
31156,5352.552256245279
31157,4312.133113251891
31158,6207.275510051318
31159,4532.38728045065
31160,6490.827157261407
31161,6879.406015990096
31162,7092.672732858401
31163,6949.006897691684
31164,4947.919976051354
31165,5205.594105829129
31166,7974.6688157917815
31167,6116.851514845035
31168,6574.021084152554
31169,5419.8074987436585
31170,5709.764087183002
31171,7038.414573965442
31172,5259.457091562847
31173,5893.98910237952
31174,6198.151447196353
31175,6633.335316145584
31176,10924.068790243988
31177,5962.316126853915
31178,11060.364084029121
31179,5444.364008628134
31180,5673.358405295575
31181,3958.0454735476947
31182,6159.504773943595
31183,5596.716016579425
31184,4749.478456593783
31185,6581.376654495364
31186,5209.82521428124
31187,4038.185231805844
31188,5245.277183696345
31189,5221.078804475876
31190,6082.507500642168
31191,5524.91275675458
31192,6082.871552613912
31193,5831.23202067146
31194,5273.356051479028
31195,6889.535743699732
31196,4840.052665566698
31197,4733.826832486156
31198,5341.649703141296
31199,6711.6967886673965
31200,8878.617574704283
31201,6271.140165707628
31202,4331.84120731369
31203,5357.405328342554
31204,6362.807198705526
31205,5849.276346418468
31206,5496.214053732767
31207,6556.188809517152
31208,5398.553378660492
31209,5804.939028922605
31210,5294.148553112215
31211,6457.19574746983
31212,5180.920624706815
31213,5683.718858348676
31214,5322.780060061358
31215,5066.375910222744
31216,4845.069377999443
31217,4766.302395791423
31218,6551.7682662136685
31219,7262.17147855899
31220,7675.04324856013
31221,9220.66489309127
31222,6731.863052420721
31223,5395.9801599453385
31224,5695.696836017926
31225,8454.264683912103
31226,7519.407638756659
31227,5872.592466206304
31228,6295.011772625068
31229,7379.423739439834
31230,5157.622070601168
31231,4413.070473549703
31232,8243.067206327196
31233,5317.219867809022
31234,6563.3046888938325
31235,5403.365593736119
31236,3529.879831446578
31237,8610.03840467505
31238,4930.003077190862
31239,5378.001599586004
31240,5018.826661502986
31241,5290.504124523918
31242,5715.585350540088
31243,5927.905973918394
31244,5800.700693954618
31245,5625.92425563905
31246,4563.716180682482
31247,4665.1916041735
31248,4681.072474353065
31249,5993.05903904393
31250,16285.402994345244
31251,4407.229738789645
31252,5097.471035382767
31253,6415.740806442073
31254,4448.124648486221
31255,4210.061303662609
31256,4959.926699746574
31257,4435.612736301814
31258,5594.379045680423
31259,5934.25896022625
31260,4509.867410545194
31261,6390.7865004727755
31262,4051.162745173232
31263,4660.544039676962
31264,6233.330127871651
31265,6828.925290553473
31266,8364.453777324117
31267,5255.794511135716
31268,5726.431886018412
31269,4255.929855855229
31270,5615.022905907617
31271,11701.608249436411
31272,7296.869139090921
31273,5677.305391543986
31274,4358.248661628629
31275,5464.751598490745
31276,4758.993381011313
31277,4203.25343189337
31278,7060.571994682865
31279,5096.126177643668
31280,4757.8341601866405
31281,5843.720861967469
31282,5232.167764320151
31283,5022.267550808966
31284,5373.827083136421
31285,5954.97630429048
31286,5415.888718707147
31287,4448.934893289184
31288,5080.062022123364
31289,5636.124497191522
31290,6816.527030178482
31291,6015.820799796875
31292,6308.451770383345
31293,4121.100675063084
31294,5849.026546802424
31295,4878.569993148373
31296,5357.620504718827
31297,5647.021576139174
31298,6421.966577488934
31299,4900.696741663933
31300,5948.978029853647
31301,6015.271991944045
31302,4921.767254888696
31303,5101.125343700284
31304,5731.354077460725
31305,5261.26096620659
31306,4994.911008158794
31307,6144.738715614691
31308,5626.8058477909035
31309,4852.511460436752
31310,7951.566834416972
31311,4452.431295306619
31312,4200.138337290501
31313,5991.691116119672
31314,6747.214001356644
31315,8296.11567531118
31316,5288.030754593813
31317,6285.159392298871
31318,5087.019768198226
31319,6349.20457397878
31320,5606.604615352519
31321,5606.902211141599
31322,3501.4755208486717
31323,5055.566674363185
31324,5571.743060513711
31325,5366.624606905827
31326,4147.024406068757
31327,5968.731461388207
31328,6398.9660565113645
31329,5399.542424294451
31330,6670.542577349898
31331,5946.124771189658
31332,7337.860071619085
31333,4820.145904990093
31334,5173.4247217488
31335,5241.488431862868
31336,5725.178457700372
31337,6331.525193165698
31338,4458.230931005227
31339,7871.199162569057
31340,5705.174153977826
31341,5713.712437653043
31342,4789.6974247789185
31343,4414.000491453123
31344,5781.695509363511
31345,4798.211877590998
31346,7452.677557015637
31347,5437.467464622512
31348,5251.059794701192
31349,6568.2256803062655
31350,5437.878326002369
31351,5178.856678402526
31352,6243.87832442112
31353,5199.494949544705
31354,7219.368313924111
31355,7674.627696027862
31356,6326.956943666717
31357,5454.230614324528
31358,5068.708292751848
31359,4344.659739628329
31360,3400.3880239405617
31361,6456.439864979496
31362,5004.634436451779
31363,7051.918037968961
31364,4848.786619665682
31365,5223.663078940196
31366,5015.469443912102
31367,8224.535728926732
31368,4752.336767106157
31369,5139.579947899075
31370,5427.523199978788
31371,6233.348882677096
31372,5158.840493844443
31373,6141.922721133165
31374,6429.665789017978
31375,8322.315626483714
31376,5790.635247980816
31377,6231.3515711141445
31378,5781.658443641822
31379,4872.8223418296375
31380,4931.155493056984
31381,7661.310025303875
31382,7116.284354259159
31383,6554.158285379271
31384,14047.288676030135
31385,5355.145932651546
31386,5338.506553385296
31387,4823.91546352924
31388,6391.69823678971
31389,7235.546790150531
31390,5904.965704855834
31391,6441.45343238469
31392,6690.346116199351
31393,5246.885516439952
31394,5769.9758954479075
31395,4770.587621099894
31396,5312.13271811564
31397,4949.41218415207
31398,4728.362446146157
31399,4682.832675154952
31400,6355.335114442784
31401,13797.392186323612
31402,6354.488938234847
31403,5029.056296441727
31404,5691.7367631258185
31405,4316.57860321952
31406,5590.222500946891
31407,3727.316805071052
31408,7447.229834191505
31409,5916.900024713722
31410,6199.034573503787
31411,9874.419844236932
31412,9664.581654987729
31413,6011.5812559359565
31414,5928.774876101043
31415,4326.472015899244
31416,5277.779764598127
31417,6144.0880040000875
31418,6278.410489286035
31419,4301.38208848762
31420,4271.971717778027
31421,3896.6599995546585
31422,4819.257159342455
31423,5282.348883618156
31424,5287.397919202603
31425,4837.496118014515
31426,6039.090025153184
31427,5744.161621738185
31428,5278.757612831735
31429,4787.809059166444
31430,4392.328245523629
31431,6161.678672321773
31432,4059.6147590014907
31433,8043.793583274448
31434,4925.184117404387
31435,4064.814540416165
31436,6007.170085324679
31437,4924.9500908288255
31438,4514.645480470185
31439,4868.3988745873185
31440,5192.596819000631
31441,7542.948338819608
31442,7724.478702958975
31443,5713.889152748518
31444,4542.737977653079
31445,5619.09196340704
31446,5887.666895152679
31447,5481.9176103115515
31448,5217.874786741509
31449,6320.741957537804
31450,8548.945255429397
31451,6034.461083797187
31452,5626.191900580817
31453,5674.515988109117
31454,4805.383883340751
31455,7539.926999866609
31456,5170.616541945046
31457,9918.444216641603
31458,5157.588190665636
31459,4777.509993499418
31460,4607.831099843679
31461,4600.421098700143
31462,6434.951536937501
31463,14979.674205834339
31464,3852.469923360532
31465,4709.5040135292165
31466,7078.083366861287
31467,5716.103330964641
31468,5721.84508477138
31469,6606.60965082475
31470,4654.513973376859
31471,4475.272919446519
31472,4162.362106253678
31473,6980.944810833141
31474,4878.2773375484485
31475,6682.269815464512
31476,5396.209760064624
31477,4836.088388402248
31478,6478.5329393879665
31479,5225.786305686218
31480,3538.3335721963913
31481,7429.604019836607
31482,6878.850604551177
31483,4042.844634634996
31484,6396.469493394548
31485,5104.59661368253
31486,4610.840068250339
31487,7064.837834795345
31488,5482.034922928048
31489,6321.593820008261
31490,4787.955321357062
31491,4489.43867181281
31492,5905.237071279664
31493,3190.291886242019
31494,6711.3227085923345
31495,4163.813205073469
31496,5524.4890788496095
31497,4445.856341109871
31498,5517.068491617687
31499,5057.685666231099
31500,5757.406346506808
31501,4849.396161762549
31502,5781.224769323603
31503,5644.712049851005
31504,6600.306420111488
31505,5547.249408714557
31506,6627.784948406947
31507,7222.785569059624
31508,7008.306902480552
31509,3794.983135345571
31510,5391.50333428385
31511,6317.766129560155
31512,4686.426262951133
31513,7014.422544781084
31514,5006.177554686807
31515,7342.738452628024
31516,7295.424347572436
31517,7218.154039726459
31518,4414.067765003538
31519,7103.750996699947
31520,7854.046612783585
31521,5292.535561881055
31522,6362.680375797093
31523,6844.241968840473
31524,5354.282365544262
31525,5255.16034522799
31526,5859.0942915629485
31527,5300.947092873596
31528,5332.088478054193
31529,5781.574876819195
31530,5118.675168188474
31531,5062.213278450383
31532,5699.835209031963
31533,5851.808600101638
31534,6042.790937495359
31535,6256.087744881381
31536,6256.279783194918
31537,5653.883419082941
31538,6257.285783760829
31539,5879.369319121023
31540,5444.104917185858
31541,5658.2717219760825
31542,5512.119890858333
31543,6545.679768146768
31544,5629.74809929208
31545,5048.147677619304
31546,5554.228830352692
31547,5654.2054535262205
31548,5907.563491464635
31549,5342.215294474785
31550,4703.052010070695
31551,5616.0925920095415
31552,6456.756971311173
31553,5357.966905459311
31554,5859.9709750510565
31555,6016.1860948796475
31556,4940.436406330389
31557,4876.60603502439
31558,3798.9703746661116
31559,5313.186808668245
31560,6018.625377833013
31561,5721.046854509178
31562,6682.372071839806
31563,7111.17718359446
31564,5222.163195234051
31565,6344.735380421414
31566,4671.451128910821
31567,4361.389961170204
31568,5839.91156943315
31569,7977.593622468649
31570,5976.342423421127
31571,6485.420085130836
31572,4757.98578912198
31573,6062.671494689212
31574,7377.114143528506
31575,5011.186514417993
31576,6003.618009969197
31577,4489.500288485259
31578,4515.890277561518
31579,4665.463837802806
31580,5473.25665542395
31581,5201.630524901806
31582,4693.852211694777
31583,5504.01053097866
31584,4140.9330554748685
31585,5568.879662594093
31586,6075.423089365397
31587,4715.784025991321
31588,5954.814736992178
31589,6157.026384335256
31590,4642.601018304928
31591,5552.164649774655
31592,6428.320896555392
31593,6343.858184747806
31594,5540.093854277079
31595,4425.796986170448
31596,9111.377492839803
31597,5058.590667181193
31598,4847.029946223599
31599,7057.25212934341
31600,6646.4654759826635
31601,6678.467013069559
31602,5770.925681292259
31603,6183.544703064345
31604,6669.071294101228
31605,10293.352936359843
31606,4530.0159473626645
31607,4646.456140518434
31608,4869.365521836476
31609,6608.473030322078
31610,5494.159104357447
31611,7018.254521248767
31612,6449.616718427933
31613,4970.790144184262
31614,4618.363064469095
31615,5806.823060999007
31616,6617.646591959529
31617,4583.488259604764
31618,5506.382166942346
31619,4026.6015336026667
31620,5586.506729616874
31621,5902.507574572586
31622,5868.0649155128385
31623,7084.4577726832695
31624,5640.502305676451
31625,4370.636428762605
31626,5706.139613462445
31627,6163.325117528525
31628,6880.950489318875
31629,6171.431038469568
31630,6029.447443825305
31631,4799.911237995379
31632,5117.478472457867
31633,7905.8179509625925
31634,4736.990656261143
31635,8530.846768152276
31636,5814.351234339504
31637,4484.488372710404
31638,6004.255659742603
31639,4963.37531113142
31640,5852.2208145731765
31641,6044.578644368238
31642,3613.0712228042203
31643,4529.310945573246
31644,5580.931180480065
31645,6837.971738079318
31646,7713.220772113853
31647,4880.815713129385
31648,5554.296186664076
31649,5394.943420086168
31650,6130.0833672604795
31651,5162.723505054662
31652,8033.399270758478
31653,6823.924786714072
31654,9286.934382548432
31655,4232.833962014846
31656,4871.680622953726
31657,10039.949348723692
31658,7986.0687286499115
31659,4965.777453589588
31660,7797.359438260944
31661,5054.840732370386
31662,4743.256133484129
31663,4473.875673128346
31664,4438.200045087254
31665,4696.2115714217725
31666,4625.642270018622
31667,4114.86681521829
31668,4614.821959638294
31669,7183.205631712915
31670,6261.454434748089
31671,19152.131873213784
31672,4970.161234478989
31673,4376.949996079305
31674,5081.231298855074
31675,8078.350924384967
31676,5225.928682610602
31677,6196.090633586582
31678,4866.229412728289
31679,6691.478734849439
31680,6519.351948956075
31681,3991.348996195397
31682,4784.612263661631
31683,6105.495758273556
31684,6488.692260292198
31685,5656.447211941867
31686,5545.67720588384
31687,5147.594905655257
31688,4578.244643518622
31689,6955.066564779285
31690,8015.605195023101
31691,8692.376017411996
31692,8301.43421584739
31693,6214.129788443091
31694,4792.442191203717
31695,5542.892941395949
31696,3808.5936628879945
31697,7642.126113794631
31698,7875.891259509646
31699,7892.474927123953
31700,4708.380707072307
31701,3874.083895099663
31702,4397.7766098838565
31703,5304.874810799558
31704,7924.19766211017
31705,5328.180764222221
31706,4547.64298792223
31707,4378.57936655747
31708,6480.310129735281
31709,3983.3642023937987
31710,5920.846835968548
31711,4342.465617322163
31712,5674.095883263578
31713,5616.573069157053
31714,5184.341379720427
31715,5979.051719462367
31716,5776.913281857768
31717,4916.757864052688
31718,5265.375577610636
31719,5618.249625861128
31720,8302.442597712708
31721,5150.442671845763
31722,6845.391551285032
31723,6331.728936975975
31724,6843.275148113551
31725,6015.622438806644
31726,6612.153256974216
31727,4390.93113627268
31728,5875.800604037831
31729,5498.01523070691
31730,5621.914755982879
31731,7517.166201943234
31732,5987.636639822496
31733,4504.233779498846
31734,5563.00167723586
31735,5341.582657113937
31736,7483.758735534815
31737,4680.538297074347
31738,9692.933558750565
31739,4469.813349192918
31740,5141.516583075501
31741,6324.420868427204
31742,5020.93347358643
31743,5109.336726697317
31744,5429.10170599342
31745,5701.445335458811
31746,4977.160891233977
31747,4648.857415818903
31748,6007.9353481722665
31749,5878.449047398712
31750,5401.5075866371635
31751,4916.28517290342
31752,6025.304799716514
31753,8076.9105676344025
31754,6061.0381682091875
31755,4903.527801656328
31756,5831.498397597862
31757,5240.967261799186
31758,6341.450949799573
31759,5920.407353454567
31760,4548.10455026738
31761,6234.541259673956
31762,5968.017733979497
31763,5425.53740739704
31764,6827.5441319902875
31765,4536.58725621958
31766,5048.108976656926
31767,4480.643788533279
31768,5887.095381217188
31769,6939.060272634116
31770,4479.734641304589
31771,4815.346752116148
31772,5599.070108356845
31773,5122.0611238220745
31774,5497.590834735438
31775,5555.104458439217
31776,5388.336357282828
31777,6076.1439748472
31778,4589.385110556506
31779,4970.7468248816285
31780,5386.921523098108
31781,7283.238234952293
31782,6016.774215283072
31783,6400.784657108664
31784,6671.184432789691
31785,5082.940785073956
31786,6605.7442966999915
31787,5614.099248812715
31788,5590.258477423944
31789,7105.843955459486
31790,5259.615355318687
31791,7530.936992400669
31792,6731.92999823935
31793,6297.79146069009
31794,5299.645826209653
31795,6778.444437534417
31796,6175.916265899294
31797,4866.051304971856
31798,4196.609028038159
31799,5454.617903934206
31800,6230.705978527298
31801,5223.835715847829
31802,5020.280609615032
31803,6839.26573723299
31804,5573.242552749087
31805,5290.304594463442
31806,5060.637341017254
31807,5150.408123606451
31808,6687.796500005609
31809,5733.660109009737
31810,5663.272754944794
31811,4600.006962748135
31812,5438.573711623508
31813,5823.5823813045445
31814,4516.492127248045
31815,5377.654586898097
31816,4184.938948673723
31817,6219.150645878995
31818,5083.101588036165
31819,5361.596194220865
31820,7423.400039733807
31821,5551.603030016815
31822,4833.490882997922
31823,9981.799185040722
31824,5477.719374837659
31825,5717.334030504178
31826,5805.492510478649
31827,4538.850678287014
31828,5770.278790153033
31829,5058.202741750599
31830,6222.421381746059
31831,7911.356119292985
31832,5474.040745517457
31833,2985.2486201952083
31834,4495.618553996665
31835,5921.74677954649
31836,6353.936409249333
31837,5201.789487326481
31838,5287.748779102756
31839,4488.308788237706
31840,4801.181675423544
31841,4601.568217707074
31842,4375.759511334414
31843,5092.44082857575
31844,5951.845339576163
31845,5878.491776732275
31846,5645.350425851586
31847,6119.192432636601
31848,5930.645353113996
31849,5806.506279930175
31850,4920.297609187751
31851,7076.503197392616
31852,7415.619188836395
31853,5357.046431100429
31854,6301.184191484667
31855,5473.022308359172
31856,5853.3877984066385
31857,4695.120180119197
31858,5460.402640233255
31859,4650.721678153014
31860,7060.603898103183
31861,5551.943719479074
31862,6878.69377144884
31863,6963.307850470412
31864,5424.834305331329
31865,5745.493709288637
31866,15797.169652077624
31867,8423.793117990659
31868,5992.796581488608
31869,3262.785508365137
31870,5224.383992684809
31871,7783.335343803704
31872,4494.007122816828
31873,10921.449687191358
31874,16752.447077900248
31875,5788.539831437779
31876,5168.476751721816
31877,6355.913015531271
31878,5419.070258323119
31879,7575.593693817633
31880,4927.160503014376
31881,6493.287377187054
31882,3946.989116489419
31883,5108.511376521459
31884,5685.0273960300765
31885,6286.775983247969
31886,6392.065228186685
31887,4559.751553859192
31888,6001.371712487517
31889,5984.827322244213
31890,4811.729999990877
31891,5521.790651653268
31892,5516.29557765962
31893,4733.507627166865
31894,5153.672189323953
31895,5442.761422695703
31896,5069.325363920207
31897,4449.770980226212
31898,5020.175388957775
31899,5614.50802239127
31900,7204.794378582887
31901,6286.709761084718
31902,6396.184637507281
31903,6100.194838333539
31904,4296.310937933885
31905,5398.746587098444
31906,5448.413691115036
31907,4564.026054195317
31908,4814.841857189862
31909,5706.57038631447
31910,5395.696230207381
31911,6113.866193275248
31912,6691.593155761772
31913,5481.386314183051
31914,4566.566452918267
31915,5275.671226674894
31916,6805.843006596759
31917,5084.185336375883
31918,5877.254466643615
31919,12843.554464968249
31920,5975.432035429936
31921,5519.794394453463
31922,5096.77300439143
31923,5030.117017715934
31924,5466.615080353374
31925,4211.738080842036
31926,5791.851708364343
31927,6820.359774273106
31928,4705.431405653943
31929,12010.614947551549
31930,8873.088117729967
31931,4949.258160295076
31932,5881.102935058584
31933,5289.954812317295
31934,6307.821971855491
31935,5701.705745554628
31936,8249.0769192533
31937,5507.998208288436
31938,6952.250992949886
31939,5471.765677797668
31940,6298.193454072347
31941,4959.565438314694
31942,6964.416656415719
31943,5372.488375332123
31944,5491.364990534153
31945,5173.827813014312
31946,5724.29364895393
31947,7524.260037131279
31948,6936.44996999664
31949,5330.785528056175
31950,7506.3891626561235
31951,5980.387993648186
31952,8781.632763653544
31953,4510.5005944257855
31954,4590.429465705179
31955,5866.610648741936
31956,7149.544380262409
31957,6007.292868590691
31958,5630.711428466417
31959,5996.659613674413
31960,5889.401525269467
31961,4753.012072235591
31962,6775.571791079382
31963,6440.755256217896
31964,4912.866142600891
31965,11336.29121522468
31966,14606.375879761106
31967,6170.235636904758
31968,6199.1204120074735
31969,6943.1359575409715
31970,8030.763544877688
31971,7852.659466030218
31972,5716.39685200113
31973,6628.099803132323
31974,5501.665359356536
31975,6332.849905084715
31976,4855.618323801893
31977,5533.007422306393
31978,4875.132640354756
31979,5052.25382120757
31980,5388.032531852795
31981,4414.381552399772
31982,4361.38603802684
31983,5002.253099254499
31984,4355.925385571544
31985,4085.6533244942443
31986,5067.152978031439
31987,5323.976119801823
31988,6985.405901545515
31989,6793.429690336316
31990,7187.629425344946
31991,5705.087737716303
31992,5729.4203333423375
31993,7587.951235166626
31994,6179.949483731023
31995,4414.536666530388
31996,4893.486936026966
31997,7112.303798441016
31998,4938.455835852572
31999,5403.5787254273855
32000,4681.430046742501
32001,5072.446828841997
32002,7027.217802238748
32003,5062.252462068773
32004,5130.980997746642
32005,6718.183289297021
32006,7406.391238265094
32007,8788.789243699395
32008,5627.4070779339445
32009,7570.073850700833
32010,4173.522211928549
32011,4905.249517341446
32012,5353.519346915376
32013,4313.100203921988
32014,6246.532437037136
32015,4571.644207436469
32016,6530.084084247225
32017,6918.662942975915
32018,7131.92965984422
32019,6948.831860827519
32020,4987.176903037172
32021,5244.851032814948
32022,7998.8551918429575
32023,6116.676477980871
32024,6613.278011138373
32025,5419.632461879494
32026,5710.731177853099
32027,7077.671500951261
32028,5260.424182232945
32029,5933.2460293653385
32030,6197.976410332189
32031,6672.592243131403
32032,10996.028064936907
32033,5816.812125992885
32034,11099.621011014939
32035,5444.18897176397
32036,5527.854404434544
32037,3997.3024005335133
32038,6198.761700929414
32039,5597.683107249522
32040,4749.303419729619
32041,6620.633581481183
32042,5210.792304951337
32043,4077.4421587916627
32044,5246.244274366442
32045,5260.335731461694
32046,6121.764427627987
32047,5525.879847424678
32048,6122.128479599731
32049,5832.199111341558
32050,5273.181014614864
32051,6928.792670685551
32052,4879.309592552517
32053,4734.793923156253
32054,5341.474666277132
32055,6750.953715653215
32056,8917.874501690101
32057,6272.107256377725
32058,4371.098134299508
32059,5396.662255328372
32060,6402.064125691345
32061,5888.533273404287
32062,5535.470980718585
32063,6595.44573650297
32064,5437.810305646311
32065,5805.906119592702
32066,5295.115643782313
32067,6457.020710605666
32068,5220.177551692634
32069,5735.673219537041
32070,5323.747150731456
32071,5067.343000892842
32072,4884.326304985261
32073,4756.0329504167585
32074,6551.593229349504
32075,7286.357854610166
32076,7674.868211695966
32077,9284.861458432486
32078,6731.688015556557
32079,5425.142678420657
32080,5734.953763003745
32081,8493.52161089792
32082,7558.664565742478
32083,5873.559556876402
32084,6334.268699610887
32085,7418.680666425653
32086,5196.878997586987
32087,4452.3274005355215
32088,8282.324133313015
32089,5318.186958479119
32090,6602.561615879651
32091,5442.622520721938
32092,3530.846922116675
32093,8649.295331660867
32094,4929.828040326698
32095,5378.968690256102
32096,5058.083588488805
32097,5291.471215194016
32098,5754.842277525907
32099,5967.162900904213
32100,5801.667784624716
32101,5626.891346309148
32102,4564.68327135258
32103,4704.448531159319
32104,4720.329401338884
32105,5992.884002179766
32106,16286.370085015344
32107,4446.486665775464
32108,5097.295998518603
32109,6454.997733427892
32110,4487.38157547204
32111,4211.028394332707
32112,4960.893790416671
32113,4474.869663287633
32114,5595.34613635052
32115,5934.083923362085
32116,4549.124337531012
32117,6391.753591142873
32118,4090.4196721590492
32119,4699.80096666278
32120,6233.155091007487
32121,6838.660758683361
32122,8403.710704309935
32123,5295.051438121534
32124,5765.688813004231
32125,4256.896946525327
32126,5615.989996577715
32127,11740.865176422229
32128,7297.836229761018
32129,5667.0359461693215
32130,4397.505588614447
32131,5465.718689160843
32132,4798.250307997132
32133,4242.510358879189
32134,7084.758370734041
32135,5135.383104629486
32136,4758.801250856738
32137,5833.451416592805
32138,5231.992727455987
32139,5061.524477794785
32140,5413.084010122239
32141,5954.8012674263155
32142,5415.713681842983
32143,4488.191820275003
32144,5119.3189491091825
32145,5637.09158786162
32146,6817.49412084858
32147,6055.077726782693
32148,6308.276733519181
32149,4160.357602048903
32150,5848.851509938259
32151,4917.826920134192
32152,5396.8774317046455
32153,5686.278503124992
32154,6461.223504474752
32155,4939.953668649751
32156,5949.945120523745
32157,6054.528918929864
32158,4922.734345558793
32159,5102.092434370382
32160,5770.611004446544
32161,5261.0859293424255
32162,4995.878098828892
32163,6144.563678750526
32164,5626.630810926739
32165,4891.76838742257
32166,7951.3917975528075
32167,4491.688222292438
32168,4201.105427960599
32169,6030.948043105491
32170,6748.181092026742
32171,8335.372602297
32172,5327.287681579632
32173,6324.41631928469
32174,5126.276695184045
32175,6388.461500964599
32176,5606.429578488355
32177,5607.8693018116965
32178,3502.4426115187694
32179,5056.533765033282
32180,5572.710151183808
32181,5367.591697575925
32182,4186.281333054576
32183,5969.698552058305
32184,6399.933147181462
32185,5438.79935128027
32186,6709.799504335717
32187,5947.091861859755
32188,7338.8271622891825
32189,4809.876459615429
32190,5212.681648734619
32191,5280.745358848687
32192,5725.003420836208
32193,6370.782120151516
32194,4497.4878579910455
32195,7872.166253239155
32196,5706.1412446479235
32197,5714.67952832314
32198,4790.664515449016
32199,4453.257418438941
32200,5782.662600033608
32201,4837.468804576816
32202,7453.6446476857345
32203,5437.292427758348
32204,5290.316721687011
32205,6569.192770976363
32206,5477.135252988188
32207,5179.823769072624
32208,6283.135251406939
32209,5238.751876530524
32210,7258.62524090993
32211,7675.5947866979595
32212,6366.213870652536
32213,5493.487541310346
32214,5069.675383421945
32215,4383.916666614147
32216,3439.6449509263794
32217,6495.696791965314
32218,5004.459399587615
32219,7091.174964954779
32220,4849.75371033578
32221,5213.393633565532
32222,5054.726370897921
32223,8263.792655912555
32224,4752.161730241993
32225,5140.547038569172
32226,5428.490290648886
32227,6272.605809662915
32228,5158.665456980279
32229,6171.085239608484
32230,6468.922716003796
32231,8361.572553469534
32232,5790.460211116651
32233,6231.17653424998
32234,5771.388998267157
32235,4912.079268815456
32236,4930.9804561928195
32237,7661.1349884397105
32238,7145.446872734477
32239,6578.344661430447
32240,13858.556181192236
32241,5394.402859637365
32242,5339.473644055393
32243,4863.172390515058
32244,6391.523199925546
32245,7236.513880820628
32246,5904.79066799167
32247,6441.278395520526
32248,6691.313206869449
32249,5286.142443425771
32250,5770.942986118005
32251,4771.554711769992
32252,5351.389645101459
32253,4949.237147287906
32254,4767.619373131975
32255,4722.089602140771
32256,6356.302205112882
32257,13836.64911330943
32258,6393.745865220666
32259,5058.218814917045
32260,5730.993690111637
32261,4317.545693889618
32262,5579.953055572227
32263,3713.8966631207127
32264,7499.18419537987
32265,5916.724987849558
32266,6238.291500489606
32267,9913.67677122275
32268,9665.548745657828
32269,6050.838182921775
32270,5980.729237289409
32271,4327.439106569342
32272,5317.036691583946
32273,6183.344930985906
32274,6278.235452421871
32275,4302.349179157718
32276,4271.7966809138625
32277,3935.9169265404767
32278,4819.082122478291
32279,5321.6058106039745
32280,5288.3650098727
32281,4876.753045000333
32282,6038.91498828902
32283,5783.418548724004
32284,5278.449824804442
32285,4788.776149836542
32286,4393.295336193727
32287,6200.9355993075915
32288,4098.87168598731
32289,8083.050510260267
32290,4926.151208074484
32291,4054.5450950415006
32292,6046.427012310498
32293,4925.917181498923
32294,4515.612571140283
32295,4820.522911211138
32296,5193.563909670728
32297,7582.205265805426
32298,7763.735629944794
32299,5713.714115884354
32300,4581.994904638897
32301,5658.348890392858
32302,5926.923822138497
32303,5482.884700981649
32304,5218.841877411606
32305,6359.998884523623
32306,8588.202182415216
32307,6073.718010783005
32308,5655.354419056135
32309,5703.678506584435
32310,4844.640810326569
32311,7579.183926852427
32312,5171.583632615144
32313,9957.70114362742
32314,5171.632437642442
32315,4778.477084169515
32316,4647.088026829498
32317,4639.678025685962
32318,6474.20846392332
32319,14980.641296504436
32320,3891.72685034635
32321,4709.328976665052
32322,7117.340293847105
32323,5717.0704216347385
32324,5761.1020117572
32325,6620.653897801556
32326,4655.481064046957
32327,4476.240010116617
32328,4163.329196923775
32329,7020.2017378189585
32330,4917.534264534267
32331,6721.526742450331
32332,5396.03472320046
32333,4875.345315388066
32334,6468.263494013302
32335,5225.611268822054
32336,3539.3006628664884
32337,7468.860946822426
32338,6930.804965739542
32339,4082.1015616208147
32340,6397.436584064646
32341,5104.421576818366
32342,4600.570622875674
32343,7065.8049254654425
32344,5481.859886063884
32345,6360.85074699408
32346,4827.212248342879
32347,4503.482918789616
32348,5929.42344733084
32349,3191.2589769121155
32350,6750.579635578153
32351,4203.070132059288
32352,5563.746005835428
32353,4485.11326809569
32354,5516.893454753523
32355,5096.942593216918
32356,5796.663273492627
32357,4839.126716387885
32358,5782.191859993701
32359,5683.9689768368235
32360,6639.563347097305
32361,5586.5063357003755
32362,6667.041875392765
32363,7262.042496045443
32364,7047.56382946637
32365,3795.9502260156673
32366,5430.760261269668
32367,6357.023056545973
32368,4725.683189936952
32369,7014.24750791692
32370,5007.144645356904
32371,7381.9953796138425
32372,7334.681274558255
32373,7257.4109667122775
32374,4453.324691989356
32375,7143.0079236857655
32376,7883.209131258904
32377,5293.502652551153
32378,6401.9373027829115
32379,6845.209059510571
32380,5355.249456214359
32381,5294.417272213809
32382,5898.351218548767
32383,5340.204019859415
32384,5371.345405040011
32385,5782.541967489293
32386,5135.794657050497
32387,5063.1803691204805
32388,5713.879456008769
32389,5868.928088963661
32390,6043.758028165456
32391,6273.207233743404
32392,6273.399272056941
32393,5671.002907944964
32394,6264.310864112352
32395,5896.488807983046
32396,5496.059278374223
32397,5675.3912108381055
32398,5513.08698152843
32399,6562.799257008791
32400,5630.715189962178
32401,5065.267166481327
32402,5554.053793488528
32403,5660.451501125738
32404,5908.530582134733
32405,5359.334783336808
32406,4720.171498932718
32407,5633.2120808715645
32408,6457.724061981271
32409,5375.086394321334
32410,5860.938065721154
32411,6016.011058015483
32412,4957.555895192412
32413,4877.573125694487
32414,3816.089863528134
32415,5313.011771804081
32416,6018.450340968849
32417,5722.013945179276
32418,6699.491560701829
32419,7128.296672456483
32420,5239.282684096074
32421,6361.854869283437
32422,4688.570617772844
32423,4378.509450032227
32424,5840.878660103248
32425,7994.713111330672
32426,5993.46191228315
32427,6502.539573992859
32428,4775.105277984003
32429,6079.790983551235
32430,7394.233632390529
32431,5012.15360508809
32432,6004.585100639295
32433,4506.619777347282
32434,4533.009766423541
32435,4682.583326664829
32436,5490.376144285973
32437,5218.750013763829
32438,4710.9717005568
32439,5503.835494114496
32440,4158.0525443368915
32441,5585.999151456116
32442,6092.54257822742
32443,4716.751116661419
32444,5971.934225854201
32445,6157.9934750053535
32446,4659.720507166951
32447,5569.284138636678
32448,6429.28798722549
32449,6360.977673609829
32450,5539.918817412915
32451,4464.26684376896
32452,9297.579079989557
32453,5058.415630317028
32454,4847.9970368936965
32455,7058.219220013508
32456,6639.634213896574
32457,6716.936870668071
32458,5771.892771962356
32459,6222.014560662858
32460,6670.038384771326
32461,10479.554523509596
32462,4523.184685276575
32463,4647.423231188532
32464,4869.190484972311
32465,6601.641768235988
32466,5483.889658982783
32467,7011.423259162677
32468,6493.566070274092
32469,4971.75723485436
32470,4662.312416315254
32471,5807.7901516691045
32472,6641.832968010705
32473,4627.437611450923
32474,5507.349257612444
32475,4070.550885448828
32476,5586.331692752709
32477,5903.474665242684
32478,5912.014267358998
32479,7128.407124529429
32480,5684.451657522611
32481,4370.4613918984405
32482,5707.106704132542
32483,6207.2744693746845
32484,6881.917579988973
32485,6215.380390315728
32486,6029.27240696114
32487,4800.878328665477
32488,5161.427824304026
32489,7949.767302808752
32490,4780.940008107303
32491,8574.796119998437
32492,5814.17619747534
32493,4498.53261968721
32494,6005.2227504127
32495,5007.3246629775795
32496,5896.170166419336
32497,6088.527996214398
32498,3606.2399607181314
32499,4573.260297419405
32500,5581.898271150163
32501,6871.826681414977
32502,7757.1701239600125
32503,4880.6406762652205
32504,5598.245538510236
32505,5438.892771932327
32506,6131.050457930577
32507,5206.672856900822
32508,8047.443517735284
32509,6867.874138560232
32510,9330.883734394592
32511,4233.801052684944
32512,4915.6299747998855
32513,10040.916439393792
32514,8030.018080496071
32515,5009.726805435747
32516,7798.326528931042
32517,5098.790084216546
32518,4744.223224154227
32519,4474.842763798443
32520,4439.167135757351
32521,4740.160923267932
32522,4669.591621864782
32523,4115.833905888388
32524,4658.771311484454
32525,7184.172722383013
32526,6305.403786594248
32527,19196.081225059945
32528,4969.986197614825
32529,4807.519780590202
32530,5372.913914763806
32531,8100.485795217945
32532,5682.524324367311
32533,6483.863919743667
32534,5327.139456185219
32535,6940.236417609897
32536,6768.109631716533
32537,4541.301739828474
32538,5169.157516139766
32539,6394.4124842273895
32540,6776.465546449283
32541,5870.352567237266
32542,5970.381501555352
32543,5394.954512882649
32544,4962.789895996757
32545,7212.294152453862
32546,8264.362877783551
32547,8622.841127848318
32548,8319.518496190889
32549,6542.062117793551
32550,5181.410823564645
32551,5870.825270746411
32552,4318.387363327697
32553,7909.7785324574115
32554,8164.807985463482
32555,8141.232609884411
32556,5189.328926228309
32557,4443.206138223967
32558,4966.898853008157
32559,5593.7915367533915
32560,8232.283887555226
32561,5748.570658193512
32562,5044.397672872316
32563,4794.943338862281
32564,6788.396355180339
32565,4424.153378356424
32566,6236.607280107167
32567,4839.22030227225
32568,5922.853566024036
32569,5905.489795110889
32570,5567.897995296231
32571,6233.116117951143
32572,6025.670964618226
32573,5165.515546813146
32574,5726.285621067566
32575,5964.348607147005
32576,8413.105542258201
32577,5570.832565817053
32578,7113.043969947812
32579,6604.962834955973
32580,7090.634755340945
32581,6337.474651003744
32582,6917.0745292043775
32583,4775.476388750815
32584,6143.453022700612
32585,5938.804406669536
32586,6068.865650113215
32587,7856.239507100633
32588,6276.55336577633
32589,4965.143822955776
32590,6022.6617651933475
32591,5689.033312599472
32592,7496.036045525421
32593,5104.353743538677
32594,9968.534959695808
32595,4891.364896169291
32596,5504.315401718904
32597,6706.11442297293
32598,5318.902247357411
32599,5565.373417211383
32600,5799.366902301163
32601,6017.205779597429
32602,5341.2903658917285
32603,4902.921814307679
32604,6369.990557154253
32605,6132.513445887487
32606,5810.2551371564905
32607,5130.190528198819
32608,6406.998354262239
32609,8404.842896984854
32610,6348.811454366272
32611,5287.084417232132
32612,6120.415123551696
32613,5622.660816344912
32614,6595.070930857429
32615,6209.324079408402
32616,4938.590329102341
32617,6562.4735890244165
32618,6255.791020136582
32619,5765.063299894462
32620,7160.077727261399
32621,4918.280810765306
32622,5327.503660333603
32623,4883.601650370058
32624,6176.012107171024
32625,7238.427121938162
32626,4777.70341507557
32627,5167.687263362531
32628,5887.986834310678
32629,5457.272614619277
32630,5751.439584874504
32631,5854.4713077432625
32632,5751.135175926232
32633,6324.901657607658
32634,4843.449509045282
32635,5352.440379427353
32636,5828.8949883315145
32637,7558.839635897535
32638,6289.309307931152
32639,6689.701383062499
32640,6999.116762140153
32641,5485.898646910736
32642,6970.6176989469495
32643,5932.360834019083
32644,6084.501677201668
32645,7421.604399598104
32646,5599.141247816109
32647,7818.710278557754
32648,7009.649992046935
32649,6672.01855488392
32650,5615.4062703482705
32651,7066.217723691502
32652,6464.832991853127
32653,5228.850123615258
32654,4611.51117281585
32655,5762.704129379264
32656,6552.602144315907
32657,5517.445475694295
32658,5319.6474589190775
32659,7177.648189933663
32660,5931.937944737732
32661,5573.185156855425
32662,5389.091241043531
32663,5444.7830975927145
32664,6955.4489186683895
32665,6137.3842063214
32666,5946.153317336776
32667,4854.071361236911
32668,5772.64176262396
32669,6151.514710655005
32670,4875.187519236691
32671,5722.031511367073
32672,4602.481909756608
32673,6593.377740072825
32674,5445.900406679568
32675,5660.963043524911
32676,7712.31676568764
32677,5869.864615223183
32678,5198.595510721266
32679,10269.85112239763
32680,5806.173274863937
32681,5971.398428992954
32682,6187.186065024374
32683,5018.002504085648
32684,6098.211119503493
32685,5416.687158693781
32686,6471.179064506517
32687,8245.424170293425
32688,5722.798428277915
32689,3466.2235506174443
32690,4771.219954941907
32691,6210.6635055003235
32692,6689.147900046534
32693,5628.63297583261
32694,5743.78546961682
32695,4860.770166978393
32696,5015.087030718943
32697,4919.829802913442
32698,4757.45306588014
32699,5408.201272714369
32700,6240.762065529996
32701,6196.753361938643
32702,5983.732878552259
32703,6409.084311656028
32704,6294.774827771747
32705,6134.4386092806335
32706,5214.305402520194
32707,7394.764782598984
32708,7750.153206016034
32709,5652.098878704254
32710,6471.5186796045
32711,5780.8337702153285
32712,6161.199260262794
32713,5093.7636402557555
32714,5673.609190196735
32715,4990.2475706504365
32716,7328.256316765964
32717,5920.090696519542
32718,7159.788889056449
32719,7212.06553323087
32720,5740.5947494699485
32721,5896.239013162537
32722,16064.822070740409
32723,8484.497635801967
32724,6328.871860257772
32725,3630.891042736858
32726,5570.482973970686
32727,8090.7856801791095
32728,5052.726133480927
32729,11296.61833384222
32730,17114.74310575065
32731,6037.297514198237
32732,5463.5291993256415
32733,6728.374394271958
32734,5753.138309323571
32735,7838.617057810588
32736,5360.857668661476
32737,6781.060663344138
32738,4072.783729945072
32739,5507.365811703481
32740,5974.919275049502
32741,6574.549269405054
32742,6680.981954140519
32743,4957.8042245756205
32744,6329.304041837977
32745,6284.194171548259
32746,5151.2558924883
32747,5860.17310435394
32748,5769.574456961259
32749,5038.181192199228
32750,5591.331252857138
32751,5800.5683660213235
32752,5471.139785960237
32753,4858.518530745539
32754,5439.205840031582
32755,5982.387478209777
32756,7733.861470666804
32757,6659.402399549206
32758,6704.270862952338
32759,6387.968124490624
32760,4550.37533642266
32761,5769.986936471779
32762,5786.796143815709
32763,4818.090452684092
32764,5173.3262741330445
32765,6069.369204957873
32766,5731.882874070176
32767,6327.771548570648
32768,6959.245574424553
32769,5855.613408376878
32770,5033.802751176787
32771,5608.204821946005
32772,7243.502070129945
32773,5423.711228873305
32774,6091.159821939014
32775,13131.606402325157
32776,6265.323914449364
32777,5773.643144592529
32778,5432.959648254223
32779,5431.931439755964
32780,5794.561571531718
32781,4425.643436137435
32782,6040.609391124801
32783,7108.133060430191
32784,4959.495804142719
32785,12739.92282196477
32786,9191.349702936337
32787,5298.7209203795355
32788,6129.860617819042
32789,5503.860167612695
32790,6595.595258012576
32791,6019.967330760996
32792,8613.20639391106
32793,5971.244686118631
32794,7260.337218394943
32795,5830.461069786314
32796,6585.966740229432
32797,5213.6298368034695
32798,7334.681852723462
32799,5707.699866129324
32800,5787.39259120357
32801,5427.892211503087
32802,5799.959132473664
32803,7832.071498987437
32804,7224.223256153725
32805,5620.677407075601
32806,7828.818330162138
32807,6308.320322998648
32808,9083.364108356345
32809,4712.234064509342
32810,4987.1376135346445
32811,6194.542978092396
32812,7443.552173594851
32813,6335.225197941153
32814,5949.969634068961
32815,6290.667407006856
32816,6178.318251223301
32817,5041.928798189427
32818,7111.6470698485455
32819,6728.528542374981
32820,5287.093236794719
32821,11600.805737063669
32822,15324.260747162256
32823,6528.509445903928
32824,6488.037137961307
32825,7307.138065257934
32826,8369.145997578347
32827,8140.432752187303
32828,6093.78076989064
32829,6966.482255832996
32830,5829.597688706998
32831,6707.0769992785445
32832,5246.104102636854
32833,5869.0827010755565
32834,5122.49224758215
32835,5347.306268811395
32836,5722.100582853247
32837,4628.286907695171
32838,4644.799602136228
32839,5351.715859338957
32840,4695.570582111336
32841,4482.361472323708
32842,5356.069703985272
32843,5739.178013450932
32844,7313.338230895975
32845,7082.346416290151
32846,7455.281844007726
32847,5994.004463670137
32848,6057.3526626928
32849,7875.724521323712
32850,6428.707166491481
32851,4775.96729922524
32852,5241.732204665399
32853,7366.368196929791
32854,5226.229122009658
32855,5692.495451381221
32856,4989.241508598657
32857,5390.708414048365
32858,7290.463203532047
32859,5366.926027101137
32860,5495.1104724043935
32861,7033.94373343564
32862,7734.323567615556
32863,9107.050828905767
32864,5959.940673205056
32865,7837.001127898157
32866,4491.783797134917
32867,5237.148799410629
32868,5732.060842809426
32869,4709.808351751452
32870,6564.7940222435045
32871,4933.074840131319
32872,6797.736502910006
32873,7206.436229133
32874,7440.015885289277
32875,7125.115875156304
32876,5270.5904671465605
32877,5498.699782954014
32878,8331.388787114069
32879,6444.608807331333
32880,6880.930429801153
32881,5696.377302621487
32882,6135.295882728074
32883,7448.482141677102
32884,5549.34090818678
32885,6227.621003351602
32886,6525.908739682651
32887,6960.365529288486
32888,10501.75638933788
32889,6138.664338189985
32890,11362.6443750079
32891,5780.375615626765
32892,5849.706616631643
32893,4283.050800042542
32894,6522.542517597508
32895,5966.706002864779
32896,5095.402401015496
32897,6896.234982426425
32898,5499.709030905173
32899,4376.809008095708
32900,5535.161000320278
32901,5548.10901761878
32902,6421.131276932033
32903,5779.944245913453
32904,6405.542043709119
32905,6121.115837295393
32906,5608.392505412065
32907,7196.445089348331
32908,5178.676441856563
32909,5080.89290444213
32910,5630.391392230966
32911,7018.606134315996
32912,9003.56163445052
32913,6573.838601080519
32914,4748.482052189018
32915,5635.897895811674
32916,6650.821808451803
32917,6137.290956164745
32918,5814.570143127753
32919,6883.219022660055
32920,5760.239473152325
32921,6100.173402583
32922,5542.475251009707
32923,6746.9125896250935
32924,5538.278928236888
32925,6142.465070474001
32926,5612.663876685291
32927,5314.702608120236
32928,5098.23166028066
32929,5184.427100781895
32930,6840.50995530334
32931,7618.891449881277
32932,8002.800541046427
32933,9296.661974867226
32934,7047.448459695176
32935,5769.5196028896335
32936,6022.72704916083
32937,8761.174029560707
32938,7846.437851899563
32939,6197.132164179166
32940,6708.80119325119
32941,7566.31097996168
32942,5480.292561696374
32943,4800.085988859724
32944,8581.69098261706
32945,5607.103684432953
32946,6870.2140345424295
32947,5737.674968325763
32948,3883.187433363057
32949,8796.92564519689
32950,5183.892438815474
32951,5706.901019606564
32952,5345.85687464589
32953,5523.122447231367
32954,6042.615563682992
32955,6206.568986299192
32956,5975.561409392339
32957,5928.622691011941
32958,4869.3568363849445
32959,5022.710116365687
32960,5088.208857157391
32961,6354.939211161751
32962,17009.302704202597
32963,4745.85351507951
32964,5386.212724472438
32965,6722.650152090672
32966,4838.851750910374
32967,4607.736542162171
32968,5249.810516370505
32969,4865.6002607378705
32970,5985.868524435428
32971,6223.000649315921
32972,4848.491186835058
32973,6726.287608322513
32974,4440.783017050583
32975,4913.70632195818
32976,6595.210299989471
32977,7201.882526730948
32978,8671.363122972716
32979,5629.119489121987
32980,6083.950398210599
32981,4561.570511557689
32982,5923.801458433871
32983,12008.517595085015
32984,7586.752955714852
32985,5982.796390307941
32986,4651.354338753514
32987,5754.635415114676
32988,5012.155663292531
32989,4631.889307167348
32990,7417.291966005152
32991,5531.695181396943
32992,5056.770024627719
32993,6198.5560443161485
32994,5567.204218253188
32995,5377.035495221258
32996,5763.447355013772
32997,6329.028361620145
32998,5801.921668227671
32999,4857.449901068858
33000,5465.3678923004945
33001,5926.008313815455
33002,7226.91124483581
33003,6268.983082078093
33004,6636.2090628696415
33005,4588.738015525899
33006,6137.768235892095
33007,5353.424996148685
33008,5684.65071786173
33009,5941.637873714629
33010,6748.996790631837
33011,5317.337586539261
33012,6271.797332720845
33013,6342.302205086949
33014,5227.407910591158
33015,5356.1568328591575
33016,6138.490460265051
33017,5647.293915727114
33018,5236.721504378659
33019,6434.455557769952
33020,6051.8544007080545
33021,5276.832934010509
33022,8279.324126903262
33023,4705.593577587836
33024,4455.169826449374
33025,6402.783832382484
33026,6945.0170188621
33027,8705.47965193491
33028,5645.549266786001
33029,6612.189605441775
33030,5425.643544488091
33031,6706.723086170967
33032,5896.321457507783
33033,5901.877095144139
33034,3892.9649996036837
33035,5357.226583858749
33036,5861.6268771376435
33037,5726.012325975669
33038,4536.6446779461085
33039,6297.630881408765
33040,6758.353775581207
33041,5726.572637437355
33042,7062.499565237835
33043,6201.156260348531
33044,7666.759491639643
33045,5220.300699116548
33046,5451.91728921792
33047,5529.503041609145
33048,6090.108048559551
33049,6661.014256222304
33050,4796.854707295091
33051,7728.092746707221
33052,5985.5359283246025
33053,6012.648302094121
33054,5154.66662316598
33055,4667.162773734341
33056,6071.579325987444
33057,5136.835653880862
33058,7781.576977036195
33059,5850.34413232782
33060,5608.578306893379
33061,6858.109496930197
33062,5912.493139678121
33063,5519.349661570046
33064,6531.892934167397
33065,5538.11872583457
33066,7526.27765957271
33067,7835.012334073003
33068,6588.808396233212
33069,5742.245224070804
33070,5389.980721503975
33071,4790.511643936084
33072,3951.2587683393654
33073,6731.7282076191605
33074,5285.598008504365
33075,7378.948251111864
33076,5240.276098420688
33077,5674.814368654136
33078,5400.775314089233
33079,8592.278400051744
33080,5028.906570983983
33081,5531.06942665408
33082,5717.4070166027195
33083,6571.64684045389
33084,5504.764438266156
33085,6496.030824138451
33086,6682.8280712991955
33087,8570.07608513049
33088,6080.352090136079
33089,6559.108863600442
33090,6087.149442405776
33091,5301.458217103615
33092,5234.799507362784
33093,8052.374339936536
33094,7496.491514626827
33095,6910.878256701558
33096,14526.46246600722
33097,5699.025369745558
33098,5586.833251282786
33099,5368.914955434646
33100,6719.455529276006
33101,7525.430606774464
33102,6259.797207770104
33103,6757.038839659143
33104,7019.245536219911
33105,5566.288738314423
33106,6025.007384606781
33107,5140.5776073852485
33108,5683.6392661244
33109,5335.445133672594
33110,5136.87745392583
33111,5084.2658767893145
33112,6610.3666036016575
33113,14048.442697862502
33114,6681.519151377751
33115,5402.595739386022
33116,6098.4575810089955
33117,4571.610092378393
33118,5952.645694036713
33119,4059.9469614458935
33120,7774.743719265445
33121,6244.65731720002
33122,6513.892901434848
33123,10201.450057379832
33124,9987.537207697727
33125,6318.490601584555
33126,6308.389022964697
33127,4635.250568425499
33128,5646.914011566982
33129,6450.997349648686
33130,6567.152178375706
33131,4596.370318985209
33132,4525.861079402638
33133,4286.280271432009
33134,5066.441729705684
33135,5632.588394684688
33136,5582.372803205143
33137,5164.526331157419
33138,6366.847317639481
33139,6168.483095311943
33140,5740.845712958639
33141,5218.3141413180765
33142,4709.584636002757
33143,6488.708885464676
33144,4409.854270068024
33145,8370.823796417344
33146,5316.308438745201
33147,4587.172850038675
33148,6300.275762449564
33149,5242.206481307953
33150,4762.972178367675
33151,5261.324267357719
33152,5632.023132953523
33153,7927.576735379176
33154,8136.62829132089
33155,6041.646445234815
33156,4911.872224621932
33157,6027.606971186713
33158,6237.90640621921
33159,5784.616045684443
33160,5535.131177220636
33161,6627.651303186403
33162,8836.959865175677
33163,6287.623366078405
33164,5930.955820001377
33165,6037.190407149712
33166,5155.623394407283
33167,7866.957213009512
33168,5535.539878638194
33169,10326.95922442127
33170,5518.352262695915
33171,5032.54148265829
33172,4962.599044255971
33173,4915.279426631204
33174,6843.466544717175
33175,15288.4527583606
33176,4284.739414186957
33177,5095.536963049741
33178,7366.097976607563
33179,6022.695169643631
33180,6009.859694517657
33181,6942.506109998656
33182,5046.003452131867
33183,4730.304408605392
33184,4457.350336751267
33185,7353.713638384236
33186,5362.65015450916
33187,7089.406198268838
33188,5692.446252589113
33189,5225.708660279599
33190,6873.947315057263
33191,5547.463481019152
33192,3793.3650613552677
33193,7717.618629582884
33194,7175.11222182373
33195,4475.1141254614195
33196,6725.368913415106
33197,5452.223955457826
33198,5078.3678352257175
33199,7354.721651419276
33200,5809.792215414344
33201,6574.756102289479
33202,5177.21043582022
33203,4889.583504653907
33204,6261.957042601951
33205,3624.4305839460912
33206,7038.352921735238
33207,4797.973159578652
33208,5938.490804382719
33209,4874.492216383849
33210,5844.825784103985
33211,5466.200674010773
33212,6072.264674437869
33213,5329.942214189406
33214,6054.473681088321
33215,5950.944082203127
33216,6893.412097236372
33217,5956.817462465688
33218,6996.919195375801
33219,7549.815782202528
33220,7315.216248129151
33221,4142.049207301546
33222,5737.116127446791
33223,6644.796342703058
33224,5036.665774017665
33225,7342.17983726738
33226,5296.061371310738
33227,7619.598535505039
33228,7544.845221469133
33229,7525.063385375058
33230,4782.188544411237
33231,7396.856673824832
33232,8158.810532204146
33233,5615.354864748253
33234,6731.814622765947
33235,7099.273457999347
33236,5644.166182168193
33237,5699.861011149189
33238,6261.916272667054
33239,5733.216583700019
33240,5682.327989120725
33241,6212.0799589708295
33242,5442.46283943099
33243,5357.201508947972
33244,6002.7961819626025
33245,6198.805408946697
33246,6337.765821497899
33247,6560.980519900489
33248,6639.9975179270905
33249,5919.760590705422
33250,6646.191795196762
33251,6145.246490743504
33252,5933.69744753089
33253,6044.64929163196
33254,5864.22860880252
33255,6952.17820529695
33256,6000.75155313859
33257,5376.24975056204
33258,5842.970519442361
33259,6044.98746878809
33260,6272.486828157783
33261,5634.93618428205
33262,5031.154083013432
33263,5944.194664952278
33264,6295.046358923645
33265,5722.831687635966
33266,6149.854791674988
33267,6343.943387365944
33268,5268.538479273126
33269,5131.637524183263
33270,4209.102427368743
33271,5660.814150443543
33272,6346.382670319311
33273,6085.970191202326
33274,6983.642388126576
33275,7395.949091119263
33276,5657.969052619585
33277,6610.612552043895
33278,4937.328300533302
33279,4689.49203411294
33280,6129.7953860570815
33281,8365.024238095975
33282,6242.219595043608
33283,6808.53028275579
33284,5174.896910605192
33285,6387.843199851677
33286,7796.872504727519
33287,5321.738113635739
33288,6251.944707866687
33289,4899.632341187887
33290,4907.754564970832
33291,5082.374959286018
33292,5820.253464269009
33293,5657.557249781645
33294,5021.954284637513
33295,5792.75222006833
33296,4639.874156717971
33297,5834.756834216574
33298,6462.853704992733
33299,4970.815515150194
33300,6317.618011631321
33301,6479.8456872024535
33302,4972.240404393987
33303,6050.004625561451
33304,6617.077343954893
33305,6614.826423748896
33306,5828.83554336675
33307,4857.279407609564
33308,9613.249252264644
33309,5312.480028805804
33310,5102.061435382472
33311,7347.135945967341
33312,7007.594421213254
33313,6984.589289330851
33314,6093.744984159454
33315,6640.700929186369
33316,6986.3276845803575
33317,10795.22469578468
33318,4893.495812041888
33319,5106.268642905419
33320,5158.107210926147
33321,6869.294186898768
33322,5820.152788753857
33323,7201.952525417821
33324,6762.826438667006
33325,5281.341743402008
33326,5107.428306290147
33327,6176.703202901353
33328,6904.852144410136
33329,5072.553501425816
33330,5796.265983566279
33331,4381.533469529542
33332,5828.224206029642
33333,6382.7970766343915
33334,6161.747103185048
33335,7458.284444512465
33336,5922.012608136818
33337,4659.378117852274
33338,6035.0390334830045
33339,6480.508367354683
33340,7265.994693506327
33341,6469.229140454794
33342,6357.204736311603
33343,5239.337551948273
33344,5449.201110461111
33345,8217.419721471522
33346,5057.070264722957
33347,8924.794307475775
33348,6129.936641613957
33349,4787.449345641044
33350,6306.954095115494
33351,5283.454919593234
33352,6145.903002245386
33353,6337.285678974856
33354,3914.326186163185
33355,4990.302928709823
33356,5870.814997103998
33357,7216.299798511808
33358,8068.152708040725
33359,5170.532555284646
33360,5968.556665275549
33361,5837.192952021746
33362,6458.982787281039
33363,5564.742273834211
33364,8397.9400402557
33365,7155.647424717316
33366,9285.273635905238
33367,4584.942679959034
33368,5129.535330095285
33369,10300.680685941754
33370,8358.503824635254
33371,5320.709389516461
33372,8126.258858281501
33373,5409.77266829726
33374,5038.23101748667
33375,4885.312933757133
33376,4785.266117043228
33377,4988.91860602839
33378,4980.574205945495
33379,4477.521740570325
33380,4969.753895565167
33381,7485.9040670858085
33382,6593.177072751333
33383,19463.73364372274
33384,5224.050596103601
33385,0.0
33386,0.0
33387,0.0
33388,0.0
33389,0.0
33390,0.0
33391,0.0
33392,0.0
33393,0.0
33394,0.0
33395,0.0
33396,0.0
33397,0.0
33398,0.0
33399,0.0
33400,0.0
33401,0.0
33402,0.0
33403,0.0
33404,0.0
33405,0.0
33406,0.0
33407,0.0
33408,0.0
33409,0.0
33410,0.0
33411,0.0
33412,0.0
33413,0.0
33414,0.0
33415,0.0
33416,0.0
33417,0.0
33418,0.0
33419,0.0
33420,0.0
33421,0.0
33422,0.0
33423,0.0
33424,0.0
33425,0.0
33426,0.0
33427,0.0
33428,0.0
33429,0.0
33430,0.0
33431,0.0
33432,0.0
33433,0.0
33434,0.0
33435,0.0
33436,0.0
33437,0.0
33438,0.0
33439,0.0
33440,0.0
33441,0.0
33442,0.0
33443,0.0
33444,0.0
33445,0.0
33446,0.0
33447,0.0
33448,0.0
33449,0.0
33450,0.0
33451,0.0
33452,0.0
33453,0.0
33454,0.0
33455,0.0
33456,0.0
33457,0.0
33458,0.0
33459,0.0
33460,0.0
33461,0.0
33462,0.0
33463,0.0
33464,0.0
33465,0.0
33466,0.0
33467,0.0
33468,0.0
33469,0.0
33470,0.0
33471,0.0
33472,0.0
33473,0.0
33474,0.0
33475,0.0
33476,3413.0957800769784
33477,0.0
33478,0.0
33479,0.0
33480,0.0
33481,0.0
33482,0.0
33483,0.0
33484,0.0
33485,0.0
33486,0.0
33487,0.0
33488,0.0
33489,0.0
33490,0.0
33491,0.0
33492,0.0
33493,0.0
33494,0.0
33495,0.0
33496,0.0
33497,0.0
33498,0.0
33499,0.0
33500,0.0
33501,0.0
33502,0.0
33503,0.0
33504,0.0
33505,0.0
33506,0.0
33507,0.0
33508,0.0
33509,0.0
33510,0.0
33511,0.0
33512,0.0
33513,0.0
33514,0.0
33515,0.0
33516,0.0
33517,0.0
33518,0.0
33519,0.0
33520,0.0
33521,0.0
33522,0.0
33523,0.0
33524,0.0
33525,0.0
33526,0.0
33527,0.0
33528,0.0
33529,0.0
33530,0.0
33531,0.0
33532,0.0
33533,0.0
33534,0.0
33535,0.0
33536,0.0
33537,0.0
33538,0.0
33539,0.0
33540,0.0
33541,0.0
33542,0.0
33543,0.0
33544,3596.8950603698154
33545,0.0
33546,0.0
33547,0.0
33548,0.0
33549,0.0
33550,0.0
33551,0.0
33552,0.0
33553,0.0
33554,0.0
33555,0.0
33556,0.0
33557,0.0
33558,0.0
33559,0.0
33560,0.0
33561,0.0
33562,0.0
33563,0.0
33564,0.0
33565,0.0
33566,0.0
33567,0.0
33568,0.0
33569,0.0
33570,0.0
33571,0.0
33572,0.0
33573,0.0
33574,0.0
33575,0.0
33576,0.0
33577,0.0
33578,0.0
33579,0.0
33580,0.0
33581,0.0
33582,0.0
33583,0.0
33584,0.0
33585,14136.69960232015
33586,24068.044144274918
33587,0.0
33588,0.0
33589,0.0
33590,0.0
33591,0.0
33592,0.0
33593,0.0
33594,6326.296180383448
33595,0.0
33596,0.0
33597,0.0
33598,0.0
33599,0.0
33600,0.0
33601,0.0
33602,0.0
33603,0.0
33604,0.0
33605,0.0
33606,0.0
33607,0.0
33608,0.0
33609,0.0
33610,0.0
33611,0.0
33612,0.0
33613,5519.320664798729
33614,0.0
33615,0.0
33616,0.0
33617,0.0
33618,0.0
33619,0.0
33620,0.0
33621,0.0
33622,0.0
33623,4214.541365476675
33624,0.0
33625,0.0
33626,0.0
33627,0.0
33628,0.0
33629,0.0
33630,0.0
33631,0.0
33632,0.0
33633,0.0
33634,0.0
33635,0.0
33636,0.0
33637,0.0
33638,0.0
33639,0.0
33640,0.0
33641,9035.786733381965
33642,0.0
33643,0.0
33644,0.0
33645,0.0
33646,0.0
33647,0.0
33648,0.0
33649,0.0
33650,0.0
33651,0.0
33652,0.0
33653,0.0
33654,0.0
33655,0.0
33656,0.0
33657,0.0
33658,7428.200292232563
33659,0.0
33660,0.0
33661,0.0
33662,0.0
33663,0.0
33664,0.0
33665,0.0
33666,0.0
33667,0.0
33668,0.0
33669,0.0
33670,0.0
33671,0.0
33672,0.0
33673,0.0
33674,0.0
33675,0.0
33676,0.0
33677,0.0
33678,0.0
33679,0.0
33680,0.0
33681,0.0
33682,0.0
33683,0.0
33684,0.0
33685,0.0
33686,0.0
33687,0.0
33688,0.0
33689,0.0
33690,0.0
33691,0.0
33692,0.0
33693,0.0
33694,0.0
33695,0.0
33696,0.0
33697,0.0
33698,0.0
33699,0.0
33700,0.0
33701,0.0
33702,0.0
33703,0.0
33704,0.0
33705,0.0
33706,0.0
33707,0.0
33708,0.0
33709,0.0
33710,0.0
33711,0.0
33712,0.0
33713,0.0
33714,0.0
33715,0.0
33716,0.0
33717,0.0
33718,0.0
33719,0.0
33720,3037.0301019211815
33721,0.0
33722,0.0
33723,0.0
33724,0.0
33725,0.0
33726,0.0
33727,0.0
33728,0.0
33729,0.0
33730,0.0
33731,0.0
33732,0.0
33733,0.0
33734,4294.478598829091
33735,0.0
33736,0.0
33737,0.0
33738,0.0
33739,0.0
33740,0.0
33741,0.0
33742,0.0
33743,0.0
33744,0.0
33745,0.0
33746,0.0
33747,0.0
33748,0.0
33749,0.0
33750,0.0
33751,0.0
33752,0.0
33753,0.0
33754,0.0
33755,0.0
33756,0.0
33757,0.0
33758,0.0
33759,0.0
33760,0.0
33761,0.0
33762,0.0
33763,0.0
33764,0.0
33765,0.0
33766,0.0
33767,0.0
33768,0.0
33769,0.0
33770,0.0
33771,0.0
33772,0.0
33773,0.0
33774,0.0
33775,0.0
33776,0.0
33777,7224.864639064923
33778,0.0
33779,0.0
33780,0.0
33781,0.0
33782,0.0
33783,0.0
33784,0.0
33785,0.0
33786,0.0
33787,4219.973848059695
33788,0.0
33789,0.0
33790,0.0
33791,3324.3355520003292
33792,0.0
33793,0.0
33794,0.0
33795,0.0
33796,0.0
33797,0.0
33798,0.0
33799,0.0
33800,0.0
33801,0.0
33802,0.0
33803,0.0
33804,0.0
33805,0.0
33806,0.0
33807,0.0
33808,0.0
33809,0.0
33810,0.0
33811,0.0
33812,0.0
33813,0.0
33814,0.0
33815,0.0
33816,0.0
33817,0.0
33818,18320.59068057988
33819,0.0
33820,0.0
33821,0.0
33822,0.0
33823,0.0
33824,0.0
33825,0.0
33826,0.0
33827,0.0
33828,0.0
33829,0.0
33830,0.0
33831,0.0
33832,6596.534718035327
33833,0.0
33834,0.0
33835,0.0
33836,0.0
33837,0.0
33838,0.0
33839,0.0
33840,0.0
33841,0.0
33842,0.0
33843,0.0
33844,0.0
33845,0.0
33846,0.0
33847,0.0
33848,0.0
33849,0.0
33850,0.0
33851,0.0
33852,0.0
33853,0.0
33854,0.0
33855,0.0
33856,0.0
33857,0.0
33858,0.0
33859,0.0
33860,0.0
33861,0.0
33862,0.0
33863,0.0
33864,0.0
33865,0.0
33866,0.0
33867,0.0
33868,0.0
33869,0.0
33870,0.0
33871,0.0
33872,0.0
33873,0.0
33874,0.0
33875,0.0
33876,0.0
33877,0.0
33878,0.0
33879,0.0
33880,0.0
33881,0.0
33882,0.0
33883,0.0
33884,0.0
33885,0.0
33886,0.0
33887,0.0
33888,0.0
33889,0.0
33890,0.0
33891,0.0
33892,0.0
33893,0.0
33894,0.0
33895,0.0
33896,0.0
33897,0.0
33898,0.0
33899,0.0
33900,0.0
33901,0.0
33902,0.0
33903,0.0
33904,0.0
33905,0.0
33906,0.0
33907,10611.657960223321
33908,0.0
33909,0.0
33910,0.0
33911,0.0
33912,0.0
33913,0.0
33914,0.0
33915,0.0
33916,0.0
33917,0.0
33918,0.0
33919,0.0
33920,0.0
33921,0.0
33922,0.0
33923,0.0
33924,0.0
33925,0.0
33926,0.0
33927,0.0
33928,0.0
33929,0.0
33930,0.0
33931,0.0
33932,0.0
33933,0.0
33934,0.0
33935,0.0
33936,0.0
33937,0.0
33938,0.0
33939,0.0
33940,0.0
33941,0.0
33942,0.0
33943,0.0
33944,0.0
33945,0.0
33946,0.0
33947,0.0
33948,0.0
33949,0.0
33950,0.0
33951,3932.347516598829
33952,15772.470513337836
33953,0.0
33954,0.0
33955,0.0
33956,0.0
33957,0.0
33958,0.0
33959,0.0
33960,0.0
33961,0.0
33962,0.0
33963,0.0
33964,0.0
33965,0.0
33966,0.0
33967,0.0
33968,0.0
33969,0.0
33970,0.0
33971,0.0
33972,0.0
33973,0.0
33974,0.0
33975,0.0
33976,0.0
33977,0.0
33978,0.0
33979,0.0
33980,10395.308945119965
33981,0.0
33982,0.0
33983,0.0
33984,0.0
33985,0.0
33986,0.0
33987,0.0
33988,0.0
33989,0.0
33990,0.0
33991,0.0
33992,0.0
33993,0.0
33994,0.0
33995,0.0
33996,0.0
33997,0.0
33998,0.0
33999,0.0
34000,0.0
34001,0.0
34002,0.0
34003,0.0
34004,0.0
34005,0.0
34006,0.0
34007,0.0
34008,0.0
34009,0.0
34010,0.0
34011,0.0
34012,0.0
34013,0.0
34014,0.0
34015,0.0
34016,0.0
34017,0.0
34018,0.0
34019,0.0
34020,0.0
34021,0.0
34022,0.0
34023,0.0
34024,0.0
34025,0.0
34026,0.0
34027,0.0
34028,0.0
34029,0.0
34030,0.0
34031,0.0
34032,0.0
34033,0.0
34034,0.0
34035,0.0
34036,0.0
34037,0.0
34038,0.0
34039,0.0
34040,0.0
34041,0.0
34042,0.0
34043,0.0
34044,0.0
34045,0.0
34046,0.0
34047,0.0
34048,0.0
34049,0.0
34050,3868.9726835174442
34051,0.0
34052,0.0
34053,0.0
34054,4132.548240406837
34055,0.0
34056,0.0
34057,0.0
34058,0.0
34059,0.0
34060,0.0
34061,0.0
34062,0.0
34063,0.0
34064,0.0
34065,0.0
34066,0.0
34067,0.0
34068,0.0
34069,0.0
34070,0.0
34071,0.0
34072,0.0
34073,0.0
34074,0.0
34075,0.0
34076,0.0
34077,0.0
34078,0.0
34079,0.0
34080,0.0
34081,0.0
34082,0.0
34083,0.0
34084,0.0
34085,0.0
34086,0.0
34087,0.0
34088,0.0
34089,0.0
34090,0.0
34091,0.0
34092,0.0
34093,0.0
34094,0.0
34095,0.0
34096,0.0
34097,0.0
34098,0.0
34099,0.0
34100,0.0
34101,0.0
34102,0.0
34103,0.0
34104,0.0
34105,3788.424247751051
34106,0.0
34107,0.0
34108,0.0
34109,0.0
34110,0.0
34111,0.0
34112,0.0
34113,0.0
34114,0.0
34115,0.0
34116,0.0
34117,0.0
34118,0.0
34119,0.0
34120,9346.944128825698
34121,0.0
34122,0.0
34123,0.0
34124,0.0
34125,0.0
34126,0.0
34127,0.0
34128,0.0
34129,0.0
34130,0.0
34131,0.0
34132,0.0
34133,0.0
34134,0.0
34135,0.0
34136,0.0
34137,0.0
34138,0.0
34139,0.0
34140,0.0
34141,0.0
34142,0.0
34143,0.0
34144,0.0
34145,0.0
34146,0.0
34147,0.0
34148,0.0
34149,0.0
34150,0.0
34151,0.0
34152,0.0
34153,0.0
34154,0.0
34155,0.0
34156,0.0
34157,0.0
34158,0.0
34159,0.0
34160,0.0
34161,0.0
34162,0.0
34163,0.0
34164,0.0
34165,0.0
34166,0.0
34167,0.0
34168,0.0
34169,0.0
34170,0.0
34171,0.0
34172,0.0
34173,0.0
34174,0.0
34175,0.0
34176,0.0
34177,0.0
34178,0.0
34179,0.0
34180,0.0
34181,0.0
34182,0.0
34183,0.0
34184,3939.728399242234
34185,0.0
34186,0.0
34187,0.0
34188,0.0
34189,0.0
34190,0.0
34191,0.0
34192,0.0
34193,0.0
34194,0.0
34195,0.0
34196,0.0
34197,0.0
34198,0.0
34199,0.0
34200,0.0
34201,0.0
34202,0.0
34203,0.0
34204,0.0
34205,0.0
34206,0.0
34207,0.0
34208,0.0
34209,0.0
34210,0.0
34211,0.0
34212,0.0
34213,0.0
34214,0.0
34215,0.0
34216,0.0
34217,0.0
34218,0.0
34219,0.0
34220,0.0
34221,0.0
34222,0.0
34223,0.0
34224,0.0
34225,12001.475331093594
34226,6654.422272138669
34227,0.0
34228,0.0
34229,0.0
34230,0.0
34231,0.0
34232,0.0
34233,0.0
34234,0.0
34235,0.0
34236,0.0
34237,0.0
34238,0.0
34239,0.0
34240,0.0
34241,4949.135897391882
34242,4208.251621510386
34243,5762.479931797994
34244,4532.411903316599
34245,5650.184604824928
34246,4266.255907772422
34247,6174.691510981388
34248,6002.564725088024
34249,0.0
34250,4362.297528361887
34251,6602.814755396322
34252,5994.9657828822465
34253,5244.091226420793
34254,5648.434808819729
34255,5894.193607079127
34256,4155.929908218878
34257,7299.016430696574
34258,7433.666862119715
34259,9140.759476049601
34260,7845.95758258641
34261,6870.543566049885
34262,4678.559530425824
34263,6279.90058407035
34264,0.0
34265,7637.223043915315
34266,8172.938245782859
34267,8029.211855153072
34268,5174.052704907684
34269,3811.4701129386117
34270,4505.370042015445
34271,5903.491898240006
34272,7890.653145144081
34273,5408.829812330161
34274,5115.90071008761
34275,5003.069429410796
34276,6757.3561876461135
34277,3622.3263429476924
34278,6643.569285955518
34279,4910.723339487543
34280,5392.1404200464185
34281,6425.18466999357
34282,4414.111786839635
34283,6690.655176507379
34284,5416.001780561859
34285,4863.287177588681
34286,4813.603024216937
34287,6140.3670084804935
34288,8311.948322352897
34289,5684.736218733717
34290,6825.501548342068
34291,6507.048195974384
34292,6981.093076563197
34293,6715.246637508919
34294,5802.798364670967
34295,3996.3716933137916
34296,5352.25095004355
34297,5441.0523266027585
34298,6391.32382231999
34299,7931.27126853561
34300,6572.629267280022
34301,4050.7154054565594
34302,6053.389806193465
34303,5196.451664867484
34304,5911.702823859569
34305,4137.772312095625
34306,9003.70794848682
34307,3975.986274256022
34308,4690.425758005384
34309,6084.472438881021
34310,5713.33442748857
34311,5450.009695475748
34312,4534.813659306849
34313,6132.62429032729
34314,5639.36023160486
34315,5427.1528977926555
34316,6571.2701078607815
34317,6636.648998740982
34318,5430.423066654331
34319,4388.239696121877
34320,5594.068668257094
34321,8663.667916508492
34322,5599.765819119141
34323,4104.958236989408
34324,6582.835301487039
34325,4979.968777493036
34326,6863.008840404268
34327,6705.90066261498
34328,4010.5186288455816
34329,6923.302064210623
34330,5741.763085677702
34331,5975.548266427116
34332,5196.796383155224
34333,4280.123962477685
34334,5612.655394077078
34335,4867.559943735395
34336,6664.348419086344
34337,6154.42066040603
34338,4867.4735918203005
34339,5123.644001644281
34340,6133.962056779514
34341,5791.484812869039
34342,5150.499981634102
34343,5200.5350431964625
34344,4734.811446472074
34345,5725.741298335103
34346,5219.14752592934
34347,4231.216160893006
34348,5783.29676973228
34349,6167.299930496837
34350,0.0
34351,7186.277966269077
34352,7361.679813758185
34353,5579.879787794438
34354,7165.439996816939
34355,5173.524080392094
34356,4673.4157182292
34357,7563.010875900432
34358,5824.16177273884
34359,6879.468274163384
34360,7517.423307399764
34361,6665.085886612409
34362,5905.436495880547
34363,6126.975719297133
34364,6927.253169788471
34365,4212.526394161094
34366,3363.0680840879163
34367,5680.191534029531
34368,5342.948657960441
34369,5485.129302471163
34370,4714.927887365022
34371,6302.645498191727
34372,5406.665910583255
34373,4614.170908265509
34374,5571.043777331263
34375,4405.702860392563
34376,6500.735875378056
34377,6148.337902318389
34378,4987.13906874686
34379,5130.681775651838
34380,4666.022555643386
34381,6574.24863503064
34382,4349.915485082213
34383,4516.579075051427
34384,4535.644813506319
34385,6702.912059208934
34386,4429.57667722541
34387,5004.846441069425
34388,8211.245603609701
34389,5157.531753374455
34390,5503.257914133854
34391,10207.15446539916
34392,5983.680234455803
34393,6478.050819944144
34394,5065.961846490028
34395,5046.487647302437
34396,6673.409279798458
34397,4254.748283720591
34398,6137.282464481946
34399,7138.804963312862
34400,4937.216176862564
34401,3405.0950461977873
34402,3482.3737039462944
34403,6971.651720464516
34404,6913.448362391552
34405,0.0
34406,5569.3833471796515
34407,5102.599384930017
34408,4484.764673575357
34409,4056.3043189634873
34410,3636.2288473457847
34411,5541.71921083538
34412,6758.030816614369
34413,5499.762547446625
34414,5223.9363513970575
34415,6892.5003514806485
34416,6671.622170036004
34417,6536.89083714892
34418,5540.435015669818
34419,6642.051512716263
34420,7898.238474632071
34421,4775.322087745522
34422,6110.668306746951
34423,5997.3933501769525
34424,6300.5781622331915
34425,5152.868313290509
34426,5269.886755495539
34427,5135.101900071275
34428,6707.614552842375
34429,6077.525425978376
34430,7429.650790381071
34431,7264.251045167776
34432,6175.566328253383
34433,6543.934028469911
34434,16217.7105945921
34435,8370.582604258805
34436,5895.618066124345
34437,3652.897767665899
34438,6060.146965655575
34439,8125.793249730422
34440,3665.1172109396816
34441,9981.51155275651
34442,16401.72106454933
34443,5448.487204040201
34444,4527.782893474827
34445,7223.474862905646
34446,4737.461721356229
34447,7667.149870221765
34448,4146.067799948476
34449,5870.179671539608
34450,4172.099112688928
34451,5417.719264531476
34452,6458.3353148741235
34453,5663.668277600523
34454,7522.025339440786
34455,5409.797653751232
34456,6731.756269706262
34457,5651.485862539869
34458,5197.944874436093
34459,5252.655504701371
34460,6532.081376491323
34461,5035.061660842389
34462,5535.669782682984
34463,4578.878979111354
34464,4280.0000295866785
34465,4177.216275860184
34466,4235.218545161248
34467,5048.811332009963
34468,7452.071656690202
34469,6887.084645240794
34470,6388.212625375472
34471,5610.936611344828
34472,4920.8908510315605
34473,4614.229393892731
34474,5034.082873932987
34475,5347.818715979083
34476,4011.3873991598516
34477,5053.045475503715
34478,5955.2081833495995
34479,5801.443238778379
34480,6162.09267165434
34481,5930.991322241753
34482,3715.263013085565
34483,4173.1694962750435
34484,7197.183788952997
34485,5534.851129145733
34486,5687.867865661097
34487,12913.063406562504
34488,6769.737469786864
34489,5412.905437523565
34490,5656.284957533648
34491,4206.716252822803
34492,4708.162096020899
34493,4121.686518474247
34494,5480.347351619831
34495,6385.705245140963
34496,5481.000351296514
34497,10221.679985702192
34498,8594.518953761884
34499,5709.407189380768
34500,5530.700258546487
34501,4977.531857820426
34502,5684.714266208045
34503,5559.573290410317
34504,8866.918856278493
34505,5931.460792160358
34506,7012.78610359069
34507,5305.189035631836
34508,5693.18805128462
34509,5720.282227754659
34510,6491.704300222161
34511,5897.843923203105
34512,4823.443758784193
34513,5913.5470869413975
34514,5796.554567834753
34515,8226.994591508346
34516,6204.364535539331
34517,6125.090962413102
34518,6622.4112105780805
34519,6688.632907819791
34520,9160.56685772699
34521,3732.348636744168
34522,0.0
34523,6614.511106063077
34524,7995.151654157451
34525,6703.521020538202
34526,6122.615966908965
34527,6654.828171689051
34528,6718.179962710156
34529,5559.197549273798
34530,6763.04822423236
34531,5976.996088082063
34532,5362.471150659593
34533,10801.7874291055
34534,14725.210035530165
34535,6606.250400933321
34536,7044.727685902516
34537,7249.265567957959
34538,7417.604784858774
34539,7120.574031572909
34540,5286.898902972711
34541,5945.221650459022
34542,6313.484055674626
34543,6803.457806075974
34544,4198.444267344004
34545,5425.621476559129
34546,5334.706217543995
34547,4373.388678314242
34548,4640.717425935816
34549,4056.3086074028065
34550,3830.8612741467286
34551,5817.561426543982
34552,3544.2703480904565
34553,4425.199744994825
34554,5617.8672867118585
34555,5672.542662804545
34556,7650.562379858964
34557,7619.475932772817
34558,6744.348945399503
34559,6498.11970241583
34560,6455.994567219611
34561,7687.376617772197
34562,5756.531249843341
34563,3905.7745298477103
34564,5403.886999217584
34565,8798.149546440161
34566,4425.4459907426135
34567,5941.4715268989885
34568,4907.3117442256425
34569,4878.671168966234
34570,7217.825486861299
34571,5533.92114777118
34572,5799.118516293969
34573,7409.315365468211
34574,8106.460722442881
34575,8155.1746037894245
34576,4488.894093724619
34577,7531.327687128088
34578,3818.297912355241
34579,5208.373790223665
34580,5859.376387933735
34581,4803.8340380395475
34582,7049.496121796716
34583,4174.1747403607
34584,6174.3371156052235
34585,6406.7238928247725
34586,7376.668972333333
34587,8242.593005753382
34588,4647.656017424697
34589,4884.6525072179
34590,6252.001196178703
34591,6838.885605205799
34592,6557.539395790437
34593,6063.781421505587
34594,6959.912992847067
34595,6675.936032128823
34596,5954.131191570217
34597,5225.910329273696
34598,6859.317187884489
34599,6092.68573571779
34600,10772.567412271019
34601,7132.158823910089
34602,12089.899713298339
34603,6024.703817838745
34604,6486.182206262464
34605,3398.504852734394
34606,5917.283078146723
34607,6151.852193812103
34608,5616.1724999233
34609,6930.102294260187
34610,5929.134514549733
34611,3408.707734728145
34612,5939.951283703715
34613,4608.055694250358
34614,6582.927111965761
34615,6285.459886750059
34616,5506.105294137273
34617,6636.6812258303535
34618,5853.695860689638
34619,6882.404105139636
34620,5026.897318125957
34621,5350.101993113494
34622,6156.782993566615
34623,6190.702237562626
34624,8926.630055690603
34625,6657.07596439788
34626,4131.816532717647
34627,4975.256478224207
34628,6075.484831458913
34629,5776.591424519739
34630,4814.482402163626
34631,6019.21460273958
34632,4838.096386520415
34633,5721.54159117396
34634,5818.432159449577
34635,7282.955331380722
34636,5081.691514368438
34637,4885.140459926224
34638,6038.655805081894
34639,5994.94993001396
34640,4389.465663110748
34641,5184.83306140008
34642,7437.897522288329
34643,6504.776085831005
34644,8174.771368419809
34645,8479.248742767615
34646,7231.5911722804
34647,4742.009551892877
34648,5280.5329938817185
34649,8378.993093264666
34650,7089.7586920183285
34651,6086.173594588878
34652,5441.81201122676
34653,6824.874762594289
34654,4479.977548295709
34655,3758.6464594871677
34656,8320.847052555158
34657,5797.5147491859225
34658,6045.283866198358
34659,4949.184266732723
34660,4001.5176917777794
34661,7911.942435572982
34662,5728.83840795365
34663,6094.499240183232
34664,4468.798245892492
34665,6034.886775926443
34666,5370.874682603616
34667,5008.617562187346
34668,7105.813143789865
34669,6140.806876485572
34670,4670.449911700745
34671,4646.574551823779
34672,4213.322673065921
34673,6092.570095739455
34674,15288.440306197937
34675,4286.701157497256
34676,6011.314792087242
34677,6499.886067072603
34678,3996.9359587971803
34679,4589.0538231133705
34680,5839.614051179812
34681,4282.624828419761
34682,6961.360126990187
34683,6769.1207966993115
34684,4324.329363159757
34685,6811.40924657697
34686,3464.6623327799552
34687,4397.203863629366
34688,6747.013175730042
34689,7190.670655102059
34690,8388.319412287212
34691,4550.896555844825
34692,5648.795476839384
34693,4540.863746219061
34694,5944.671027699058
34695,12722.654449034084
34696,8278.075469557689
34697,6150.947115659627
34698,4352.729257020673
34699,6253.489859334532
34700,4417.094684315892
34701,3577.3915735670994
34702,6374.2148702615195
34703,4948.392314566801
34704,5412.202732714491
34705,6584.821987532672
34706,5865.181591857401
34707,4421.1425718649025
34708,5031.288956529722
34709,6375.599050394675
34710,5948.349659265828
34711,3743.6500709744982
34712,4471.683034813624
34713,6522.493587353013
34714,6945.118406712962
34715,5673.922103101453
34716,6861.460173606672
34717,3407.800629994988
34718,6762.870303506898
34719,4651.674466190656
34720,4736.953541519367
34721,5120.622098233692
34722,5673.849755671959
34723,4582.1366815735255
34724,6428.305651713702
34725,5606.57932721118
34726,5667.05347538173
34727,5942.608583767179
34728,5636.82481917588
34729,5793.721906765272
34730,5627.309818312791
34731,6950.178153258373
34732,6073.899981723412
34733,3842.0874481483356
34734,8538.731642911524
34735,4013.0081862152674
34736,4929.533206984976
34737,6096.505353333811
34738,7835.424049772704
34739,8289.629224455603
34740,5005.064341687557
34741,5537.042570481897
34742,5196.299677091979
34743,6404.132138195518
34744,6433.041568509082
34745,6335.964796134227
34746,3560.105711889204
34747,5590.232777579465
34748,6133.523401544277
34749,5230.688575207324
34750,3462.7358708388924
34751,6682.944674085252
34752,6423.1416234775215
34753,4593.077966549079
34754,6616.637860511388
34755,6912.6722841363635
34756,7913.638135768158
34757,5108.50517569488
34758,0.0
34759,4668.552194386145
34760,6380.788584661803
34761,5479.463823883987
34762,4042.6611169200337
34763,7408.596177124861
34764,6430.76780926987
34765,6278.204239454106
34766,5142.839174859448
34767,4174.949945851952
34768,6475.226853523199
34769,4522.015904850549
34770,8017.201093091754
34771,5450.906034226577
34772,5134.5788793660395
34773,7398.0043529680015
34774,5207.453096711864
34775,5394.616307575144
34776,6404.351549003688
34777,4943.434935838137
34778,7145.826515180431
34779,8311.589300785312
34780,6276.788055888492
34781,5200.491091934958
34782,5410.490106525693
34783,3412.890701239649
34784,3079.0447425761645
34785,5809.071689607048
34786,5709.754351181248
34787,6148.664678062183
34788,5209.136153017022
34789,5271.63045944029
34790,4238.032135169338
34791,9046.144434876554
34792,5530.087611080487
34793,5582.267160000373
34794,5894.679110505893
34795,5807.9946538680715
34796,6076.688802215256
34797,5516.487824058356
34798,6528.985190430564
34799,8693.62138376866
34800,6588.0699864496955
34801,6853.939288823578
34802,6173.1430538635395
34803,4079.2481976135964
34804,5500.624965643465
34805,8017.665014363007
34806,5823.027380610694
34807,5350.720141564239
34808,13791.276151050835
34809,4958.98656786318
34810,5790.494896093953
34811,4590.055773378459
34812,6942.28978499234
34813,7870.520948914339
34814,6346.96538870711
34815,6932.52595315086
34816,7215.575042236757
34817,5336.968756274493
34818,6413.28587576267
34819,5180.125817266406
34820,4768.281512984993
34821,5444.872566015467
34822,4023.077623831472
34823,4375.620602489677
34824,6863.137825057275
34825,16207.035423816405
34826,6433.260377186668
34827,3801.851087451213
34828,5662.044178398628
34829,4940.405794681846
34830,6114.563756310228
34831,3035.4743730534096
34832,5814.728901641512
34833,6682.260951833077
34834,5450.917751686813
34835,10087.430776244815
34836,10032.677853419158
34837,6366.924787589246
34838,4236.796691362037
34839,4904.017470769819
34840,5020.512749041283
34841,6296.149517870836
34842,6889.678700162445
34843,4683.336225676464
34844,4903.49158350326
34845,3613.519461746887
34846,5426.2673146891875
34847,5044.529067655746
34848,5871.069906680996
34849,4013.9297361038075
34850,6656.917313506539
34851,4824.040077336653
34852,5311.089214542445
34853,5096.937507968501
34854,4636.648727200292
34855,5396.459926339464
34856,3605.29257357851
34857,8239.702591116988
34858,5306.876612287025
34859,4226.844791619554
34860,6125.512178363898
34861,5190.566603914198
34862,5117.419596311775
34863,4846.2202365222265
34864,5444.883775252814
34865,6819.157345121522
34866,6607.403788134482
34867,6370.972286223625
34868,4258.197459934559
34869,4874.328573352294
34870,6123.794706420896
34871,5979.543432022258
34872,5382.302763711758
34873,6451.093407562409
34874,9035.571151130214
34875,6414.863293888033
34876,4628.913635706764
34877,4139.42545894753
34878,4762.433843713873
34879,6716.360617955901
34880,5467.557895544523
34881,8662.961321137054
34882,5658.867235896111
34883,5410.002925454228
34884,3957.319482671308
34885,3642.8493276327017
34886,5882.795126693176
34887,16829.876080263253
34888,3414.2146511454034
34889,5197.526983862598
34890,6340.800121943132
34891,6407.2042176985415
34892,5826.542648301883
34893,7196.505843809893
34894,5020.087288764068
34895,5050.036388486829
34896,4604.577176103563
34897,6193.186912482768
34898,4299.561712370006
34899,6096.974956729797
34900,5833.97705689486
34901,4276.571808019469
34902,6537.099020630199
34903,5865.130019938723
34904,4234.157177862506
34905,7402.321423319212
34906,5333.581187238172
34907,3751.501549393221
34908,6898.556313049395
34909,5604.758842129408
34910,5143.365914259407
34911,8193.138337321076
34912,6085.696262211847
34913,6273.697794155698
34914,4306.94078248989
34915,4956.149890831252
34916,4646.613728804307
34917,3584.848034497458
34918,6623.488703920606
34919,3838.5005520785653
34920,5645.822886451659
34921,3650.193761739442
34922,6154.886236172723
34923,4480.261295345143
34924,4966.810876184932
34925,5146.525706614817
34926,6315.543403041716
34927,5064.849935300612
34928,7001.136538421891
34929,5624.96395654646
34930,6530.702722828078
34931,7070.16087445175
34932,7379.519421557337
34933,4643.331440181328
34934,4627.680825641891
34935,6031.7361534478205
34936,4691.624493295771
34937,7624.009915673247
34938,5736.480339782813
34939,7298.317438102864
34940,7263.1120029990025
34941,7259.187517508901
34942,4005.0439973192297
34943,0.0
34944,6693.278971331859
34945,5774.119385911022
34946,6340.276223539169
34947,7149.7272834588875
34948,6015.094116732663
34949,5583.2423851498515
34950,4922.886902626434
34951,0.0
34952,5069.756902650645
34953,6049.512219384004
34954,4346.4926637338185
34955,5371.455113369648
34956,6269.179218988032
34957,5584.455188839928
34958,6480.3841750206575
34959,5768.931944067234
34960,6706.434921013312
34961,5374.650502919851
34962,5310.57520738862
34963,5355.851570586878
34964,4370.858432220926
34965,5525.240383356154
34966,5822.649446816093
34967,5968.758707803257
34968,5870.715295024344
34969,4785.8161022157565
34970,6140.824130265526
34971,6068.952481360732
34972,5789.965177837259
34973,4609.967460081307
34974,4281.700736236544
34975,5605.780577596298
34976,6208.571857751346
34977,4363.411880594398
34978,6259.222158912426
34979,6625.77346577181
34980,6057.656681266803
34981,5018.745140041634
34982,3285.4036225692057
34983,5743.858003207519
34984,6656.443122388048
34985,5892.973735173839
34986,6651.688270931715
34987,7106.2708703038525
34988,4482.737182735703
34989,6216.406438641137
34990,4097.487769548647
34991,4056.0866273212523
34992,6145.3460066181915
34993,8037.720020154801
34994,5314.59392088818
34995,5736.775439127696
34996,4192.4098419227375
34997,5161.833462956334
34998,8138.511772021772
34999,5288.9823208761845
35000,6570.785230734514
35001,4220.32760071199
35002,4798.055142125045
35003,3920.9951196376405
35004,5251.753450310577
35005,4349.1154442318
35006,4272.5009378606255
35007,6062.3754572286225
35008,3396.4655486324104
35009,5137.554839557824
35010,6067.117110570026
35011,5119.7886185996595
35012,5070.430957623313
35013,6838.322625407653
35014,5009.132491722635
35015,5476.673852627179
35016,7110.2976584604
35017,6560.924306985736
35018,6132.615185798278
35019,4120.507261264792
35020,7709.940064860725
35021,5671.363653551215
35022,5302.868454729023
35023,7604.355567326113
35024,7191.282396079838
35025,6703.220076479302
35026,6252.509505322224
35027,5770.366067557067
35028,6840.489525751636
35029,10048.428538999628
35030,4537.078354438967
35031,4876.521881259113
35032,5490.117227020546
35033,6678.878615235212
35034,5676.620687651658
35035,7804.392400395923
35036,5910.6572440333775
35037,5046.867650006903
35038,4047.016665760341
35039,5963.374316717268
35040,5358.1010242076545
35041,4012.1418608960103
35042,6053.485604925049
35043,3878.7010366729364
35044,6165.1233107156595
35045,6042.818225510475
35046,5324.213934978327
35047,6799.872700618156
35048,4747.878634954722
35049,5224.90307049784
35050,6290.79732233122
35051,6130.623009645717
35052,7187.749893025437
35053,6017.500411570151
35054,6667.26518838034
35055,5188.244235187665
35056,4349.113600932002
35057,7999.986509346218
35058,4304.056911326369
35059,8886.9442547331
35060,6423.938605231667
35061,5338.75501444564
35062,6183.175424589185
35063,4530.441566196646
35064,5308.369834038665
35065,5926.234329588095
35066,3926.972987197581
35067,3640.131974185119
35068,6213.697300892602
35069,5887.053237937321
35070,7983.775203110416
35071,5754.76624935917
35072,5433.588749676439
35073,5313.355834731826
35074,6625.8769864582855
35075,4390.233738244365
35076,8441.099098785951
35077,6192.152701894213
35078,10052.451178645268
35079,4860.654491702064
35080,4808.99664938143
35081,9664.411679971683
35082,8187.957273414283
35083,4692.35807583803
35084,8328.891106952267
35085,4909.290709942932
35086,5297.107562120089
35087,4801.971678537364
35088,5016.499510472388
35089,4161.931312258252
35090,4670.3698090963935
35091,4674.431833460133
35092,4310.2522387802355
35093,7477.690737869864
35094,5629.682349928231
35095,20452.611860006313
35096,5889.789275758716
35097,6060.934477218454
35098,7261.645881579408
35099,9244.063825090449
35100,6697.8842729843445
35101,7612.21338102413
35102,6127.385763129965
35103,7762.374485091475
35104,7590.247699198111
35105,5407.805669171852
35106,6095.3406986363425
35107,7690.520458769452
35108,7770.517800559827
35109,6667.796187289948
35110,6926.278778472696
35111,7100.244569860453
35112,5888.973078493334
35113,8567.590892350867
35114,9461.586741998584
35115,10957.969980846907
35116,10583.042728426977
35117,8049.01788486916
35118,6604.176744331064
35119,7216.659646666145
35120,5283.309682916657
35121,8655.538473775725
35122,10101.875746198297
35123,9057.711257934621
35124,6158.884563776957
35125,5731.721184036616
35126,6203.418321056516
35127,7039.661522813704
35128,9263.205078794908
35129,6925.846230189203
35130,6418.819643430361
35131,6129.065558476293
35132,8349.569725468784
35133,5320.47623814417
35134,7828.249405483916
35135,6008.711738770961
35136,7104.421512348405
35137,7461.022506286717
35138,6544.047129384511
35139,7360.220560303165
35140,7207.238910942595
35141,6524.253314542431
35142,6841.954621206435
35143,7087.93440252744
35144,10856.215251940803
35145,6749.2502653470065
35146,9128.642525432126
35147,7724.556585475216
35148,8088.385300477366
35149,7799.903668535226
35150,8936.69176310615
35151,5946.750851170659
35152,7317.487662069463
35153,6844.393803899685
35154,7411.381290377728
35155,9489.581978431605
35156,7579.935190171394
35157,5846.330841298272
35158,7253.233952496906
35159,6627.221549535628
35160,10087.335093082665
35161,5987.703541140985
35162,10805.247715266076
35163,5775.828004860346
35164,6502.359273171538
35165,7463.472832284479
35166,6775.440445163352
35167,6772.074517314689
35168,7325.004120526637
35169,7541.671754543819
35170,7419.509251328624
35171,6332.929525455257
35172,7634.577576620807
35173,7499.059145309939
35174,7075.222096289302
35175,6058.306011008822
35176,7219.19443397437
35177,9979.127922727092
35178,7432.535967741105
35179,6184.357880396044
35180,7579.223685001665
35181,6480.314677044532
35182,8166.702684514433
35183,7668.132640858371
35184,5773.78538767712
35185,8085.787834346485
35186,7399.695278786288
35187,7108.259848688708
35188,8108.374210730003
35189,6008.348720586407
35190,6767.627231672771
35191,6094.9656354345325
35192,7753.540080908512
35193,7641.551546678856
35194,5960.112363021545
35195,6152.792245194311
35196,7175.95958330334
35197,6973.119492408013
35198,6840.824594958096
35199,6916.331625210245
35200,6792.836838727599
35201,7420.548800926263
35202,6216.996377482506
35203,6099.92551969912
35204,7078.817348014207
35205,8715.972965452534
35206,7204.773440468953
35207,8393.644777297091
35208,8667.189407373855
35209,6815.211542971607
35210,8819.408871333844
35211,6915.658474914943
35212,7645.7658242643
35213,9163.570027487276
35214,6963.779613563233
35215,9359.927174976772
35216,8600.933394512307
35217,8162.26053138028
35218,6959.579756652655
35219,8264.796215420403
35220,8013.528765895956
35221,6086.156305514941
35222,5185.069669163727
35223,6972.237229258704
35224,7816.535604949061
35225,6750.528496215714
35226,6108.965328771465
35227,8407.233575524682
35228,7092.263096001451
35229,6552.510887950047
35230,6697.588013151039
35231,6428.937681777205
35232,7829.662493652225
35233,7447.670784494393
35234,6925.479048431398
35235,6081.215372503557
35236,6746.025080037443
35237,7736.734405166502
35238,5605.192749764672
35239,6539.913615384386
35240,5705.082001801585
35241,7992.400044404769
35242,6327.467296934541
35243,6576.147289429931
35244,9193.098428734253
35245,6663.546935286112
35246,7091.042743750704
35247,10720.583698463397
35248,7110.224470275579
35249,7336.831184032185
35250,7009.434437845675
35251,6225.313267834771
35252,7850.430608324397
35253,6350.223648926513
35254,7698.074571240137
35255,9668.582233439016
35256,6687.855427332256
35257,4671.954262882038
35258,5942.595629163054
35259,7953.504545589065
35260,8074.861438652635
35261,6992.939684485715
35262,7139.4741668215265
35263,5971.701114977731
35264,5934.298769984845
35265,5775.69553138479
35266,5647.51062404082
35267,6882.096716769578
35268,7720.262794857759
35269,7035.288201721104
35270,6921.823398654777
35271,7838.392244316843
35272,8323.72969608495
35273,7679.755760403625
35274,6575.2000667639095
35275,8320.898216130727
35276,9348.729508530929
35277,6619.252724587033
35278,7759.95243193159
35279,7022.461421189513
35280,7354.622767727418
35281,6420.833347127204
35282,6966.933053594812
35283,6293.142924142135
35284,8202.843455105478
35285,7238.311508594311
35286,9477.970951316038
35287,8569.803234874935
35288,7229.920684822677
35289,7876.082704084346
35290,17383.386174817337
35291,11432.403348767048
35292,7812.8255943278855
35293,4783.042851747247
35294,6994.406277487803
35295,9653.105633844709
35296,5931.575770279304
35297,12265.079947554355
35298,17323.71961163364
35299,7132.944657516841
35300,6430.6830452084205
35301,8359.492637493056
35302,6726.521626737054
35303,9892.795554826938
35304,6895.72349579876
35305,7827.815442069948
35306,4746.007877546305
35307,6407.072715287996
35308,7404.227207710318
35309,7621.3040481308635
35310,8592.063281879191
35311,6221.309018600468
35312,7874.621192960966
35313,6885.036383780957
35314,6388.448429459515
35315,6872.242217154155
35316,7563.615644751212
35317,6248.551768650772
35318,6886.572026163371
35319,6894.711246993695
35320,6195.792106051385
35321,6033.377903157525
35322,6320.882686811098
35323,6977.36124554832
35324,8858.192288582652
35325,7264.02975836873
35326,8167.2852354409
35327,7409.696427131829
35328,5854.301915303762
35329,7309.748230637885
35330,6825.058132037328
35331,6107.216417977051
35332,6106.8627643657765
35333,7024.914687910543
35334,7100.281174203487
35335,7211.908505130297
35336,7867.308995101702
35337,7184.471537333159
35338,5700.700346091656
35339,6253.783289631424
35340,8331.52580959676
35341,6584.5817573772665
35342,6895.503915270024
35343,14246.705533302355
35344,7740.655838707663
35345,7041.456802710152
35346,6776.331472302931
35347,6120.734408357486
35348,6881.276448141867
35349,5214.652883060582
35350,7135.828270614806
35351,8118.952895015906
35352,6359.401562265713
35353,17141.16853470045
35354,11009.324577406782
35355,6855.5463310516225
35356,7225.507761137646
35357,6387.997124172343
35358,7581.474209164155
35359,7372.595548965483
35360,10953.12451823448
35361,7733.6774282334245
35362,8291.957469011788
35363,7046.116678794396
35364,7571.8456913810105
35365,6428.410413357719
35366,8886.480945855657
35367,7076.729315080287
35368,6720.547108958423
35369,6756.336386629196
35370,6590.189348936686
35371,9315.824100671618
35372,8141.459522371517
35373,7096.009331333901
35374,8870.397740465407
35375,7823.051922010641
35376,10084.429305808464
35377,5482.584647109068
35378,6342.54737658456
35379,7629.433749080477
35380,9167.196765549957
35381,7872.096440000287
35382,7339.740505819287
35383,7744.603076086141
35384,7680.411940953547
35385,6521.429527517189
35386,8688.148339453215
35387,7723.250033863836
35388,6590.821367032007
35389,13144.61842909848
35390,16476.012605970765
35391,8203.52893470213
35392,8563.422377890718
35393,9687.902306129165
35394,9823.335547282271
35395,9667.558369745166
35396,7385.4663490122875
35397,8222.498998301653
35398,7426.900176932919
35399,8010.805129515832
35400,6092.165203426464
35401,7327.930637422744
35402,6427.462883068087
35403,6269.069618013207
35404,6641.647494521909
35405,5635.458117545672
35406,5870.494006721469
35407,6908.541270011045
35408,5586.215710659296
35409,5608.381065340647
35410,6674.400371625762
35411,7369.353017849399
35412,8823.161382473098
35413,8560.705018083645
35414,8401.936442349086
35415,7473.5051929979
35416,7735.501532041329
35417,8860.300507875232
35418,7541.627582571694
35419,5976.556861194558
35420,6694.819407817093
35421,9089.060351202786
35422,6351.983605777144
35423,6983.469053422815
35424,5919.005894489773
35425,6517.598876721305
35426,9283.265539682518
35427,6493.995031980617
35428,7732.390035060829
35429,8522.7314867265
35430,9219.876843701171
35431,9718.1029480597
35432,6829.805937294415
35433,8949.359894392404
35434,5671.755061678044
35435,6562.893130705945
35436,6903.092639651278
35437,6112.543840428865
35438,7691.6844849164445
35439,6078.665273904667
35440,7751.408938941658
35441,8219.831436225446
35442,9093.095697272074
35443,8554.18716998857
35444,6365.0075154704555
35445,6729.69929161955
35446,9242.714325323472
35447,7952.301726464092
35448,8375.741466665371
35449,7188.049917161092
35450,7464.477363423766
35451,8601.254676848182
35452,7019.147587080864
35453,7301.544834229198
35454,8172.980557977441
35455,8252.210856619391
35456,13007.773832681947
35457,7780.832679213913
35458,12456.151194757857
35459,7107.063350020334
35460,7491.874957655572
35461,5349.694755563279
35462,7481.7145268788245
35463,7335.97296895061
35464,6522.647638119124
35465,7892.982854189789
35466,6889.984446741725
35467,5371.605625283731
35468,6941.275510808631
35469,6673.863501386266
35470,7299.932242395284
35471,7107.246293505301
35472,7561.405874185019
35473,7678.67875235418
35474,6952.395478278423
35475,8194.660766449244
35476,6273.1045259754865
35477,6449.467275510487
35478,7098.012078877449
35479,8016.8218114169285
35480,10804.29297471123
35481,7594.582759579521
35482,5862.655380381367
35483,6693.742572742484
35484,7617.36352652063
35485,7234.970884656999
35486,6787.266041169244
35487,7897.986135251892
35488,6677.58831821691
35489,6335.968270905954
35490,7002.070267671354
35491,8176.22052228591
35492,6601.249107062467
35493,7052.919975814156
35494,6967.881928275435
35495,6747.26017484132
35496,5928.914727957984
35497,6695.607000494609
35498,8308.130641949812
35499,8743.46936412353
35500,9217.191524028754
35501,11751.817064457216
35502,8274.011327889344
35503,6736.677889255
35504,7041.286906208994
35505,9629.348044010012
35506,8836.178488406787
35507,7340.002132312995
35508,7515.13177134242
35509,8758.704349326566
35510,6489.900964965351
35511,5877.463486358829
35512,9142.404991906904
35513,6839.512275709749
35514,7746.289789085614
35515,6689.369151363999
35516,5370.285139381755
35517,10476.584419805358
35518,6571.3968878818005
35519,7300.496089328586
35520,6477.470604853118
35521,7365.790437049412
35522,7174.22929389022
35523,7209.148174028318
35524,7714.435281707572
35525,7029.873567110893
35526,5709.499433967599
35527,5986.1354122717
35528,6089.906654301586
35529,7516.156018857079
35530,18470.08532420777
35531,5807.235499036393
35532,6920.920068399624
35533,7763.102760601504
35534,5807.758004915104
35535,5664.634949920978
35536,6783.37573276343
35537,5751.217364650097
35538,7622.39814159175
35539,7873.189998538282
35540,5894.359915119175
35541,8134.108660990176
35542,5465.469863436523
35543,5904.350339194257
35544,7902.003950664882
35545,8511.276058940566
35546,9251.078807123606
35547,6689.3196404217115
35548,7290.19931872183
35549,5607.87249264066
35550,7062.039159907012
35551,12315.594510937339
35552,9512.252306052329
35553,7443.279933248959
35554,5761.897168358264
35555,7253.143267261193
35556,5927.1898845615715
35557,5572.360362167519
35558,8562.8401393709
35559,7597.2586317459845
35560,6525.705541949767
35561,8015.7044025241485
35562,6979.837471483639
35563,6354.575315219639
35564,6767.809961239925
35565,7530.5898253295145
35566,7129.6177678883705
35567,5732.183718607787
35568,6506.602599235193
35569,7448.664863301956
35570,8289.121332858193
35571,7200.008367747376
35572,7977.4088911377485
35573,5537.099724084748
35574,7672.475579819281
35575,5898.824250174908
35576,6745.625900479993
35577,6935.961424910439
35578,7772.573155052882
35579,6286.881176996287
35580,7526.039124538605
35581,7403.277387705211
35582,6848.259548004887
35583,6752.392028405127
35584,6980.5071174169125
35585,7001.33413314957
35586,6640.4225714214235
35587,7843.443344163559
35588,7328.8459945192935
35589,6205.073835745977
35590,9620.523955171373
35591,5651.090352097676
35592,5940.661609524117
35593,7382.234462182149
35594,8727.92517313115
35595,10224.08998349344
35596,6533.725704432651
35597,7635.7659698628195
35598,6420.29197756104
35599,7875.9922624476485
35600,7326.3067594142685
35601,7508.009907526732
35602,4559.202725664244
35603,7332.2274693338795
35604,7332.599023750994
35605,6416.2055942048255
35606,5510.111229120881
35607,7785.776784135643
35608,7703.169675920853
35609,6808.5783286011965
35610,8631.908198684438
35611,7687.273233654292
35612,9208.531207531709
35613,6862.553968240807
35614,6507.145136087398
35615,6609.316843216362
35616,8156.551545008474
35617,7713.409706910657
35618,5830.643187592618
35619,8593.711844382527
35620,7596.418829806831
35621,7315.7825477164415
35622,6164.585426612762
35623,5446.607768611403
35624,7407.439413246978
35625,6223.848233872779
35626,9222.046033241028
35627,7123.069422413865
35628,6624.557633451981
35629,8351.020142514317
35630,7150.163697698168
35631,6751.037817820356
35632,7575.237983702168
35633,6591.281460133172
35634,8534.822109968434
35635,9689.158571586291
35636,7859.835423485134
35637,6887.233991595225
35638,6616.947098377335
35639,5696.266853919739
35640,4936.093925880904
35641,7785.958494184221
35642,6744.46843602769
35643,8566.158744014496
35644,6466.678817812193
35645,7541.401242346376
35646,6380.124942788817
35647,10989.014689282702
35648,6529.7259320923995
35649,6750.981980903788
35650,7174.364978726995
35651,7390.899241735679
35652,6953.036464619873
35653,8031.1237735295135
35654,7497.647823267446
35655,9812.806312567252
35656,7551.684327559863
35657,7971.924346017165
35658,7544.498495780757
35659,6092.704089526971
35660,6450.873704114091
35661,9227.78716584476
35662,9329.347508519437
35663,7042.5737455606495
35664,15497.804297907023
35665,7054.348676035598
35666,6896.997645416592
35667,6247.155105068421
35668,8060.274842185927
35669,8902.822005884913
35670,7484.207858173651
35671,8084.667415615682
35672,8333.560099430339
35673,6560.961056743554
35674,7289.788688124684
35675,6354.28896652037
35676,6520.045779661231
35677,6710.938257567107
35678,5965.494676155976
35679,6049.8204414280945
35680,7712.752140155783
35681,16222.98361506447
35682,7720.090018329549
35683,6227.50641176889
35684,7589.082955646262
35685,5876.403833143488
35686,7390.4025075097725
35687,4955.701753069149
35688,9500.600067258565
35689,7800.246009026664
35690,7549.641151067735
35691,11575.641743444354
35692,10643.467066758873
35693,7785.085086085288
35694,7378.53795008915
35695,6119.562937417682
35696,6722.607516013803
35697,7403.531208691325
35698,7945.792040040216
35699,5948.186754971349
35700,5802.313009459896
35701,5310.06113003596
35702,6591.064829206217
35703,6645.323197777302
35704,7099.5900369393585
35705,5671.363748829044
35706,8056.651114485248
35707,7067.332238616241
35708,7360.425186623293
35709,6430.238197115169
35710,5918.063221294011
35711,7495.183325720386
35712,5326.878083159055
35713,9257.451823430072
35714,6470.81488493405
35715,5664.914114914482
35716,7443.313984222017
35717,6574.616849913281
35718,6248.2434634004385
35719,6524.675263546969
35720,6892.248481149669
35721,8820.217919281531
35722,9047.649319837023
35723,7545.43236228307
35724,5350.819328607409
35725,6835.622132836395
35726,7185.500590329609
35727,6990.1100405889365
35728,6678.252816195554
35729,7601.404859264361
35730,9932.176928357218
35731,7163.2325647534
35732,6966.574005484049
35733,7005.657375426724
35734,6163.694572911295
35735,9039.522496828644
35736,6898.342415083411
35737,11254.341647625171
35738,6822.935461938278
35739,6395.327387135302
35740,6015.060440624561
35741,6016.1470659956585
35742,7634.068750333709
35743,16771.940301969247
35744,5172.645473487638
35745,6401.194653654535
35746,9030.93715621307
35747,7924.930205512814
35748,7055.479441366141
35749,8256.04583550303
35750,6293.29185910801
35751,5983.527920828643
35752,5830.610623207968
35753,8274.300814021874
35754,6122.000700898245
35755,7860.893406561389
35756,7009.287601786502
35757,6056.714139471814
35758,8100.284793477044
35759,6890.513606360631
35760,5250.32234467173
35761,8707.186431934284
35762,8269.021981140166
35763,5425.701388331635
35764,8118.706311516188
35765,6728.013954854487
35766,6261.002322421108
35767,9342.468686682894
35768,7253.49963022544
35769,7242.36042699258
35770,5971.364361254585
35771,6142.670626674077
35772,7134.174498143602
35773,4765.664098772658
35774,8062.014468447757
35775,5598.637031770078
35776,6447.091051952335
35777,5674.863799828727
35778,7288.533198915079
35779,6276.8370379711005
35780,7289.972755057677
35781,6980.273495526877
35782,7506.8468175565695
35783,7065.502738983698
35784,7993.466014449682
35785,7110.545317050711
35786,8978.612344443995
35787,8441.711670845083
35788,8909.654342814903
35789,5691.096355235888
35790,6726.126784167921
35791,7715.354205060075
35792,6085.881767166621
35793,8757.656878415592
35794,6865.909207632991
35795,8830.49212198489
35796,9408.837479363718
35797,8136.266978860143
35798,5726.703658406094
35799,8724.296125948602
35800,9329.684132147042
35801,6886.006008057365
35802,7430.252379732079
35803,8461.733653768852
35804,7120.912373222731
35805,7313.179900749148
35806,7197.822863996687
35807,6683.789864620755
35808,6662.033005781291
35809,7270.059407102922
35810,6469.385040799375
35811,6619.103140707554
35812,7284.4794455487145
35813,7025.361553020308
35814,7590.955833062794
35815,7622.563309868825
35816,7830.112130385052
35817,7070.086003599569
35818,8309.690963375155
35819,7142.82008105681
35820,6680.37568660202
35821,6877.423093716084
35822,7110.743292980691
35823,7943.877860543792
35824,7023.334051651991
35825,6378.092205346402
35826,7190.2807620974445
35827,7467.049609454562
35828,7047.3722404647315
35829,6708.690859462229
35830,6003.286245817089
35831,6946.897198775303
35832,7460.193345800774
35833,6739.134910010803
35834,7316.881590985022
35835,7759.420428514167
35836,6331.718007489764
35837,5986.396148452289
35838,5116.613789847197
35839,6892.139592017203
35840,7815.11656121501
35841,7045.251898943883
35842,8184.214462948088
35843,8460.758067986908
35844,6510.983270841455
35845,7655.288704107915
35846,6080.847576414294
35847,5691.3344888973015
35848,7387.928944022909
35849,10241.060741538524
35850,7264.819661441518
35851,7750.0621583602515
35852,6118.6050095770515
35853,7504.677644809912
35854,9350.984049578852
35855,6525.7944840349
35856,7764.719321383504
35857,5907.066966913876
35858,5438.492250664243
35859,6025.222979219214
35860,6677.159317620805
35861,6525.439656115021
35862,5958.583400906318
35863,7111.832089060541
35864,5624.133205766883
35865,6919.9072811935175
35866,7740.206513875919
35867,6071.448562610071
35868,7206.554665071536
35869,7883.327058710717
35870,6102.931484268573
35871,6851.004703909932
35872,8055.417499848102
35873,7772.317012527504
35874,7314.006255922385
35875,5807.246627466678
35876,12357.200024119822
35877,6529.3719661907635
35878,6313.667698416692
35879,8712.305043165627
35880,8319.93414260727
35881,7980.498459286502
35882,7351.279519987881
35883,7384.605314670661
35884,8615.536779327113
35885,13499.736279886705
35886,6130.808063513762
35887,6103.909623333121
35888,6435.712988691987
35889,7852.074168315458
35890,7160.238282059579
35891,8337.425709521918
35892,7795.513777281371
35893,6247.52967454204
35894,5858.940302275335
35895,7145.732459111992
35896,8290.360038886607
35897,5824.065497411004
35898,7234.558543282614
35899,5270.94245839539
35900,6960.279163984623
35901,7678.279008104843
35902,7094.842360041063
35903,8329.923959065107
35904,6867.279750204676
35905,6240.203297058523
35906,7587.080301007121
35907,7614.618629456088
35908,8260.011916753621
35909,7498.779550993222
35910,7807.340666442563
35911,7024.856187703751
35912,6523.969980522032
35913,9257.341854391805
35914,6030.818146855854
35915,9548.296588775404
35916,7645.607443164054
35917,6354.055241006323
35918,8317.005678278127
35919,6280.1893545110925
35920,7078.998259101401
35921,7424.664191752479
35922,4317.872510672878
35923,5746.790571099255
35924,7271.323711003107
35925,8989.46471301925
35926,8982.570848964218
35927,6664.338031128866
35928,7036.447823732534
35929,7168.805143934208
35930,7851.640570054882
35931,7046.213016452437
35932,9919.262136876961
35933,8158.477948789546
35934,10509.327220949323
35935,5901.229995360751
35936,6040.906702648806
35937,9900.143943283118
35938,9368.225753744264
35939,6260.465023222962
35940,9712.787061188688
35941,6348.668222965098
35942,6381.13149530253
35943,6020.298654487311
35944,6316.134057497444
35945,5939.329101357193
35946,5919.469760613333
35947,5786.266014103513
35948,5878.939158252301
35949,9535.003351111252
35950,7524.370477564237
35951,20264.829198761992
35952,6711.436204874627
35953,5668.815014325766
35954,7290.661755277015
35955,9465.726272511878
35956,6736.4326252363935
35957,7801.568643888852
35958,6140.9932319478785
35959,8143.516735664328
35960,7971.3899497709635
35961,5421.50483110853
35962,6122.064774934942
35963,7602.450533051852
35964,7946.756455943863
35965,6844.034842673984
35966,7029.883030602177
35967,6787.697201155909
35968,5915.697154791933
35969,8464.68055373737
35970,9854.553268524878
35971,10752.693578822085
35972,10644.044914247483
35973,7827.190942754572
35974,6665.178930151577
35975,6847.537906447578
35976,5061.919476985696
35977,8844.893736640437
35978,10120.585054166151
35979,9473.131618029382
35980,6218.77187362414
35981,5557.725695108255
35982,6029.422832128155
35983,6841.977297478057
35984,9678.625438889669
35985,6887.126989654586
35986,6049.697903211793
35987,5768.563601817598
35988,8274.970062456488
35989,5211.598465609968
35990,7520.445314077154
35991,5636.056474492276
35992,7007.368015767653
35993,7230.810914734691
35994,6493.115800312384
35995,7290.639718991324
35996,7110.185414361843
35997,6449.653651530144
35998,6733.076848672234
35999,7159.833524362533
36000,10705.173694253352
36001,6583.2995155981835
36002,9054.042862419834
36003,7868.955492837491
36004,8407.831903596136
36005,7543.689565394547
36006,9144.577884103615
36007,5837.873078636458
36008,7208.609889535262
36009,6769.794140887398
36010,7103.577198970966
36011,9259.647480232617
36012,7601.874485400132
36013,5778.997598718435
36014,7068.549772727912
36015,6660.964066208893
36016,10180.385231940303
36017,6045.164781096633
36018,11121.892598238133
36019,5843.848631055525
36020,6536.101789844804
36021,7568.328789242728
36022,6486.600164185542
36023,6717.701160212685
36024,7418.054259384277
36025,7346.846301819965
36026,7223.3175920550775
36027,6006.931977374764
36028,7412.530616870371
36029,7222.372498704455
36030,7143.242722484481
36031,6103.872803635537
36032,7289.772281410705
36033,9826.957409345197
36034,7489.997207696753
36035,6082.311135235379
36036,7377.1355208409495
36037,6380.828509988265
36038,7930.224071087598
36039,7466.044476697656
36040,5661.182613140167
36041,7818.497257821337
36042,7300.2091117300215
36043,6855.928164582507
36044,8006.3274655693385
36045,5678.9348236733
36046,6502.178940085883
36047,5919.543201866934
36048,7489.970041783714
36049,8330.250328640412
36050,5853.259860472414
36051,6042.2515427208455
36052,7136.172595035344
36053,6640.793400822359
36054,6937.232019624165
36055,7012.739049876314
36056,6889.244263393668
36057,7516.956225592332
36058,6025.445407151216
36059,6196.332944365188
36060,6867.554994182862
36061,8851.312797654888
36062,7335.458974656936
36063,8191.556613136384
36064,8485.553899502274
36065,6549.763251384718
36066,8558.117041632982
36067,7012.065899581013
36068,7779.431550521005
36069,8960.005884265127
36070,6698.331321976346
36071,9443.217992162152
36072,8343.501019075171
36073,8019.8698934591275
36074,6780.8288297045365
36075,8348.087032605783
36076,7811.44060173524
36077,6182.563730181009
36078,5268.36048634911
36079,7102.92276344669
36080,7924.76730556858
36081,6653.129881339834
36082,6205.372753437534
36083,8490.524392710062
36084,7222.948630189435
36085,6660.742588569566
36086,6488.570704559905
36087,6512.228498962589
36088,7960.3480278402085
36089,7271.089525674681
36090,7033.710749050917
36091,5997.521316447488
36092,6854.256780656962
36093,7407.538379451926
36094,5735.878283952656
36095,6696.230311038652
36096,5633.477273303178
36097,7814.34258026344
36098,6423.87472160061
36099,6672.554714096001
36100,8920.354814512095
36101,6794.2324694740955
36102,6824.206944789436
36103,10851.269232651377
36104,6899.946338863559
36105,7125.930894674956
36106,7105.841862511745
36107,5972.632763781938
36108,7406.769818318538
36109,6458.455349546032
36110,7828.76010542812
36111,9776.813934058533
36112,6796.087127951775
36113,4463.601558513972
36114,5981.458674439875
36115,7418.701554324786
36116,7901.837256429087
36117,7034.113324956854
36118,7144.139210421057
36119,5734.364722051472
36120,6031.134458479514
36121,5872.10295605086
36122,5743.91804870689
36123,6669.734963911503
36124,7409.808730113028
36125,7165.973735909088
36126,7018.230823320846
36127,7652.945873810771
36128,8002.3175538273335
36129,7359.594143369343
36130,6470.1646099355885
36131,8417.305640796794
36132,9358.434644379187
36133,6727.484425206552
36134,7890.637966119573
36135,6874.401526260079
36136,7254.767016307545
36137,6141.048982457979
36138,7097.618587782796
36139,6087.863838558064
36140,8299.250879771538
36141,7015.839982902068
36142,9317.176451424368
36143,8700.488769062913
36144,6959.816729925307
36145,7362.204952346259
36146,17514.071709005315
36147,11181.930702832868
36148,7943.5111285158755
36149,4615.353763639559
36150,6684.522185529255
36151,9783.791168032689
36152,6025.422616840976
36153,12308.119339296514
36154,17011.530075878687
36155,7229.352082182911
36156,6538.914745827939
36157,7804.676897449731
36158,6834.753327356573
36159,10023.481089014918
36160,7029.389222055465
36161,7936.047142689467
36162,4669.996950461868
36163,6355.713915929582
36164,7134.773950692965
36165,7729.5357487503825
36166,7990.321727759524
36167,5949.838857153409
36168,7554.459575926685
36169,6981.443808447027
36170,6281.334691348489
36171,6968.649641820224
36172,7038.690501550175
36173,6226.098871309437
36174,6644.283632508877
36175,6974.123727072281
36176,6279.082923236769
36177,6164.063437345509
36178,6429.114387430617
36179,7073.768670214389
36180,8634.884506011325
36181,6993.92580347136
36182,8297.970769628875
36183,7517.928127751348
36184,5709.816356033481
36185,7443.41395689459
36186,6921.465556703397
36187,5887.186742270388
36188,6215.094464985295
36189,7121.322112576612
36190,6927.256991979938
36191,7308.315929796366
36192,7964.144683596374
36193,6966.38941557525
36194,5783.991163277039
36195,6347.6301361930955
36196,8212.687565128748
36197,6433.014090440681
36198,7026.189449458007
36199,14377.391067490335
36200,7450.205066177429
36201,7172.142336898136
36202,6462.333319438291
36203,6204.0252255428695
36204,6977.6838728079365
36205,5345.338417248566
36206,7232.6639591094745
36207,8202.243712201276
36208,6065.34592135993
36209,17231.494006328652
36210,11140.010111594762
36211,6522.758520792758
36212,7321.915185803716
36213,6484.404548838413
36214,7689.705909783674
36215,7503.281083153467
36216,10619.83233329559
36217,7431.054943370043
36218,8422.643003199766
36219,7176.802212982379
36220,7680.0773920005295
36221,6095.6226030988555
36222,9020.14667211236
36223,6883.767045400691
36224,6828.778809577942
36225,6486.883129611842
36226,6479.799037922721
36227,8960.424158701227
36228,8345.737350350591
36229,6799.169457017699
36230,9049.73468501034
36231,7583.856098580783
36232,10061.466907849212
36233,5686.862475088145
36234,6167.587720257053
36235,7442.120737825463
36236,8816.694451809586
36237,7551.934822966005
36238,7059.956141150062
36239,7600.11751681586
36240,7414.314315896832
36241,6243.304984202261
36242,8849.21905168314
36243,7850.04263657185
36244,6348.532973377513
36245,13458.255093387239
36246,16637.08331820069
36247,8021.20881913919
36248,8212.920064150343
36249,9741.71918088577
36250,10136.972211571028
36251,9871.836197724237
36252,7546.537061242217
36253,8470.474713272803
36254,7105.133464289132
36255,7852.52362237262
36256,6087.924813855848
36257,7466.91744109289
36258,6439.689395837352
36259,6406.0077256585555
36260,6778.585602167257
36261,5644.334335455742
36262,5879.370224631539
36263,6618.090497480812
36264,5723.153818304644
36265,5646.134776379322
36266,6604.255464709938
36267,7249.483922910636
36268,8633.77317746184
36269,8318.342480963674
36270,8498.346171562587
36271,7163.051128253169
36272,7440.153131281077
36273,8997.238615520579
36274,7620.761734476155
36275,5985.433079104628
36276,6636.371325368567
36277,8338.45562187426
36278,6347.743216206526
36279,6940.681212105885
36280,6040.458809413311
36281,6656.5856803914485
36282,9422.252343352657
36283,6342.427365044032
36284,7489.340864522387
36285,8287.031515568911
36286,9009.859343197688
36287,10005.369506306432
36288,6952.359190881916
36289,8953.642368841121
36290,5680.631279588113
36291,6512.262461889874
36292,6810.076017122581
36293,5977.031073901174
36294,7830.671288586588
36295,6217.65207757481
36296,7760.285156851727
36297,8327.950323329858
36298,9232.082500942213
36299,8459.118220797965
36300,6360.767125899839
36301,6738.57550952962
36302,9365.267578910974
36303,7656.5044365064105
36304,8514.72827033551
36305,6909.925373846164
36306,7009.150656093568
36307,8740.24148051832
36308,6874.662027810583
36309,7409.663721333614
36310,7992.71609478221
36311,8247.970467048768
36312,13192.796935362037
36313,7366.350212134428
36314,12595.137998427996
36315,6891.693635550981
36316,7077.392490576088
36317,5488.681559233422
36318,7620.701330548968
36319,6993.297604022549
36320,6247.05827281273
36321,8029.920961835137
36322,6707.7470797296355
36323,5380.4818431938
36324,6796.78995153835
36325,6669.623111815648
36326,7420.309687960072
36327,6897.76131457949
36328,7655.780513677438
36329,7369.301598020057
36330,6672.611113609197
36331,8289.035405941664
36332,6367.479165467906
36333,6379.457260017357
36334,6765.224268618585
36335,8111.196450909345
36336,10958.520265969328
36337,7577.875848453065
36338,6016.882671639469
36339,6788.1172122349035
36340,7749.136984210268
36341,7329.345524149418
36342,6919.039498858881
36343,8029.759592941529
36344,6771.962957709329
36345,6328.3857643685205
36346,6935.217939282965
36347,7930.973537165139
36348,6755.476398320569
36349,7172.40332109193
36350,6820.701925509754
36351,6527.230499134658
36352,6060.688185647621
36353,6471.347487350396
36354,8009.556619886372
36355,8860.857967755315
36356,9275.801566737931
36357,11909.024547784036
36358,8300.536241828446
36359,6749.913004382562
36360,7144.241143357699
36361,9723.722683502425
36362,8967.951946096422
36363,7338.881816235038
36364,7596.389803354152
36365,8890.4778070162
36366,6610.278410530138
36367,5971.838125851248
36368,9444.912037741595
36369,6855.2894451576185
36370,7866.667234650401
36371,6796.3764251729235
36372,5069.08927458669
36373,10751.904869751514
36374,6198.842005695341
36375,6954.478779339629
36376,6467.370968842759
36377,7028.875940593232
36378,7164.129657879861
36379,7518.440058522875
36380,7026.154200249165
36381,6898.755392218243
36382,5882.833929953624
36383,6035.888428027024
36384,6066.690410810541
36385,7509.195088277843
36386,18585.937783152047
36387,5823.138669098402
36388,6555.25938905547
36389,7812.855776356826
36390,5784.541761424059
36391,5650.163568881024
36392,6457.848565194968
36393,5800.970380405421
36394,7033.271461187563
36395,7623.564008506557
36396,5884.260279108816
36397,8110.393195380013
36398,5455.370227426164
36399,5894.250703183898
36400,7706.451859445362
36401,8338.919297816246
36402,9371.47037046789
36403,6787.257370197536
36404,7410.590882066119
36405,5588.471270891037
36406,7129.072981974106
36407,12435.986074281624
36408,9016.146544238887
36409,7252.1335147304235
36410,5882.288731702553
36411,6990.631479788208
36412,5974.612188659492
36413,5619.78266626544
36414,8659.258483879186
36415,7717.650195090275
36416,6157.756086890599
36417,7792.975378252919
36418,6644.846492214989
36419,6401.99761931756
36420,6888.201524584214
36421,7471.112353524392
36422,6898.781435250869
36423,5818.725436258761
36424,6604.540329011018
36425,7134.046362639918
36426,8339.085409095569
36427,7247.430671845296
36428,7866.436462537915
36429,5597.638635663355
36430,7306.814900475127
36431,6019.215813519198
36432,6806.1648120586
36433,7165.664812756217
36434,7870.510884828706
36435,6347.420088574893
36436,7446.9481766471645
36437,7463.816299283818
36438,6403.4721800443085
36439,6446.015885676125
36440,7027.929421514833
36441,6762.427946982297
36442,6420.927445963599
36443,7689.258543778133
36444,7136.998650177201
36445,6303.0115655218015
36446,9772.1214950947
36447,5737.632069748651
36448,5612.028143345658
36449,7502.626025526439
36450,8256.54649309193
36451,10344.481546837726
36452,6620.267422083624
36453,7733.703699638644
36454,6480.830889139646
36455,7996.383825791938
36456,7051.3621373014685
36457,7275.019373358874
36458,4665.693835492103
36459,7143.960162697391
36460,7164.676968447754
36461,6717.157850081008
36462,5570.650140699488
36463,7545.208641141832
36464,7887.024650792577
36465,6906.516058377021
36466,8752.299762028722
36467,7318.469581969595
36468,8954.846457057216
36469,6583.087840497169
36470,6586.880716725216
36471,6689.05242385418
36472,7954.820036250111
36473,7780.0286800677895
36474,5910.378768230436
36475,8549.799036777775
36476,7330.302580874707
36477,7066.461865192596
36478,6036.388047919397
36479,5533.149486262378
36480,7349.4075549036
36481,6310.389951523754
36482,9112.67826011397
36483,7022.119761050214
36484,6744.94919679627
36485,8073.116122528512
36486,7270.5552610424575
36487,6737.41249480434
36488,7695.629547046457
36489,6711.673023477461
36490,8655.213673312719
36491,9304.509982472124
36492,7980.226986829423
36493,6966.969572233043
36494,6576.88395878023
36495,5794.204583695564
36496,5056.485489225194
36497,8015.661882029999
36498,6446.966535791817
36499,8649.101971259559
36500,6318.7900967654705
36501,7296.114939952073
36502,6478.062672564642
36503,11109.406252626986
36504,6242.4546422086605
36505,6490.304338760166
36506,7069.665246227611
36507,7517.108189326511
36508,6579.020275414583
36509,8167.3609977328315
36510,7564.266796424578
36511,9933.197875911537
36512,7296.498166446195
36513,7832.10988929195
36514,7374.796724867802
36515,6188.763924252728
36516,6268.057628785251
36517,9522.35108465414
36518,9465.584732722758
36519,7138.992090068939
36520,15352.951928522396
36521,7174.7402393798875
36522,6904.030399537989
36523,6367.54666841271
36524,7992.456554967515
36525,8733.468655598932
36526,7375.33455926457
36527,8010.126621792425
36528,8294.781311802037
36529,6640.696637381372
36530,7130.857501823992
36531,6139.8769477922215
36532,6586.664752818363
36533,6445.010267329827
36534,6052.036393806951
36535,6129.556022065913
36536,7738.821212048182
36537,16343.375178408754
36538,7803.03324557462
36539,6326.019497923164
36540,7709.474518990552
36541,5715.0600475889705
36542,7077.9275271868955
36543,5052.120097577439
36544,9597.01841176685
36545,7431.87039920809
36546,7647.57888084356
36547,11793.425886463165
36548,10510.860638991022
36549,7905.47664942958
36550,7477.051036243424
36551,5816.509531891774
36552,6842.999079358093
36553,7490.072926342303
36554,7736.198842958738
36555,5819.787327745438
36556,5579.734427929485
36557,5430.452693380249
36558,6347.088914778618
36559,6767.880871020974
36560,6955.515081419878
36561,5786.403402770203
36562,7768.285160526393
36563,7182.3718925574
36564,7225.146498461052
36565,6200.266481074163
36566,5874.033170679242
36567,7610.222979661546
36568,5423.715587962208
36569,9492.337890614219
36570,6249.00314499282
36571,5444.0290822771
36572,7540.15148902517
36573,6500.723351710006
36574,6030.680790656789
36575,6389.396575384729
36576,6860.009335953425
36577,9067.023231292638
36578,9162.68897377818
36579,7290.632195686026
36580,5488.312816117033
36581,6932.665883745764
36582,7322.994077839234
36583,6825.139569087802
36584,6699.579711897121
36585,7676.071966599005
36586,10029.014433160364
36587,7300.726052263024
36588,7104.485335633025
36589,7143.5687055757
36590,6301.188060420919
36591,9154.562150769798
36592,6741.269756824795
36593,11540.114889711384
36594,6625.162459013572
36595,6138.391599875502
36596,6098.781337947028
36597,6018.471357196813
36598,7731.112501243078
36599,15772.456205336635
36600,5269.482978290791
36601,6178.341472875121
36602,9145.976810154225
36603,7834.371497943424
36604,7192.972928875765
36605,8115.044193457863
36606,6124.517450476647
36607,5838.251317281118
36608,5639.251283766363
36609,8389.340467963028
36610,6205.721598220712
36611,7944.820549990072
36612,6932.230989387627
36613,6140.435036794281
36614,7967.708636739695
36615,6748.037590903916
36616,4964.269285369942
36617,8790.907329256746
36618,8367.535067294437
36619,5489.567981545957
36620,7972.946673148173
36621,6630.350933829864
36622,6109.636508289533
36623,8680.042771043072
36624,6997.005297422416
36625,7456.194827414862
36626,6038.104398226458
36627,5986.827553850054
36628,7230.592842651892
36629,4618.1796371064775
36630,8159.867015932107
36631,5703.159607690871
36632,6551.613627873128
36633,5725.820031668579
36634,7056.721413279062
36635,6381.359613891894
36636,7372.041497410006
36637,6835.063766129331
36638,7374.203764258772
36639,7163.355286468048
36640,8205.310672427828
36641,7230.851698103526
36642,9083.134920364784
36643,8671.329876399384
36644,9014.176918735693
36645,5337.534124517076
36646,6939.961184590203
36647,7766.3104368999275
36648,6190.404343087414
36649,8615.18086295888
36650,6621.38249093454
36651,8935.014697905677
36652,9513.360055284507
36653,8256.573359912945
36654,5790.5702516204165
36655,8895.484801220287
36656,9467.59546229601
36657,6732.004011756313
36658,7550.558760784894
36659,8364.589118715206
36660,6969.487301791995
36661,7417.702476669944
36662,7279.891606349016
36663,6723.193026040219
36664,6725.899598995613
36665,7135.208518096939
36666,6551.453783151704
36667,6580.618517708201
36668,7202.515070803201
36669,7145.6679340731225
36670,7633.772740813495
36671,7704.632052221154
36672,7950.418511437862
36673,7133.952596813891
36674,8445.928187578476
36675,7240.67262854116
36676,6778.888772756294
36677,6981.945669636877
36678,7019.63325774143
36679,7994.834092383644
36680,6946.256732938714
36681,6441.958798560724
36682,7012.017184025393
36683,7287.453421660116
36684,7319.750644079478
36685,6790.759601814558
36686,6067.1528390314115
36687,7051.419774696096
36688,7463.3133599860075
36689,6821.203652363131
36690,7398.040552399653
36691,7616.944413057453
36692,6436.2405834105575
36693,6291.078543794085
36694,5180.480383061519
36695,6847.71813999188
36696,7558.622228411986
36697,7068.542385327249
36698,8396.059120926231
36699,8581.064449039717
36700,6545.837142894846
36701,7706.038689841551
36702,6151.520306641773
36703,5755.201082111624
36704,7429.288779316817
36705,10345.583317459314
36706,7362.672208925868
36707,7979.680363914555
36708,6223.127585497845
36709,7586.74638716224
36710,9455.506625499642
36711,6520.345708377702
36712,7644.687396139947
36713,5977.739697141355
36714,5543.014826585037
36715,6089.089572433536
36716,6757.015962073365
36717,6576.395887954873
36718,6022.44999412064
36719,6961.798884651362
36720,5658.987077820274
36721,6983.77387440784
36722,7844.729089796712
36723,6114.265470360773
36724,7304.407212555886
36725,7654.996531128773
36726,6207.454060189366
36727,6955.527279830725
36728,7937.86069244566
36729,7876.839588448297
36730,7163.973051513207
36731,5914.036394826543
36732,12497.839637172998
36733,6419.738136741159
36734,6272.965659397146
36735,8615.16050811198
36736,8409.088332656385
36737,8080.688335739429
36738,7210.394131167516
36739,7462.41854754886
36740,8752.451060436586
36741,13640.375892939881
36742,6219.962253562882
36743,5975.492268033315
36744,6236.076117136373
36745,7941.228358364573
36746,7027.66212532223
36747,8426.579899571034
36748,8045.46521483604
36749,6436.843457517756
36750,5945.807325141358
36751,7189.309710426093
36752,8386.778383394887
36753,5910.932520277027
36754,7150.5306157096575
36755,5411.582071448569
36756,6842.575481005247
36757,7721.856259418944
36758,7213.028139525779
36759,8521.131275446289
36760,6985.465529689392
36761,5885.91969657303
36762,7358.749773425177
36763,7755.258242509268
36764,8112.044420266964
36765,7585.646573859245
36766,7601.900939717538
36767,6864.492944140623
36768,6642.155760006747
36769,9397.98146744498
36770,6130.801777202563
36771,9726.387297675892
36772,7471.046298937268
36773,6044.6631486193655
36774,8457.480671079878
36775,6380.172984857802
36776,7197.184038586117
36777,7524.6478220991885
36778,4407.026700721998
36779,5833.6575939652785
36780,7205.439184485962
36781,9125.701937222573
36782,9082.554479310924
36783,6342.383952073175
36784,7177.087436785714
36785,7309.444756987388
36786,7710.755181234516
36787,7164.3987959371525
36788,9776.052636713133
36789,8276.663728274243
36790,10649.966834002498
36791,5647.216545188733
36792,6140.890332995515
36793,9904.670836749725
36794,9508.86536679744
36795,6401.104636276143
36796,9604.464762627467
36797,6448.651853311806
36798,6350.649567690216
36799,5989.412881495665
36800,6294.530638135869
36801,6057.514880841909
36802,6019.453390960042
36803,5519.13595645081
36804,5978.92278859901
36805,9394.117962290888
36806,7642.556257048953
36807,20456.036515143165
36808,6421.567254589007
36809,5823.004079084947
36810,7445.966595953555
36811,9598.21406778389
36812,6918.551664907528
36813,7934.3806524976935
36814,6316.631295724971
36815,8263.444070832946
36816,8090.558249184934
36817,5554.1937925917
36818,6277.693828948313
36819,7716.350967192898
36820,8109.516709890427
36821,7037.612812995717
36822,7167.337744572389
36823,6893.476874605734
36824,6085.255734359683
36825,8655.026431272137
36826,9968.453702665925
36827,10874.025486321034
36828,10762.858213815305
36829,7960.002951363412
36830,6783.992229719398
36831,6980.025701719587
36832,5257.413841066823
36833,8949.451557000497
36834,10226.258650443568
36835,9578.911291479208
36836,6372.960938383321
36837,5812.0526293374605
36838,6158.153196426008
36839,6947.975107092303
36840,9798.906197284241
36841,7042.4318303311275
36842,6231.816942882929
36843,5924.192655830969
36844,8395.250820851063
36845,5379.717055923527
36846,7652.933109349163
36847,5818.175514163411
36848,7113.041612045067
36849,7336.5905881845165
36850,6625.603595584393
36851,7453.945230638503
36852,7215.859010639258
36853,6522.794303884157
36854,6915.520101680199
36855,7279.741606186177
36856,10810.847290530766
36857,6738.6043562747245
36858,9125.743525519656
36859,8046.868166601824
36860,8513.829713210382
36861,7676.177360666556
36862,9299.882724780155
36863,5993.502132649829
36864,7313.167709895317
36865,6891.126048386345
36866,7236.0649942429745
36867,9392.135275504623
36868,7707.872295014377
36869,5991.389097064124
36870,7250.668812399045
36871,6798.418780179106
36872,10335.690072616842
36873,6209.43369406144
36874,11254.380393510142
36875,5999.259548904476
36876,6673.556503815017
36877,7689.660696741676
36878,6624.054878155754
36879,6893.620810688977
36880,7573.359100060818
36881,7479.334097091974
36882,7328.991188332492
36883,6170.561702358776
36884,7594.649656541506
36885,7367.827883645306
36886,7262.056022052302
36887,6267.178315282716
36888,7443.9613461698855
36889,9959.769417954045
36890,7652.757461643317
36891,6214.798930507388
36892,7482.809117118364
36893,6535.017574747446
36894,8062.71186635962
36895,7571.718072975071
36896,5851.528490674932
36897,7959.211890956977
36898,7433.021120338862
36899,7011.557218595877
36900,8138.8152608413475
36901,5833.12388843248
36902,6675.627683356086
36903,6075.172255880307
36904,7595.96785139796
36905,8467.705042610622
36906,6062.913588413836
36907,6210.370133034405
36908,7256.099930203968
36909,6796.0982414989
36910,7127.644760673922
36911,7168.368103889685
36912,7044.8733174070385
36913,7622.954035206578
36914,6189.075132135226
36915,6350.52200912437
36916,7043.193057959955
36917,8983.800592926895
36918,7515.288042180663
36919,8297.230209413787
36920,8618.041694774287
36921,6687.217965354932
36922,8690.604836904999
36923,7166.2549643401935
36924,7971.8343809151675
36925,9092.493679537134
36926,6883.90862132744
36927,9569.224811540125
36928,8435.292200799497
36929,8201.98893313026
36930,6913.316624976545
36931,8474.093851983756
36932,7917.114198012655
36933,6338.192784194381
36934,5431.892164889281
36935,7202.190389626337
36936,8106.8863452397145
36937,6907.103392343094
36938,6374.1722972506295
36939,8654.793305674868
36940,7341.7619297572555
36941,6816.047429246106
36942,6678.916582094669
36943,6702.574376497354
36944,8064.687712035843
36945,7453.208565345814
36946,7189.015589727457
36947,6161.151041431498
36948,7036.375820328097
36949,7548.2530125875655
36950,5905.79028674635
36951,6828.718106310661
36952,5829.491389908548
36953,7996.4616199345755
36954,6579.503775613982
36955,6828.183768109372
36956,9008.178284083182
36957,6948.203398068856
36958,6950.429535335169
36959,10901.956763536276
36960,7090.292216398325
36961,7289.236406322135
36962,7260.0309272709255
36963,6127.937604458477
36964,7539.2576135905465
36965,6613.760190222572
36966,7901.900757782133
36967,9958.932973729672
36968,6901.76072422919
36969,4717.575069517232
36970,6113.946469711884
36971,7532.601988465832
36972,8057.142097105626
36973,7162.843689254708
36974,7268.960157671477
36975,5946.756220397161
36976,6202.614959623478
36977,6026.29202081004
36978,5912.036639020449
36979,6802.222759183512
36980,7515.482326390443
36981,7319.944664503848
36982,7182.499736285653
36983,7744.737055535097
36984,8107.991150104748
36985,7492.081938641352
36986,6668.479975512145
36987,8571.494705555979
36988,9548.780521913952
36989,6882.789265883092
36990,7962.016297375138
36991,7047.209646708279
36992,7389.792834529569
36993,6296.353823134518
36994,7168.996919038361
36995,6277.567040153067
36996,8403.808700131598
36997,7206.185860436833
36998,9368.79513871761
36999,8773.629421416928
37000,7092.304525197316
37001,7474.343065388855
37002,17585.772372105137
37003,11235.803512138165
37004,8139.205441977808
37005,4738.125660392698
37006,6804.430267352898
37007,9883.058794212335
37008,6180.727457517516
37009,12378.352543569592
37010,17165.719140637866
37011,7335.3498917971565
37012,6702.4464243681105
37013,7968.945810414537
37014,7025.099204891339
37015,10074.168619899816
37016,7184.6940627320055
37017,8068.534937961476
37018,4896.0219614686475
37019,6525.625918723276
37020,7226.56513241729
37021,7862.023544022391
37022,8035.284264977413
37023,6113.1443688005875
37024,7686.947371198694
37025,7137.072862460398
37026,6436.96374536186
37027,7132.918554785031
37028,7176.145215520387
37029,6412.195923184776
37030,6826.402672180011
37031,7164.469604607047
37032,6454.720987013861
37033,6282.876736913329
37034,6621.517217824779
37035,7256.211923222355
37036,8817.00354568246
37037,7126.413598743369
37038,8397.23839580852
37039,7658.642760886988
37040,5873.4460810174905
37041,7619.267791839447
37042,7075.654621462578
37043,6077.851353166635
37044,6370.399305661836
37045,7196.395464356824
37046,7068.679418103388
37047,7471.945654780376
37048,8136.952804044583
37049,7148.508455246383
37050,5958.521557280695
37051,6480.117931465104
37052,8394.806604799884
37053,6618.591389791775
37054,7189.601038277597
37055,14428.078598375234
37056,7541.996247901755
37057,7146.30060736691
37058,6603.755745561743
37059,6379.663289319962
37060,7036.995860628887
37061,5476.1109849723425
37062,7346.512544883674
37063,8342.958345336916
37064,6236.8782708707395
37065,17350.307305896473
37066,11210.243315867838
37067,6665.5301067877945
37068,7427.912995417962
37069,6648.034273822423
37070,7822.193705055683
37071,7573.514287426541
37072,10725.505929573004
37073,7586.359784046582
37074,8542.923761594331
37075,7295.6155125502
37076,7812.565187272538
37077,6258.928114746034
37078,9175.4515127889
37079,7039.071886077232
37080,6970.201235701394
37081,6650.188641259021
37082,6734.780749920564
37083,9064.981979061282
37084,8478.225145622597
37085,6890.9606387420245
37086,9119.218750964199
37087,7724.570731716422
37088,10133.167570949036
37089,5850.167986735324
37090,6416.1214612171925
37091,7601.96763234654
37092,8823.709879538595
37093,7684.422618238014
37094,7215.260981826601
37095,7717.114041893591
37096,7519.987912174247
37097,6348.978580479676
37098,8900.837738976381
37099,7982.854645180691
37100,6530.652013048647
37101,13613.88414740061
37102,16708.783981300512
37103,8211.554696673955
37104,8318.917873764583
37105,9860.53248045359
37106,10319.41546457899
37107,10004.323992996246
37108,7712.923473134869
37109,8652.91796628077
37110,7237.6212595611405
37111,8034.642662043755
37112,6278.270691390613
37113,7641.598622339902
37114,6545.687205451598
37115,6561.312566335096
37116,6960.704641838392
37117,5807.964060439752
37118,6034.99927864491
37119,6760.8620834758485
37120,5915.556648698806
37121,5867.633631427227
37122,6740.721272186151
37123,7368.297222478457
37124,8766.260972733851
37125,8310.605714716052
37126,8526.271818489096
37127,7268.724724530583
37128,7572.640926553086
37129,9016.31604826755
37130,7757.227541952368
37131,6193.257824067107
37132,6756.6520837631315
37133,8388.350770996401
37134,6601.314791127516
37135,7046.679021720131
37136,6145.016629773368
37137,6777.917587890396
37138,9521.519969532303
37139,6528.004664395126
37140,7595.014460799798
37141,8419.51931084092
37142,9028.93677594466
37143,10082.926397632073
37144,7084.846986153925
37145,9108.947209517659
37146,5888.845018275345
37147,6713.779857108127
37148,7019.554156042783
37149,6198.311792784656
37150,7952.003196085536
37151,6378.6901397226775
37152,7864.842977211778
37153,8468.38450774885
37154,9331.350127121857
37155,8508.176382711785
37156,6543.431065825447
37157,6850.848769264348
37158,9497.755374182983
37159,7788.992231778419
37160,8565.415801220408
37161,7015.5989701235785
37162,7199.2160849116835
37163,8862.504544425617
37164,6980.659837424829
37165,7599.729150151731
37166,8125.203890054219
37167,8373.977286426738
37168,13325.284730634046
37169,7498.838007406437
37170,12645.825529312893
37171,7033.116061674433
37172,7209.880285848097
37173,5558.9147635064965
37174,7690.934534822042
37175,7072.294484602375
37176,6418.601670124677
37177,8162.408757107146
37178,6843.693134681604
37179,5615.485732021031
37180,6902.7877611525955
37181,6923.194686736639
37182,7583.789518133397
37183,7069.013215373651
37184,7811.40956769081
37185,7475.299407634303
37186,6827.915954285738
37187,8393.593226301728
37188,6537.0377450356555
37189,6551.1067345017145
37190,6870.897864895999
37191,8215.754271269392
37192,11077.33356553715
37193,7712.901666675086
37194,6150.630062436308
37195,6954.721760291976
37196,7854.810580487682
37197,7435.343333763664
37198,7082.290728682404
37199,8162.247388213538
37200,6954.406210717295
37201,6511.343026576286
37202,7041.215748897211
37203,8022.764718889464
37204,6854.7440245002135
37205,7304.891116363939
37206,6956.647980461722
37207,6660.263194661141
37208,6223.9936972948
37209,6626.652328026935
37210,8115.230216163786
37211,8993.345763027324
37212,9408.28936200994
37213,12014.69814406145
37214,8433.024037100457
37215,6882.400799654571
37216,7284.67532777669
37217,9747.724801629322
37218,9100.439741368431
37219,7494.5108702484085
37220,7786.4552321722695
37221,8917.722249734881
37222,6862.792834000129
37223,6139.956716164807
37224,9523.90891832142
37225,6991.755252633831
37226,8039.4753550986015
37227,6951.681265849464
37228,5223.278339345871
37229,10771.202923323213
37230,6362.14751734252
37231,7094.912963758622
37232,6679.557812265459
37233,7079.563471478125
37234,7296.941666488701
37235,7681.691288346397
37236,7174.978065031663
37237,7003.3132125782995
37238,6038.462983966994
37239,6157.220335525972
37240,6242.3284745876335
37241,7691.314127948976
37242,18690.495603512107
37243,5986.618499271727
37244,6660.9329853328845
37245,7863.5433072417245
37246,5947.792991247581
37247,5885.591949483305
37248,6571.468550619365
37249,5871.203584678495
37250,7082.6538364382095
37251,7729.237604783972
37252,6039.889333122187
37253,8300.45862419812
37254,5624.928806993914
37255,6057.880428167908
37256,7888.570899116496
37257,8521.03833748739
37258,9422.157901352788
37259,6969.376409868671
37260,7480.824086339193
37261,5744.10032490441
37262,7233.412666169742
37263,12507.686737381448
37264,9089.287196592899
37265,7384.621310002432
37266,6030.842939123936
37267,7104.251465212605
37268,6168.190158981225
37269,5829.260805185642
37270,8791.7462791512
37271,7836.4634946580945
37272,6313.167004739549
37273,7919.1979687986495
37274,6800.15133289153
37275,6584.661559243168
37276,7010.973421337352
37277,7653.231393195528
37278,7054.0862759274105
37279,6041.164801106086
37280,6759.845169687558
37281,7267.0790581664005
37282,8416.642300421205
37283,7356.497945699431
37284,7998.924257809924
37285,5791.533855071456
37286,7412.488496752541
37287,6089.449017792272
37288,7018.3516554812995
37289,7328.916042579739
37290,8002.998680100715
37291,6541.315307982994
37292,7587.382361066156
37293,7596.628307892658
37294,6558.88309789326
37295,6636.680496572372
37296,7183.3438165851385
37297,6917.732787658838
37298,6526.833948133022
37299,7781.049725502458
37300,7319.1176898483345
37301,6485.130605192936
37302,9904.609290366709
37303,5909.112570892615
37304,5775.439732165247
37305,7617.001108074417
37306,8385.146689167641
37307,10407.757926159831
37308,6842.706786930949
37309,7866.191494910653
37310,6636.459943153018
37311,8066.617030065012
37312,7143.153319025794
37313,7339.409788281783
37314,4788.465732245241
37315,7243.227788877036
37316,7270.456641897579
37317,6871.346914840189
37318,5726.279194712859
37319,7678.020649750672
37320,7960.658013318598
37321,7039.00385364903
37322,8871.113061596545
37323,7417.878921373642
37324,9023.43808008609
37325,6738.39268117371
37326,6686.972850492872
37327,6795.050233468426
37328,8081.04262679584
37329,7845.170590031168
37330,6066.007822243808
37331,8673.902530526007
37332,7430.394714642364
37333,7167.528468076091
37334,6155.201347487219
37335,5704.629987406342
37336,7463.2561406777995
37337,6473.869781697079
37338,9181.269883142844
37339,7204.238800721349
37340,6815.182401069344
37341,8124.5514810128825
37342,7340.7884653155315
37343,6892.82341265329
37344,7801.409220496283
37345,6867.083941326412
37346,8726.914336412541
37347,9433.110178547839
37348,8099.040286397244
37349,7103.435379709256
37350,6732.513012793601
37351,5986.607414089726
37352,5126.718693498268
37353,8136.451055544484
37354,6602.271376468358
37355,8727.35152873852
37356,6474.419150778841
37357,7451.419780628614
37358,6633.367513241182
37359,11208.673878806632
37360,6348.128238486075
37361,6591.37094164366
37362,7142.805898581623
37363,7671.297254085692
37364,6750.56367272653
37365,8293.583588278567
37366,7700.867663470928
37367,10003.431080184613
37368,7388.2893481705205
37369,7964.597684563959
37370,7507.284520139811
37371,6371.207177260694
37372,6423.36246946179
37373,9654.838879926148
37374,9620.8895733993
37375,7271.479885340948
37376,15400.423248837085
37377,7293.553538947708
37378,7010.028209152235
37379,6486.35996798053
37380,8124.944350239524
37381,8775.246079633218
37382,7557.4535989357055
37383,8142.614417064434
37384,8400.56446247322
37385,6796.325691394743
37386,7267.458368870342
37387,6317.700309601276
37388,6715.264948894074
37389,6600.315108006366
37390,6274.4757586542755
37391,6366.572867541778
37392,7902.232800867771
37393,16442.6428045884
37394,7908.8163962458
37395,6458.507293195173
37396,7863.49286991584
37397,5878.6897725729805
37398,7210.4153224589045
37399,5215.425609224617
37400,9702.69200804426
37401,7564.358194480099
37402,7780.066676115569
37403,11673.353324055028
37404,10554.115594580404
37405,7956.164180314481
37406,7659.170075914559
37407,5921.06735225183
37408,6913.232283631167
37409,7662.881046790503
37410,7841.872439236153
37411,5983.2671579187645
37412,5743.0399395766635
37413,5553.224590133387
37414,6452.762511056033
37415,6923.291788869925
37416,7106.426548833938
37417,5918.891198042212
37418,7900.772955798402
37419,7364.490932228535
37420,7401.000333405909
37421,6404.904041877811
37422,6029.444088528192
37423,7742.710774933555
37424,5579.344641975579
37425,9532.530274487013
37426,6431.446398000785
37427,5626.148121948234
37428,7656.800707720206
37429,6656.352405723378
37430,6136.678600271035
37431,6544.701416061268
37432,6960.910368007386
37433,9222.437626362942
37434,9344.808013449321
37435,7423.119990958035
37436,5609.64472361598
37437,7086.854948504945
37438,7478.4049956881845
37439,6929.479253283435
37440,6854.990629746071
37441,7814.703934540692
37442,10135.012242774606
37443,7431.498619986801
37444,7236.973130905034
37445,7325.687745246834
37446,6423.959957174057
37447,9287.049946041807
37448,6811.50296109787
37449,11617.671781037021
37450,6772.656277128885
37451,6324.537411325471
37452,6276.926478426359
37453,6150.959152468822
37454,7804.7458637691
37455,15877.014025696692
37456,5492.5702982122775
37457,6333.646313551662
37458,9251.650406431636
37459,7999.508925157597
37460,7266.113581229777
37461,8247.53198872986
37462,6280.14650449002
37463,6081.255877078987
37464,5808.8098633341115
37465,8571.459507634165
37466,6401.780060204538
37467,8149.779889463997
37468,7087.5358300641665
37469,6269.035232869992
37470,8149.827676410829
37471,6880.525386175925
37472,5158.36700821592
37473,8804.285514134952
37474,8500.02286256645
37475,5726.584827021822
37476,8041.53829617705
37477,6771.773359953316
37478,6242.124303561542
37479,8786.040580657318
37480,7129.493092694425
37481,7592.7956944612115
37482,6277.058461105833
37483,6134.321371965368
37484,7363.080637923901
37485,4920.641791841825
37486,8265.65016660328
37487,5857.17795861616
37488,6621.846832146202
37489,5964.774094547953
37490,7189.209208551071
37491,6535.330542486654
37492,7504.529292682015
37493,6990.3686068058705
37494,7502.803960334483
37495,7291.955482543759
37496,8235.07805993458
37497,7349.664997671347
37498,9153.36812463786
37499,8777.113027070573
37500,9064.86444962059
37501,5565.912545037262
37502,7068.561380665914
37503,7955.633255380176
37504,6313.176239840553
37505,8747.668658230888
37506,6727.1621643843655
37507,9005.247902178751
37508,9583.593259557581
37509,8328.274023012767
37510,5946.199305633788
37511,8958.109345987272
37512,9600.083257568014
37513,6921.326830236561
37514,7671.8906682838415
37515,8463.998458119253
37516,7083.335887566195
37517,7487.935680943018
37518,7462.0106460201505
37519,6911.330122157428
37520,6804.896479575439
37521,7317.651771104904
37522,6706.758623828244
37523,6736.029435557152
37524,7308.188667080615
37525,7299.638862667883
37526,7696.397285580481
37527,7837.1198474931625
37528,8020.6517157109365
37529,7239.950406428137
37530,8601.233028255021
37531,7346.346224818574
37532,6911.376568028303
37533,7135.916598231637
37534,7197.456619550484
37535,8142.327121587333
37536,7100.445797697895
37537,6597.587852574095
37538,7117.690780302808
37539,7419.941216932125
37540,7473.939708838659
37541,6923.247397086567
37542,6222.781893044783
37543,7206.830692545047
37544,7587.41685373424
37545,7003.322692034266
37546,7460.789565711753
37547,7749.432208329462
37548,6559.012480163696
37549,6454.708268778095
37550,5482.9425377968655
37551,6989.14056611533
37552,7691.110023683995
37553,7189.874292826196
37554,8496.960152980197
37555,8631.751979924615
37556,6746.417225484829
37557,7785.007641518137
37558,6354.403485712639
37559,5964.854810053046
37560,7502.42943167083
37561,10464.396617027136
37562,7468.345805203283
37563,8135.09475898486
37564,6378.538503346796
37565,7742.160782232546
37566,9574.319925067464
37567,6675.756626226652
37568,7750.467069589772
37569,6208.677793222795
37570,5613.248030858111
37571,6244.718626446907
37572,6925.134552386924
37573,6723.8889171585615
37574,6178.079048134012
37575,7067.472480928776
37576,5928.465415572563
37577,7089.7716840220855
37578,7963.542389364533
37579,6291.824720899162
37580,7486.52625222702
37581,7760.779681799954
37582,6258.1415910742635
37583,7125.439282624419
37584,7930.454101416532
37585,8013.603394143558
37586,7269.6466477906215
37587,6144.974490907984
37588,12597.107263352644
37589,6583.043648388338
37590,6436.377248216735
37591,8656.937932146266
37592,8479.32153692946
37593,8185.246156099471
37594,7343.206139776356
37595,7593.48023530187
37596,8907.861978285535
37597,13739.643519119527
37598,6338.775553130703
37599,6129.463196628075
37600,6341.7497134137875
37601,7991.915889249475
37602,7209.781164993364
37603,8525.847525750678
37604,8174.065410911751
37605,6592.472511531127
37606,6141.865787125184
37607,7359.2217132197875
37608,8519.266178666896
37609,6106.990982260853
37610,7256.528425323903
37611,5534.353968201707
37612,7005.880992652425
37613,7840.669558986766
37614,7304.819321250105
37615,8675.32034020547
37616,7111.688120235123
37617,5991.593292850444
37618,7548.072591905426
37619,7854.52586868891
37620,8267.458815337257
37621,7621.24226068857
37622,7734.388734989547
37623,7018.511295065911
37624,6774.643555278756
37625,9469.682130544805
37626,6286.430831215935
37627,9881.801692746201
37628,7603.534094209277
37629,6150.33674489678
37630,8529.181334179702
37631,6512.674661865002
37632,7288.975220310443
37633,7630.645631713434
37634,4506.294326901643
37635,5962.25779004099
37636,7319.287770260162
37637,9281.006777899112
37638,9076.349357500221
37639,6434.175133797501
37640,7295.900736353535
37641,7463.463107912677
37642,7843.567189843357
37643,7292.998992012864
37644,9958.171676384267
37645,8409.151523546258
37646,10819.878836796192
37647,5825.0399069977875
37648,6304.520057979525
37649,10005.64695349179
37650,9608.132992977087
37651,6556.515554125093
37652,9710.247913298643
37653,6581.153530319008
37654,6487.631509549898
37655,6159.324884289359
37656,6433.541091524416
37657,6163.188477119324
37658,6175.082444973414
37659,5647.736152526521
37660,6134.551842612382
37661,9498.67578265094
37662,7775.044052320962
37663,20517.345539201076
37664,6584.872766236185
37665,6505.825466707252
37666,8374.545481218389
37667,10720.921125122972
37668,7623.603265707574
37669,8750.583162278675
37670,6941.626160656771
37671,8841.253399740343
37672,8668.367578092315
37673,6226.893337521926
37674,6700.609638985809
37675,8228.53364630057
37676,8932.017540788735
37677,7661.530169554617
37678,7634.422949938545
37679,7548.056478990459
37680,6508.171544397179
37681,9349.140539094895
37682,10749.310901014627
37683,12087.942348653854
37684,11882.646001162686
37685,8696.31721803541
37686,7780.719511739886
37687,7686.437218534623
37688,5636.864669392841
37689,9907.120015282802
37690,10879.065537397424
37691,10129.639031194074
37692,7078.11024662299
37693,6745.558484876299
37694,7145.82616292983
37695,7458.113005922545
37696,10508.252841065738
37697,7559.002371568808
37698,6893.130985956426
37699,6368.949940579761
37700,9230.85308071092
37701,6059.212102983714
37702,8364.22310157128
37703,6479.489557236909
37704,7689.9984063376105
37705,7934.308569060785
37706,7358.513336455588
37707,8099.724850006209
37708,7789.959410955802
37709,7085.24188258805
37710,7583.979948323477
37711,7639.375827938541
37712,12070.777003950778
37713,7172.8894968916175
37714,11159.903454797613
37715,8785.23721049559
37716,9016.808317930218
37717,8422.105151381702
37718,9992.063375347592
37719,6416.417942687325
37720,8267.979774201624
37721,7892.055564812191
37722,7947.354986465097
37723,10103.425267726743
37724,8302.891086127247
37725,6616.383961995924
37726,7911.982855472543
37727,7221.334590216602
37728,11680.807773539287
37729,6877.893540704718
37730,11952.111125310601
37731,6426.811689281197
37732,7096.472313852513
37733,8741.096737087135
37734,7068.812162904545
37735,7702.485913848668
37736,8491.843576815156
37737,8200.718497824588
37738,8169.519415515789
37739,6735.092105746837
37740,8245.869291104502
37741,7930.305473441543
37742,8309.289827992403
37743,6891.0956718416155
37744,8123.4563932300725
37745,10545.624559534379
37746,8475.258292541625
37747,6947.708671378583
37748,7962.191731476785
37749,7214.512621807633
37750,8818.622856324811
37751,8017.7681618967745
37752,6476.523355606732
37753,8698.423472521254
37754,8255.521951237175
37755,7478.642423962033
37756,8871.725001712537
37757,6512.618935492668
37758,7101.357318119829
37759,6542.257461246462
37760,8105.253215613358
37761,8890.620852648119
37762,6507.670873162628
37763,6893.19152065671
37764,7766.23782903421
37765,7085.054418118927
37766,7715.827305036222
37767,7602.509663996939
37768,7479.0148775142925
37769,8211.989114183712
37770,6764.111512606345
37771,7037.800879112987
37772,7733.865238641387
37773,9822.405649302065
37774,8384.270555630517
37775,8787.901296078588
37776,9324.45321158932
37777,7154.303170721088
37778,9401.894829127117
37779,7856.975761470144
37780,8946.165605482365
37781,9803.783671759249
37782,7350.993826693596
37783,10400.0949985322
37784,8748.549145457642
37785,8863.302976203753
37786,7624.606617198665
37787,9304.964038975831
37788,8396.49681237107
37789,6772.334344301634
37790,5822.568743285056
37791,8109.30408095909
37792,8823.16369610951
37793,7332.833027106837
37794,6808.313857357883
37795,9334.47890238791
37796,8391.167170250445
37797,7286.780743510127
37798,7350.7027693000655
37799,7338.794991498911
37800,9059.863249091015
37801,8114.522608419312
37802,7659.748903991478
37803,6723.628631227736
37804,7752.6531711979
37805,8287.464594151856
37806,6774.772800196215
37807,7667.323162685835
37808,6255.221024672291
37809,8657.77566300806
37810,7013.645335721235
37811,7262.325328216625
37812,9367.004523206924
37813,7694.067049457652
37814,7862.406375568857
37815,12751.385814157984
37816,7762.078403603721
37817,7830.982433047345
37818,7947.309797259542
37819,6666.407067878637
37820,8100.340166408712
37821,7129.114502229674
37822,8837.751726970688
37823,10675.210324599475
37824,7489.94326859149
37825,5035.8291844971545
37826,6962.645934597558
37827,8044.784667573515
37828,8491.427237722513
37829,8048.203823996731
37830,8131.992371796138
37831,6618.542407602557
37832,6774.084249878756
37833,6717.012817939984
37834,6602.757436150393
37835,7523.607159916132
37836,7994.864940748864
37837,8083.811896580411
37838,7862.185332998688
37839,8182.764099291106
37840,9128.928811858263
37841,8205.202208016794
37842,7041.982243935337
37843,9262.215502685931
37844,10764.94241433233
37845,7353.522580147113
37846,8900.680843076341
37847,7773.277502754719
37848,8179.534506949389
37849,6775.259961494492
37850,7926.299558232236
37851,6744.652245519223
37852,9379.411661044072
37853,7891.847550903507
37854,10221.60453993236
37855,9407.374420646614
37856,7803.594517419432
37857,8032.884075911054
37858,20244.038848968336
37859,12486.244337869335
37860,9043.248728387453
37861,5028.10896704108
37862,7288.6823375694485
37863,10899.767216578324
37864,7119.564458626373
37865,13620.022322902933
37866,18253.84537427514
37867,7931.093723334714
37868,7173.179738632131
37869,8640.731997619929
37870,7741.376555761141
37871,11768.060588001958
37872,8114.404289556111
37873,8908.970271489974
37874,5100.933070612141
37875,7349.815445995865
37876,7671.300928733713
37877,8702.45887755089
37878,8629.174930724701
37879,7023.462234401891
37880,8400.067640574129
37881,7571.214422567651
37882,6981.945499699494
37883,7812.604151498066
37884,7620.902500269179
37885,6704.931187684955
37886,7487.7167152535085
37887,8007.768051036472
37888,7090.9416020154185
37889,7350.730661552907
37890,7092.2505320888
37891,7935.89751993539
37892,9468.223180245455
37893,7837.703590965483
37894,9311.060839701677
37895,8499.078094415485
37896,6372.163378033516
37897,8548.978018663562
37898,7766.375418592522
37899,6651.9469030911105
37900,6841.1326199258565
37901,7630.537024464077
37902,7461.608988117869
37903,8113.797513969446
37904,9112.555764957047
37905,7809.822498319881
37906,6345.756208535143
37907,7224.253422406056
37908,9100.741645616466
37909,6989.817791533157
37910,7954.118235705208
37911,16781.529865448254
37912,7986.732044218177
37913,7780.045606596603
37914,6996.685315576224
37915,7012.441977180192
37916,7456.609496976551
37917,6306.705904008761
37918,7942.256376421232
37919,9183.39367886541
37920,6735.595567886767
37921,18144.368973319564
37922,12226.914428024922
37923,7006.232310461723
37924,8023.656826955519
37925,7289.886133011493
37926,8662.629038584182
37927,8590.185399583615
37928,11646.971657495524
37929,8524.914601770863
37930,9320.711431925627
37931,8345.020753043387
37932,8653.000520801039
37933,6831.684331404309
37934,10105.161739613002
37935,7473.357026694125
37936,7440.934549965415
37937,7206.293003651704
37938,6684.104723308085
37939,10041.191358034339
37940,9342.350744450221
37941,7231.662842415952
37942,9969.604258157558
37943,8476.369047685015
37944,12061.93065493639
37945,6467.409156581189
37946,6819.523175363572
37947,8272.8221132533
37948,9615.417508071609
37949,8421.233152912579
37950,7694.167120186575
37951,8507.96913581176
37952,8185.566222862079
37953,6699.794848509992
37954,9814.660182869538
37955,8846.980244008304
37956,7215.656321421275
37957,14129.110360517381
37958,19744.563721078765
37959,8899.227793473021
37960,8913.661074126729
37961,11228.289022803725
37962,11022.791326591152
37963,10868.449591823868
37964,8202.207887500967
37965,9356.293828292926
37966,7969.965111849176
37967,8719.64697041638
37968,6938.1815716913
37969,8555.421066233064
37970,7002.678690783764
37971,7032.045880599117
37972,7700.672258007324
37973,6449.8159196288225
37974,6469.140838752163
37975,7238.878576189687
37976,6386.289962962827
37977,6259.695044227941
37978,7153.729801231656
37979,8319.668266793664
37980,9503.07150740842
37981,8739.534527300275
37982,9525.565044700701
37983,7702.120219501341
37984,8309.451461227642
37985,9880.441647095171
37986,8352.97137348992
37987,6627.39938417436
37988,7360.094469580422
37989,9055.139612217701
37990,7465.440389955133
37991,7459.687550765636
37992,6907.306317095232
37993,7740.4215890825035
37994,10567.457234269026
37995,6905.783637085076
37996,8517.963486057923
37997,9164.593976872666
37998,9761.280628232691
37999,11075.404752365957
38000,7852.672742394008
38001,9579.68052378168
38002,6603.256080704418
38003,7077.026940129131
38004,7686.216278767598
38005,6580.507695456114
38006,8914.507197277633
38007,7103.629982070931
38008,8864.136203423386
38009,9332.510106576476
38010,10245.172571015015
38011,8917.494373180854
38012,6977.5726259327
38013,7514.057190347936
38014,10265.58113042307
38015,8491.417131840293
38016,10194.657538025014
38017,7469.63510317674
38018,7894.69253741621
38019,9857.742673953837
38020,7461.132956016364
38021,8422.096864137195
38022,8827.6287901161
38023,9203.71725064168
38024,14275.749290978965
38025,8172.9527941371225
38026,14407.182086961066
38027,7414.7053303432485
38028,7782.144848420074
38029,6337.581421694226
38030,8707.605646979117
38031,7435.54156762338
38032,6934.630381148416
38033,9034.79848729194
38034,7220.855694657335
38035,6049.627292128284
38036,7382.408345129287
38037,7854.7848751102965
38038,7983.118787423018
38039,7636.151014184527
38040,8245.551127798053
38041,7995.902057064426
38042,7209.505222954554
38043,9388.302707051942
38044,6971.179305142909
38045,7049.837321482596
38046,7286.306443038321
38047,9333.169057959285
38048,12240.414734144939
38049,8641.224315570402
38050,6875.569904784562
38051,7388.863320399229
38052,8431.71496058196
38053,8026.5034198398325
38054,7553.024042946425
38055,9021.789241579769
38056,7657.782072729459
38057,6677.936463043756
38058,7509.818891465039
38059,8419.609606853393
38060,7721.121666495671
38061,8255.355676708867
38062,7219.840121325652
38063,7172.565240782933
38064,6861.261811022481
38065,7285.535680812003
38066,8530.638794306098
38067,9761.171519267402
38068,10127.112979856065
38069,13426.304261608644
38070,9178.098703132198
38071,7744.696121328877
38072,8144.21718114293
38073,10602.833470731242
38074,9959.981594734667
38075,7969.935819115421
38076,8446.366112472939
38077,9520.683937393853
38078,7302.633408982217
38079,6854.367778593881
38080,10027.423309676884
38081,7512.3579020639545
38082,8939.164597796069
38083,7422.414580113485
38084,5929.789992267305
38085,11329.543613239102
38086,6905.576515826696
38087,7859.122277704827
38088,7539.099665631685
38089,7797.555410119652
38090,8143.080348487896
38091,8234.824700426954
38092,7563.59755069105
38093,7931.635861473625
38094,6416.241956656944
38095,6728.438649150156
38096,6902.23935488832
38097,8376.31843632159
38098,21440.20635238639
38099,6433.104668996414
38100,7089.744734842253
38101,8606.261505217772
38102,6338.469569643356
38103,6277.65336228402
38104,6940.01603037654
38105,6496.589009267658
38106,7466.34451427285
38107,8144.6461829262935
38108,6474.03089322944
38109,9057.043124799677
38110,6059.070367101167
38111,6695.148541895589
38112,8573.575207489117
38113,9195.94823734951
38114,10615.427055536424
38115,7709.344026037603
38116,8556.760467135939
38117,6025.495288058924
38118,7930.496692578207
38119,14155.88558858562
38120,9517.940766304071
38121,8119.601567523681
38122,6713.354758151179
38123,7473.271276864011
38124,6805.458272708906
38125,6532.636667197807
38126,9559.572035391282
38127,8723.919472210393
38128,6695.362907411007
38129,8819.834507686668
38130,7181.740601560346
38131,7096.445845218613
38132,7638.552407416903
38133,8338.23570156814
38134,7435.675544596226
38135,6704.246656779214
38136,7275.19948169466
38137,7685.13365772359
38138,9206.517489408949
38139,8076.746897595501
38140,8731.151047023095
38141,6225.675415178709
38142,7841.30024626191
38143,6882.974737672987
38144,7877.8935088475255
38145,7882.049454660302
38146,8849.137362099898
38147,6975.456868090248
38148,8394.91351463349
38149,8456.170161258886
38150,6926.796560453953
38151,7189.9427921219685
38152,7843.254696885825
38153,7299.322056327654
38154,6918.895360933737
38155,8177.894613466391
38156,8048.742995964047
38157,7225.098221361868
38158,10636.836079579889
38159,6547.744456102995
38160,6482.428048556136
38161,8576.995387566996
38162,8777.208101968352
38163,11421.91931661738
38164,7505.788642604078
38165,8712.330176909834
38166,7070.601503260271
38167,9012.41186012949
38168,7539.998206989727
38169,7828.045576166471
38170,5333.4366630315435
38171,8069.507075774009
38172,7701.912500950432
38173,7572.929759936878
38174,6160.420754820112
38175,8399.490289011663
38176,8750.533202306322
38177,7885.142535648217
38178,9885.274452054095
38179,8021.884784149716
38180,9815.142135801063
38181,7578.958862402601
38182,7121.114410600125
38183,7371.954613562704
38184,8991.773574194356
38185,8279.312150138414
38186,6500.149382351061
38187,9047.190921304082
38188,7817.527319618331
38189,7559.589880876805
38190,7051.763034743039
38191,6278.224284760643
38192,7983.858790107923
38193,6856.682135048387
38194,9986.377110224863
38195,7889.243109093975
38196,7760.977231133816
38197,8626.243668391087
38198,8286.583295380018
38199,7469.50658263729
38200,8383.622928951407
38201,7335.970155109403
38202,9929.03657755524
38203,9890.477199977782
38204,9113.201676854793
38205,7694.5954657854245
38206,7119.645617769569
38207,6501.961726096828
38208,6072.513523562743
38209,8689.584467625042
38210,6887.236213924497
38211,9570.048283596376
38212,6861.551755754809
38213,8291.985961857505
38214,7104.100827505203
38215,12497.827858549505
38216,6802.1643715392365
38217,7048.737963073605
38218,7517.92499768951
38219,8385.708316514761
38220,7232.728825294444
38221,9355.71592911854
38222,8421.116615366995
38223,10995.382269455518
38224,7785.134236134453
38225,8696.824473777137
38226,8242.26477766106
38227,7074.5830392728585
38228,6804.951738130605
38229,10451.89788936158
38230,10550.5998002234
38231,8039.305641581025
38232,16628.614396901863
38233,8390.481465429659
38234,7500.620725574606
38235,7500.521358438078
38236,8843.767968085653
38237,9348.41598792702
38238,8242.457907308331
38239,8874.841206277608
38240,9234.763500576386
38241,7230.4672515019965
38242,7840.882040354761
38243,6704.832914577244
38244,7105.94152728985
38245,7026.525374418263
38246,6937.557614327404
38247,6800.714427649031
38248,8510.667174144186
38249,17088.469991208665
38250,8768.358249612027
38251,7320.802614869475
38252,8877.654260373389
38253,6431.952068122579
38254,7945.395579980147
38255,5956.0354693964755
38256,10846.074327843917
38257,8296.584983693267
38258,8652.45640630036
38259,12519.492006054212
38260,10796.130571265336
38261,9050.638205445202
38262,8477.21252224361
38263,6702.658816067267
38264,7859.027113695651
38265,8562.570289487978
38266,8257.281017378467
38267,6375.328570719479
38268,6286.468938060838
38269,6180.803576212938
38270,6951.391617832584
38271,7392.178002652916
38272,7679.943229001259
38273,6765.029880041391
38274,8619.596573644521
38275,8104.458548397467
38276,8241.566514634804
38277,7095.45168655759
38278,6300.97354155345
38279,8588.84945693274
38280,6013.486202082832
38281,10392.072127853246
38282,7121.994042680565
38283,6478.507105353453
38284,8215.993932250934
38285,6937.747368877891
38286,6626.418582078562
38287,7047.504509277624
38288,7838.296592206714
38289,10044.805340348401
38290,10129.396627361328
38291,8155.346780171211
38292,6265.9666873342385
38293,7801.266010934019
38294,7947.2912094711755
38295,7765.024575140543
38296,7126.520082771329
38297,8726.501598381948
38298,10726.172328850773
38299,8596.880263802272
38300,8099.268452579336
38301,8055.560952905266
38302,7051.5389432536085
38303,10133.188628040987
38304,7740.420649906662
38305,12610.150135770911
38306,7168.464829638671
38307,6894.519155668563
38308,6841.185407771976
38309,7023.348882653625
38310,8519.156926198162
38311,16692.17791403752
38312,5926.711858319531
38313,6715.235582220478
38314,9828.554786525912
38315,8797.98587135296
38316,8158.997995378621
38317,9047.331464842558
38318,6755.571453357032
38319,6634.518172628584
38320,6200.871276134826
38321,9311.427123803092
38322,6792.456638600313
38323,8809.690769764671
38324,7452.232822790149
38325,6659.711811265767
38326,8824.737576272948
38327,7677.584395611358
38328,5762.372870991992
38329,9381.189894229221
38330,9450.487422911368
38331,6160.726387129075
38332,8776.411106805086
38333,7153.3626286221315
38334,6977.104561082791
38335,9163.630966830744
38336,7861.719881907592
38337,8326.447817724318
38338,6936.969341406519
38339,6530.1299244751535
38340,8130.906394163982
38341,5307.774396817793
38342,9125.192019969512
38343,6871.339349073717
38344,7415.372552026918
38345,6624.684974848639
38346,7921.435997764242
38347,7248.853826534505
38348,8376.919022866801
38349,7830.93478803477
38350,7894.458436285711
38351,7762.68879680778
38352,8818.52731169806
38353,8363.82638812888
38354,10099.162954702339
38355,9636.6548804368
38356,10045.080236162998
38357,5851.647240751777
38358,7621.694792746477
38359,8815.1751087464
38360,7007.854025791104
38361,9479.895447444069
38362,7177.585218311027
38363,9951.042732243226
38364,10529.388089622058
38365,9379.968109595584
38366,6380.340865741041
38367,9517.302570518008
38368,10462.378579242313
38369,7692.830344893557
38370,8362.916136063039
38371,9346.927878719986
38372,7537.824691447868
38373,8433.730511007496
38374,8201.978262189075
38375,7345.4716822646815
38376,7239.038039682692
38377,8008.199415784684
38378,7155.354499968469
38379,7194.4445808867
38380,7828.060951503895
38381,7991.024708591938
38382,8242.907129664289
38383,8693.4914576094
38384,8944.309107651601
38385,7827.940249254319
38386,9508.80581695532
38387,7933.483533029912
38388,7861.841128373219
38389,7827.302444155693
38390,7712.697697179559
38391,8970.575190656877
38392,7802.028642794582
38393,7009.591974557553
38394,7623.343780885118
38395,8154.921474453373
38396,8198.796548219043
38397,7773.49968914757
38398,6634.78601502824
38399,7653.579468204242
38400,8036.361434125461
38401,7765.773867822483
38402,8058.233466214816
38403,8500.62619241644
38404,7231.552827990451
38405,7118.376362702501
38406,5894.946659780323
38407,7428.603890983279
38408,8442.304007770967
38409,8082.970057128982
38410,9580.16895190676
38411,9640.14394489639
38412,7451.035459407541
38413,8372.144949729462
38414,6878.71951216544
38415,6376.858932036504
38416,8021.488581722657
38417,11456.42056936089
38418,8055.483113414621
38419,8935.325034846515
38420,6825.287279005991
38421,8459.99096027767
38422,10739.281444171102
38423,7117.617580506446
38424,8408.758165032237
38425,6569.352708450308
38426,6384.636312615031
38427,6656.722748430365
38428,7617.408176692202
38429,7401.685413905603
38430,6590.083170117469
38431,7573.125481511086
38432,6352.814147173454
38433,7676.908992233423
38434,8955.566341698286
38435,6921.928267521699
38436,8204.356430272139
38437,8549.970095753082
38438,7114.264445862276
38439,8063.296123993205
38440,8474.826301601996
38441,8573.059224608805
38442,7775.299648372929
38443,6526.999774871985
38444,14285.086627122722
38445,7216.7170693125
38446,7201.5783319890525
38447,9383.621998573197
38448,9425.184537128458
38449,9115.22394542723
38450,8129.499238837197
38451,8319.448837961058
38452,9727.94105097145
38453,14587.637907755821
38454,7306.848754516344
38455,6830.191595238538
38456,6847.402713996095
38457,9097.353666913143
38458,7884.691064855488
38459,9620.014464962447
38460,8731.891247852642
38461,7060.753166989934
38462,6537.234790381301
38463,8308.74492425891
38464,9287.09193490697
38465,6502.35998551697
38466,7820.520906574162
38467,6233.7241790126
38468,7633.435095521347
38469,8844.359880990878
38470,7867.8524360263345
38471,9394.423827494866
38472,7719.535973375357
38473,6393.8517122081685
38474,8269.688989860279
38475,8926.109074263557
38476,8981.280454300737
38477,8184.2753754648
38478,8485.58271907652
38479,7904.544105204752
38480,7657.84502837914
38481,10679.6509743837
38482,6617.794810029831
38483,10546.404997907217
38484,8354.72807829625
38485,6566.814448095474
38486,9711.725430256443
38487,6945.288896373271
38488,7852.008335086673
38489,8203.441477903812
38490,5797.972941655598
38491,6337.2925902129455
38492,7738.59250167361
38493,10215.409429583546
38494,9515.183342467817
38495,6785.499496735981
38496,8314.754551671422
38497,8482.316923230572
38498,8555.383335725273
38499,7768.4247311372255
38500,10657.395268597855
38501,9250.329137026707
38502,11816.132633655043
38503,6166.651986948303
38504,6923.423931821429
38505,10827.193516561334
38506,10924.085208663366
38507,7030.094192768425
38508,10788.042770454344
38509,7019.987515286602
38510,6927.335320800722
38511,6991.1905834632325
38512,7390.728567728869
38513,6735.131788694871
38514,6613.916429941008
38515,6012.622226760743
38516,6573.385827579976
38517,10756.62362751504
38518,8949.69698835493
38519,21905.116560560124
38520,7056.4758920502445
38521,8389.470059163414
38522,9811.731363977062
38523,12167.089960559755
38524,9524.305983916285
38525,10404.274221907244
38526,8846.643280565699
38527,10644.72306866731
38528,10471.837247019288
38529,8364.76085334383
38530,8623.499167515582
38531,10036.16686784148
38532,10585.708600417303
38533,9335.560365970512
38534,9597.471521661697
38535,9350.128072384368
38536,8431.061072926948
38537,11050.475203221491
38538,12516.785079362156
38539,12869.642767651423
38540,13234.64258441997
38541,10390.167320857354
38542,9496.871745490382
38543,9380.287321356556
38544,7685.0026458841885
38545,11530.423591459152
38546,12686.698758938333
38547,11933.10870012105
38548,9012.133273724261
38549,8785.095877688766
38550,9119.692179032105
38551,9301.741718042893
38552,12397.491261032048
38553,9517.736541591734
38554,8833.99274735853
38555,8323.65818893622
38556,11077.823881251326
38557,7953.076086891601
38558,10045.901319181386
38559,8420.351318639
38560,9457.472584685145
38561,9777.937281181144
38562,9107.987725502888
38563,9813.914089615491
38564,9557.43358930333
38565,8948.189846510502
38566,9488.997068232411
38567,9504.191304811478
38568,13134.173126302365
38569,9131.623666914546
38570,11877.289489029778
38571,10081.452335233935
38572,10818.879911324128
38573,10109.875137050285
38574,11394.396930641207
38575,8339.307471217096
38576,9891.283350377973
38577,10016.845544345102
38578,9759.951097351517
38579,11808.14378964022
38580,10146.5197982476
38581,8521.401081904853
38582,9815.750019882042
38583,9107.129521753774
38584,12719.652611875676
38585,8745.816063621045
38586,13593.630299727323
38587,8386.707512309218
38588,8997.615408547555
38589,10806.791095203158
38590,8905.125212727162
38591,9502.916694510655
38592,9959.52105618635
38593,9882.396715434685
38594,9611.433392772427
38595,8449.281345356116
38596,10052.0315765385
38597,9644.494713050834
38598,10122.781151489718
38599,8565.125868257523
38600,9958.224755721056
38601,12239.474662356326
38602,10128.949352170192
38603,8697.183060425868
38604,9769.824953017696
38605,9049.280984298617
38606,10437.888054138744
38607,9825.401383437682
38608,8311.116210893686
38609,10392.273575343199
38610,9909.213010865742
38611,9356.512592511093
38612,10570.176370455138
38613,8347.387297983652
38614,8919.096277848152
38615,8483.55959913489
38616,9912.886437154273
38617,10728.331978003815
38618,8343.983922985253
38619,8698.606839848355
38620,9609.866541154563
38621,8958.610184967769
38622,9488.392550762359
38623,9440.220789352625
38624,9380.157972209343
38625,10015.458783110695
38626,8478.300752215635
38627,8872.569241603975
38628,9619.945780326803
38629,11463.924823718795
38630,10169.488417392682
38631,10595.534517619495
38632,11018.303314411265
38633,9095.605308609516
38634,11132.68600484556
38635,9628.312154621763
38636,10537.821088323539
38637,11485.461889369357
38638,9228.863995242658
38639,12053.78605816077
38640,10544.985634852314
38641,10681.637146849595
38642,9306.28483480877
38643,10958.6550986044
38644,10204.130033911984
38645,8673.47743899668
38646,7775.815164114399
38647,9910.509191163492
38648,10589.166938350132
38649,9164.787063004951
38650,8646.024982713569
38651,11116.968431540598
38652,10154.60633521708
38653,9108.00558195375
38654,9123.263745778344
38655,9077.277041937177
38656,10683.166825267364
38657,9962.353782182983
38658,9480.973742435102
38659,8437.817870837029
38660,9530.828298650364
38661,9981.3146969738
38662,8646.150961298934
38663,9377.617860626298
38664,8211.108261806825
38665,10476.10983365391
38666,8914.788430416282
38667,9100.036453572311
38668,11174.637744747835
38669,9465.40344260928
38670,9305.295505891081
38671,13394.723581419134
38672,9534.639380082002
38673,9545.171672656632
38674,9782.078159750527
38675,8242.698620025329
38676,9794.19026923065
38677,9025.9431952245
38678,10607.192664386746
38679,12453.385452051938
38680,9257.417446939031
38681,7055.148390971049
38682,8604.165109014284
38683,9852.417889114433
38684,10364.983004571373
38685,9853.420455848027
38686,9966.402205655364
38687,8435.110862795247
38688,8448.114446294672
38689,8488.349211091616
38690,8437.525798641382
38691,9205.285377526234
38692,9802.49816228978
38693,9855.148289732038
38694,9644.674862151363
38695,9991.372473897614
38696,10570.8427891149
38697,9899.052310838739
38698,8854.706532854858
38699,11033.55189583756
38700,12543.583507963991
38701,9186.919303802584
38702,10564.964284684856
38703,9479.271834258076
38704,9885.528838452743
38705,8712.247697682702
38706,9633.455061684395
38707,8622.522414068295
38708,11002.715237220422
38709,9704.101604395979
38710,11765.810560999167
38711,11255.27825142977
38712,9485.272735029539
38713,9721.973655836598
38714,19010.459387002873
38715,13602.51243968563
38716,10734.94947313843
38717,6984.129273601633
38718,9153.497814442397
38719,12297.250329458731
38720,9002.391051892257
38721,12923.770216881836
38722,16959.351448144054
38723,9734.563392261694
38724,9006.576462287596
38725,10457.30045281263
38726,9519.551683213602
38727,13151.543615442573
38728,9645.513738266665
38729,10562.661331118541
38730,6811.071981732361
38731,9303.54656672598
38732,9479.909303340222
38733,10356.149937179456
38734,10436.808152265616
38735,8440.707753250654
38736,10093.917743396074
38737,9408.925547923336
38738,8859.815668248564
38739,9595.093680650743
38740,9412.525655622463
38741,8547.949028768962
38742,9369.482855238706
38743,9809.682070814102
38744,8936.863100507459
38745,9188.897891554274
38746,9049.625259214255
38747,9747.884052205902
38748,11441.124792065984
38749,9576.314002901468
38750,11080.99395539823
38751,10152.769154044052
38752,8086.352617642813
38753,10017.630651100348
38754,9537.71181174415
38755,8366.136142700398
38756,8737.961312920686
38757,9531.680119159126
38758,9336.139908032308
38759,9787.827710385356
38760,10735.859341133397
38761,9628.156668965717
38762,8351.336782845308
38763,8922.70479114866
38764,10982.507785601669
38765,8867.68796008222
38766,9628.148432121121
38767,17410.302904013573
38768,9795.340418824679
38769,9633.040504758364
38770,8871.216235490658
38771,8858.36347567223
38772,9322.90026420654
38773,8052.910129546336
38774,9745.72604534821
38775,10837.084738493977
38776,8449.78480749605
38777,18475.24556814814
38778,13531.039504012946
38779,8874.411566133249
38780,9827.126495882498
38781,8963.916329427402
38782,10316.32009821275
38783,10277.769658412024
38784,13465.970657306636
38785,10064.591113649245
38786,11194.905718752647
38787,10056.205674486902
38788,10306.691580429606
38789,8545.873571013608
38790,11551.85696996893
38791,9325.930544527704
38792,9254.324177671204
38793,8920.482243260996
38794,7841.527699071695
38795,11747.185689537697
38796,10996.04180407879
38797,9040.271217022451
38798,11715.158253100324
38799,10170.219150506962
38800,11717.499918722906
38801,8129.267467785266
38802,8733.593350229412
38803,9966.672216075247
38804,11464.137287570567
38805,10115.083255734526
38806,9530.787352825497
38807,10356.688915310715
38808,9993.199444402982
38809,8507.4280700509
38810,11612.582351890196
38811,10500.671303636873
38812,9013.008243051845
38813,15970.060285412608
38814,19113.54407605929
38815,10739.699805928805
38816,10816.363162266942
38817,12927.228546741946
38818,12843.371982748436
38819,12581.214027472295
38820,10156.027208446721
38821,11176.874484450209
38822,9663.815214671113
38823,10516.998892046955
38824,8751.792177962994
38825,10353.343235253722
38826,8804.750284177675
38827,8844.460355239313
38828,9457.865136444514
38829,8123.846116044743
38830,8269.916429897932
38831,9107.057831861217
38832,8243.297186538995
38833,8173.765219093785
38834,8997.358513352012
38835,10014.70088318427
38836,11196.921610230367
38837,10547.16774884119
38838,11148.86862087705
38839,9509.75344104225
38840,10003.301564049587
38841,11534.13270672374
38842,10156.4410424169
38843,8506.19204390559
38844,9121.203253773969
38845,10769.328851826996
38846,9119.131449583703
38847,9303.316262885992
38848,8613.300648598597
38849,9386.968332252844
38850,12221.718055749614
38851,8727.81922915381
38852,9959.87746331456
38853,10846.27219448277
38854,11455.130731054638
38855,12825.75889650233
38856,9551.12411113661
38857,11363.96982801539
38858,8353.610224840777
38859,8926.288249234687
38860,9487.882602098385
38861,8494.577870321953
38862,10561.053940447986
38863,8938.027319239192
38864,10487.439779599736
38865,10986.201166205045
38866,12015.105686711568
38867,10611.140414546018
38868,8778.348217078457
38869,9322.617926653518
38870,11964.032499165665
38871,10185.26723466224
38872,11650.26920159753
38873,9265.096439505802
38874,9742.382069727922
38875,11457.999337112198
38876,9304.761668136714
38877,10139.596665560206
38878,10521.478892938045
38879,10857.408310270246
38880,15147.122832136009
38881,9860.722779805692
38882,15466.432593349733
38883,9268.254001242416
38884,9469.91483408864
38885,8165.8861449833375
38886,10573.942787427299
38887,9321.926490275013
38888,8799.445858021369
38889,10676.317661708665
38890,9028.488916198236
38891,7866.356168468707
38892,9190.041566670188
38893,9508.475934738852
38894,9799.847663763438
38895,9350.340253793816
38896,10046.326718943823
38897,9839.53076918478
38898,9062.078740788129
38899,11011.606283228291
38900,8787.908181483326
38901,8950.648288934992
38902,9093.939664579228
38903,10956.472634135635
38904,13381.393516393498
38905,10298.606817786766
38906,8725.920527147478
38907,9145.460987918907
38908,10199.18913892949
38909,9829.973088766807
38910,9349.48523239197
38911,10675.480301208338
38912,9403.336067672213
38913,8095.967902164126
38914,9311.890484858946
38915,10228.217981459899
38916,9376.59199815518
38917,10027.792744401906
38918,9027.473342866555
38919,8938.641343597392
38920,8535.292007438395
38921,8790.35986522533
38922,10338.272015847007
38923,11459.62288801
38924,11820.963082678012
38925,14445.044525924599
38926,10859.776920742303
38927,9454.990819269333
38928,9797.90824077149
38929,12226.137046907592
38930,11613.672654363236
38931,9810.870453454563
38932,10244.023433549992
38933,11187.030746516948
38934,9103.409000127975
38935,8634.218925848072
38936,11844.152186017305
38937,9355.98661418431
38938,10562.468173972418
38939,9234.829054753676
38940,7714.223062443687
38941,12995.890422362201
38942,8619.765755435985
38943,9552.972380526768
38944,9192.790725260258
38945,9610.052738505667
38946,9796.771408116456
38947,9991.59281285831
38948,9254.85320249505
38949,9589.018363689982
38950,8238.277548725691
38951,8532.633909313385
38952,8693.243638143565
38953,10161.498472740326
38954,21619.08401911346
38955,8249.833545336838
38956,8897.37795638316
38957,10545.64317642897
38958,8207.301772118062
38959,8191.723537149873
38960,8747.649251917446
38961,8414.29079733282
38962,9374.22892939414
38963,9952.2794044672
38964,8290.759769569864
38965,10814.701969416066
38966,7926.795739029083
38967,8369.178738311497
38968,10358.755243907848
38969,10982.022276118443
38970,12101.533325412316
38971,9466.536904474797
38972,10259.418675400246
38973,7847.530880127672
38974,9636.49102408157
38975,14482.042424217156
38976,11463.241689853901
38977,9801.27978513378
38978,8506.678410555549
38979,9280.904498404916
38980,8479.488469124813
38981,8345.140442922708
38982,11258.02340413388
38983,10309.945689168586
38984,8510.69370821837
38985,10262.723638008896
38986,9034.314119393925
38987,8929.31888968146
38988,9532.44600665769
38989,10135.587623198724
38990,9339.24555801729
38991,8505.597296503069
38992,9138.610451922348
38993,9492.766879264494
38994,11048.027172326187
38995,9750.777094011408
38996,10425.001149845042
38997,8171.417855692096
38998,9648.933467802815
38999,9052.248460478544
39000,9531.584568476097
39001,9654.77085228631
39002,10502.828421728467
39003,8870.20281301614
39004,10082.68350030207
39005,10109.861220887455
39006,8748.8321525227
39007,8904.132031731257
39008,9634.25898014107
39009,9202.892069748717
39010,8677.100793519887
39011,9986.502988072893
39012,9897.091413182103
39013,9033.287595386548
39014,12330.686182401836
39015,8221.77465251891
39016,8196.617288165433
39017,10193.351148712414
39018,10491.406055840092
39019,13027.291235147366
39020,9256.14278674044
39021,10366.021236538403
39022,8887.330379600695
39023,10715.070068393798
39024,9348.606581596228
39025,9676.765355665437
39026,7290.89157429003
39027,9766.116679661802
39028,9545.54121307079
39029,9363.442947266623
39030,8028.146126748028
39031,10093.34039183361
39032,10541.046389636072
39033,9538.83359527678
39034,11606.045263451426
39035,9736.074023759009
39036,11508.99223862301
39037,9065.813135951903
39038,8877.712078119806
39039,9139.428791910237
39040,10434.662704516586
39041,10086.906313245587
39042,8316.87825869149
39043,10038.173192668506
39044,9614.28403033139
39045,9374.920681684162
39046,8773.15603678991
39047,7952.254481176565
39048,9827.487502228278
39049,8673.411011388813
39050,11680.22721304681
39051,9725.419641100183
39052,9513.674044360918
39053,10433.876889932004
39054,10060.505134516776
39055,9326.394502171095
39056,10187.092597878382
39057,9152.69903144983
39058,11282.339602598831
39059,11567.256774389205
39060,10682.859773567954
39061,9498.0651347124
39062,8957.312982887981
39063,8425.918730455141
39064,8018.562568996478
39065,10442.97791031527
39066,8685.736849877625
39067,11223.739343224943
39068,8769.436170876106
39069,9829.836730994299
39070,8967.511797732886
39071,14059.55220749147
39072,8597.6257078683
39073,8956.62237819489
39074,9463.22592123935
39075,10116.841906235735
39076,9097.5443021674
39077,10758.446016247392
39078,10095.146811782914
39079,12542.449753563296
39080,9593.742610740961
39081,10390.674576599084
39082,9923.942995271162
39083,8887.086814997765
39084,8626.132816336942
39085,12209.055014329888
39086,12486.918326872319
39087,9737.757010323632
39088,14953.01330240719
39089,9960.640692541825
39090,9302.69231896852
39091,9403.366099452951
39092,10537.6180709076
39093,11156.049209467921
39094,10020.58927452351
39095,10556.519423887712
39096,10928.613603398333
39097,9027.97557342703
39098,9555.071279964059
39099,8591.217837228882
39100,8955.553175349165
39101,8930.09538783933
39102,8738.908254051257
39103,8680.252729333959
39104,10224.856413753492
39105,18199.947609401213
39106,10422.049309240596
39107,9031.097312809938
39108,10592.181722403231
39109,8146.141307731883
39110,9684.00599191613
39111,7362.588624477597
39112,12298.844554084311
39113,9990.435086515214
39114,10293.975580717086
39115,14173.18306568278
39116,12357.687258746255
39117,10897.483914062215
39118,10227.724578640238
39119,8408.65314757063
39120,9573.301056736611
39121,10181.825337281112
39122,10064.914238919378
39123,8186.711737583351
39124,8000.658177670133
39125,8074.697175453724
39126,8717.467720647044
39127,9220.522613770007
39128,9528.663008500225
39129,8418.72093966996
39130,10313.446676466467
39131,9912.647922422142
39132,9780.392436837188
39133,8948.114505475867
39134,8134.62486839887
39135,10242.540516561308
39136,7841.8308131999365
39137,12045.763187481814
39138,8935.276100788024
39139,8640.627227717347
39140,10024.554668556524
39141,8771.3986957233
39142,8392.494684893029
39143,8664.162099228328
39144,9768.382632596424
39145,11813.3016373589
39146,11925.414116174165
39147,9849.19688299315
39148,7837.480773918809
39149,9602.616650657868
39150,9775.635820588263
39151,9438.596365604331
39152,8960.171409616738
39153,10365.994462805733
39154,12529.641997777748
39155,10255.673376316963
39156,9740.787626996056
39157,9812.197680907277
39158,8906.051781683565
39159,11786.879687669554
39160,9499.100842185071
39161,14411.500775494767
39162,9032.546681728516
39163,8608.708395277847
39164,8674.058452234822
39165,8664.868057070338
39166,10320.507565922026
39167,17810.72064574936
39168,7837.0864491965185
39169,8618.805595641537
39170,11596.028964873443
39171,10623.123710853539
39172,9947.230580404374
39173,10735.101450511138
39174,8663.455868478324
39175,8348.707412237876
39176,8012.254442998709
39177,11068.063851805113
39178,8754.93455561158
39179,10600.695053019926
39180,9266.006379215174
39181,8527.437183193675
39182,10653.273668038253
39183,9365.354381279936
39184,7476.56211060128
39185,11148.664072576754
39186,11060.439895751633
39187,8071.1009780060685
39188,10470.261209627033
39189,9018.527034297962
39190,8820.546990188916
39191,11007.25967895109
39192,9555.569984729538
39193,10000.478014140243
39194,8710.092356320583
39195,8433.592537375816
39196,9829.357762906584
39197,7258.308030888153
39198,10778.883079598081
39199,8655.956516783806
39200,9523.792997365263
39201,8437.188750573529
39202,9615.28610058619
39203,9050.204466258358
39204,10018.438197283525
39205,9398.180319884463
39206,9684.102284416706
39207,9547.02592921045
39208,10758.122826973962
39209,10081.201086026678
39210,11813.436897743313
39211,11290.345940065368
39212,11786.12000605534
39213,7716.46271762473
39214,9445.412685959967
39215,10468.866168374969
39216,8862.366864221061
39217,11173.745550266016
39218,9021.213930431377
39219,11664.881160619298
39220,12173.987264553678
39221,10849.79161427392
39222,8226.5667451993
39223,11325.863306823596
39224,12103.897753659043
39225,9380.600330562125
39226,10319.114057770854
39227,11061.11711832927
39228,9381.453403568219
39229,10273.609477963619
39230,9988.6681437441
39231,9255.846273141653
39232,9067.382650799775
39233,9860.862234702956
39234,8979.38470938533
39235,9005.827747750567
39236,9635.694173044796
39237,9752.994587504956
39238,10091.626909163258
39239,10347.182517237969
39240,10745.342581542493
39241,9631.40991818129
39242,10967.11678208792
39243,9700.957711377434
39244,9665.124514285963
39245,9628.653083879535
39246,9581.201351490008
39247,10783.078966381787
39248,9604.15756490098
39249,8837.936585674635
39250,9430.977002426018
39251,9905.375215587199
39252,9994.845353172088
39253,9415.018863564284
39254,8463.130626145321
39255,9481.924079321327
39256,9028.977325594828
39257,9536.643988573844
39258,9901.862178335161
39259,10194.476295238386
39260,9086.065666420402
39261,8832.56560231179
39262,7805.321250657306
39263,9293.768296659104
39264,10136.154110592914
39265,10072.396373665522
39266,11277.05472717418
39267,11381.183714788733
39268,9301.814386861037
39269,10139.619128077004
39270,8682.18918109241
39271,8205.203543153591
39272,10019.554341637644
39273,13173.795267258687
39274,9822.957291762139
39275,10664.440571046192
39276,8742.440938663553
39277,10191.168004014855
39278,12372.319746965255
39279,8944.564116090458
39280,10210.82975842615
39281,8479.727299327284
39282,8493.05675795336
39283,8573.876408087926
39284,9379.378055605213
39285,9263.617477360147
39286,8418.427781234546
39287,9380.758703051988
39288,8351.997786590908
39289,9444.383170580952
39290,10672.941039596084
39291,8636.11750713099
39292,9973.165043486002
39293,10237.740081421662
39294,9249.450718051985
39295,9631.187151844651
39296,10181.33215391848
39297,10381.619960914384
39298,9582.932869913828
39299,8437.374365748961
39300,16066.21776224464
39301,8930.906308921787
39302,8915.767571598339
39303,11191.2552201141
39304,11131.708696891963
39305,10754.716809851014
39306,9817.269224505775
39307,10170.227765414564
39308,11561.59237781686
39309,16488.117584144442
39310,9024.223452414133
39311,8721.129565885423
39312,8655.035935536987
39313,10854.528810568241
39314,9644.079022063308
39315,10917.572477690446
39316,10518.513643281938
39317,8887.699702573947
39318,8499.712707392559
39319,10001.06981662383
39320,10916.028884777888
39321,8464.83790252823
39322,9664.14961869451
39323,8088.2370174425605
39324,9335.452449918781
39325,10681.073186712496
39326,9636.301767439452
39327,11156.393706407905
39328,9475.813419576623
39329,8201.48493374907
39330,9963.539092682227
39331,10333.893285342021
39332,10788.482395254843
39333,9956.840621190935
39334,10179.432821898468
39335,9700.394222817466
39336,9311.5360880077
39337,12053.191816057939
39338,8411.28709368185
39339,12319.528012821309
39340,10036.406295906354
39341,8374.447669636376
39342,10466.01690730341
39343,8738.781180025297
39344,9620.457666499793
39345,10006.911146830787
39346,8083.377780412916
39347,8271.697248539736
39348,9582.221213793959
39349,11636.312580728567
39350,11343.527953584904
39351,8594.107871342478
39352,10032.12924956922
39353,10227.680674452475
39354,10249.233438547222
39355,9643.856175106986
39356,12431.016618555039
39357,10904.020196655278
39358,13068.175671492516
39359,8035.155641258773
39360,8597.454128237334
39361,11474.25851696902
39362,12730.818426791224
39363,8858.438803885501
39364,12481.89287327629
39365,8848.332126403682
39366,8776.055100299684
39367,8893.287570528842
39368,9462.11195673865
39369,8502.605967042397
39370,8442.261041058091
39371,7891.672088479055
39372,8401.730438697059
39373,13498.301398980284
39374,10660.695843054413
39375,20688.995567832713
39376,8770.665131659533
39377,0.0
39378,0.0
39379,0.0
39380,0.0
39381,0.0
39382,0.0
39383,0.0
39384,0.0
39385,0.0
39386,0.0
39387,0.0
39388,0.0
39389,0.0
39390,0.0
39391,0.0
39392,0.0
39393,0.0
39394,0.0
39395,0.0
39396,0.0
39397,0.0
39398,0.0
39399,0.0
39400,0.0
39401,0.0
39402,0.0
39403,0.0
39404,0.0
39405,0.0
39406,0.0
39407,0.0
39408,0.0
39409,0.0
39410,0.0
39411,0.0
39412,0.0
39413,0.0
39414,0.0
39415,0.0
39416,0.0
39417,0.0
39418,0.0
39419,0.0
39420,0.0
39421,0.0
39422,0.0
39423,0.0
39424,0.0
39425,0.0
39426,0.0
39427,0.0
39428,0.0
39429,0.0
39430,0.0
39431,0.0
39432,0.0
39433,0.0
39434,0.0
39435,0.0
39436,0.0
39437,0.0
39438,0.0
39439,0.0
39440,0.0
39441,0.0
39442,0.0
39443,0.0
39444,0.0
39445,0.0
39446,0.0
39447,0.0
39448,0.0
39449,0.0
39450,0.0
39451,0.0
39452,0.0
39453,0.0
39454,0.0
39455,0.0
39456,0.0
39457,0.0
39458,0.0
39459,0.0
39460,0.0
39461,0.0
39462,0.0
39463,0.0
39464,0.0
39465,0.0
39466,0.0
39467,0.0
39468,5272.551864246147
39469,0.0
39470,0.0
39471,0.0
39472,0.0
39473,0.0
39474,0.0
39475,0.0
39476,0.0
39477,0.0
39478,0.0
39479,0.0
39480,0.0
39481,0.0
39482,0.0
39483,0.0
39484,0.0
39485,0.0
39486,0.0
39487,0.0
39488,0.0
39489,0.0
39490,0.0
39491,0.0
39492,0.0
39493,0.0
39494,0.0
39495,0.0
39496,0.0
39497,0.0
39498,0.0
39499,0.0
39500,0.0
39501,0.0
39502,0.0
39503,0.0
39504,0.0
39505,0.0
39506,0.0
39507,0.0
39508,0.0
39509,0.0
39510,0.0
39511,0.0
39512,0.0
39513,0.0
39514,0.0
39515,0.0
39516,0.0
39517,0.0
39518,0.0
39519,0.0
39520,0.0
39521,0.0
39522,0.0
39523,0.0
39524,0.0
39525,0.0
39526,0.0
39527,0.0
39528,0.0
39529,0.0
39530,0.0
39531,0.0
39532,0.0
39533,0.0
39534,0.0
39535,0.0
39536,5322.908889220065
39537,0.0
39538,0.0
39539,0.0
39540,0.0
39541,0.0
39542,0.0
39543,0.0
39544,0.0
39545,0.0
39546,0.0
39547,0.0
39548,0.0
39549,0.0
39550,0.0
39551,0.0
39552,0.0
39553,0.0
39554,0.0
39555,0.0
39556,0.0
39557,0.0
39558,0.0
39559,0.0
39560,0.0
39561,0.0
39562,0.0
39563,0.0
39564,0.0
39565,0.0
39566,0.0
39567,0.0
39568,0.0
39569,0.0
39570,0.0
39571,0.0
39572,0.0
39573,0.0
39574,0.0
39575,0.0
39576,0.0
39577,15401.264548450916
39578,25073.800732716336
39579,0.0
39580,0.0
39581,0.0
39582,0.0
39583,0.0
39584,0.0
39585,0.0
39586,7839.861206455329
39587,0.0
39588,0.0
39589,0.0
39590,0.0
39591,0.0
39592,0.0
39593,0.0
39594,0.0
39595,0.0
39596,0.0
39597,0.0
39598,0.0
39599,0.0
39600,0.0
39601,0.0
39602,0.0
39603,0.0
39604,0.0
39605,7155.369800377692
39606,0.0
39607,0.0
39608,0.0
39609,0.0
39610,0.0
39611,0.0
39612,0.0
39613,0.0
39614,0.0
39615,5942.072883905699
39616,0.0
39617,0.0
39618,0.0
39619,0.0
39620,0.0
39621,0.0
39622,0.0
39623,0.0
39624,0.0
39625,0.0
39626,0.0
39627,0.0
39628,0.0
39629,0.0
39630,0.0
39631,0.0
39632,0.0
39633,9925.628943249782
39634,0.0
39635,0.0
39636,0.0
39637,0.0
39638,0.0
39639,0.0
39640,0.0
39641,0.0
39642,0.0
39643,0.0
39644,0.0
39645,0.0
39646,0.0
39647,0.0
39648,0.0
39649,0.0
39650,8888.012460124772
39651,0.0
39652,0.0
39653,0.0
39654,0.0
39655,0.0
39656,0.0
39657,0.0
39658,0.0
39659,0.0
39660,0.0
39661,0.0
39662,0.0
39663,0.0
39664,0.0
39665,0.0
39666,0.0
39667,0.0
39668,0.0
39669,0.0
39670,0.0
39671,0.0
39672,0.0
39673,0.0
39674,0.0
39675,0.0
39676,0.0
39677,0.0
39678,0.0
39679,0.0
39680,0.0
39681,0.0
39682,0.0
39683,0.0
39684,0.0
39685,0.0
39686,0.0
39687,0.0
39688,0.0
39689,0.0
39690,0.0
39691,0.0
39692,0.0
39693,0.0
39694,0.0
39695,0.0
39696,0.0
39697,0.0
39698,0.0
39699,0.0
39700,0.0
39701,0.0
39702,0.0
39703,0.0
39704,0.0
39705,0.0
39706,0.0
39707,0.0
39708,0.0
39709,0.0
39710,0.0
39711,0.0
39712,4920.176451389476
39713,0.0
39714,0.0
39715,0.0
39716,0.0
39717,0.0
39718,0.0
39719,0.0
39720,0.0
39721,0.0
39722,0.0
39723,0.0
39724,0.0
39725,0.0
39726,6172.109671978919
39727,0.0
39728,0.0
39729,0.0
39730,0.0
39731,0.0
39732,0.0
39733,0.0
39734,0.0
39735,0.0
39736,0.0
39737,0.0
39738,0.0
39739,0.0
39740,0.0
39741,0.0
39742,0.0
39743,0.0
39744,0.0
39745,0.0
39746,0.0
39747,0.0
39748,0.0
39749,0.0
39750,0.0
39751,0.0
39752,0.0
39753,0.0
39754,0.0
39755,0.0
39756,0.0
39757,0.0
39758,0.0
39759,0.0
39760,0.0
39761,0.0
39762,0.0
39763,0.0
39764,0.0
39765,0.0
39766,0.0
39767,0.0
39768,0.0
39769,8633.146255506635
39770,0.0
39771,0.0
39772,0.0
39773,0.0
39774,0.0
39775,0.0
39776,0.0
39777,0.0
39778,0.0
39779,6103.120197527993
39780,0.0
39781,0.0
39782,0.0
39783,5163.547516662217
39784,0.0
39785,0.0
39786,0.0
39787,0.0
39788,0.0
39789,0.0
39790,0.0
39791,0.0
39792,0.0
39793,0.0
39794,0.0
39795,0.0
39796,0.0
39797,0.0
39798,0.0
39799,0.0
39800,0.0
39801,0.0
39802,0.0
39803,0.0
39804,0.0
39805,0.0
39806,0.0
39807,0.0
39808,0.0
39809,0.0
39810,19953.926254053007
39811,0.0
39812,0.0
39813,0.0
39814,0.0
39815,0.0
39816,0.0
39817,0.0
39818,0.0
39819,0.0
39820,0.0
39821,0.0
39822,0.0
39823,0.0
39824,7827.070647767871
39825,0.0
39826,0.0
39827,0.0
39828,0.0
39829,0.0
39830,0.0
39831,0.0
39832,0.0
39833,0.0
39834,0.0
39835,0.0
39836,0.0
39837,0.0
39838,0.0
39839,0.0
39840,0.0
39841,0.0
39842,0.0
39843,0.0
39844,0.0
39845,0.0
39846,0.0
39847,0.0
39848,0.0
39849,0.0
39850,0.0
39851,0.0
39852,0.0
39853,0.0
39854,0.0
39855,0.0
39856,0.0
39857,0.0
39858,0.0
39859,0.0
39860,0.0
39861,0.0
39862,0.0
39863,0.0
39864,0.0
39865,0.0
39866,0.0
39867,0.0
39868,0.0
39869,0.0
39870,0.0
39871,0.0
39872,0.0
39873,0.0
39874,0.0
39875,0.0
39876,0.0
39877,0.0
39878,0.0
39879,0.0
39880,0.0
39881,0.0
39882,0.0
39883,0.0
39884,0.0
39885,0.0
39886,0.0
39887,0.0
39888,0.0
39889,0.0
39890,0.0
39891,0.0
39892,0.0
39893,0.0
39894,0.0
39895,0.0
39896,0.0
39897,0.0
39898,0.0
39899,11890.392955715162
39900,0.0
39901,0.0
39902,0.0
39903,0.0
39904,0.0
39905,0.0
39906,0.0
39907,0.0
39908,0.0
39909,0.0
39910,0.0
39911,0.0
39912,0.0
39913,0.0
39914,0.0
39915,0.0
39916,0.0
39917,0.0
39918,0.0
39919,0.0
39920,0.0
39921,0.0
39922,0.0
39923,0.0
39924,0.0
39925,0.0
39926,0.0
39927,0.0
39928,0.0
39929,0.0
39930,0.0
39931,0.0
39932,0.0
39933,0.0
39934,0.0
39935,0.0
39936,0.0
39937,0.0
39938,0.0
39939,0.0
39940,0.0
39941,0.0
39942,0.0
39943,5806.334279142393
39944,17357.6016184819
39945,0.0
39946,0.0
39947,0.0
39948,0.0
39949,0.0
39950,0.0
39951,0.0
39952,0.0
39953,0.0
39954,0.0
39955,0.0
39956,0.0
39957,0.0
39958,0.0
39959,0.0
39960,0.0
39961,0.0
39962,0.0
39963,0.0
39964,0.0
39965,0.0
39966,0.0
39967,0.0
39968,0.0
39969,0.0
39970,0.0
39971,0.0
39972,11721.520170313062
39973,0.0
39974,0.0
39975,0.0
39976,0.0
39977,0.0
39978,0.0
39979,0.0
39980,0.0
39981,0.0
39982,0.0
39983,0.0
39984,0.0
39985,0.0
39986,0.0
39987,0.0
39988,0.0
39989,0.0
39990,0.0
39991,0.0
39992,0.0
39993,0.0
39994,0.0
39995,0.0
39996,0.0
39997,0.0
39998,0.0
39999,0.0
40000,0.0
40001,0.0
40002,0.0
40003,0.0
40004,0.0
40005,0.0
40006,0.0
40007,0.0
40008,0.0
40009,0.0
40010,0.0
40011,0.0
40012,0.0
40013,0.0
40014,0.0
40015,0.0
40016,0.0
40017,0.0
40018,0.0
40019,0.0
40020,0.0
40021,0.0
40022,0.0
40023,0.0
40024,0.0
40025,0.0
40026,0.0
40027,0.0
40028,0.0
40029,0.0
40030,0.0
40031,0.0
40032,0.0
40033,0.0
40034,0.0
40035,0.0
40036,0.0
40037,0.0
40038,0.0
40039,0.0
40040,0.0
40041,0.0
40042,5715.710689808367
40043,0.0
40044,0.0
40045,0.0
40046,5755.879298107552
40047,0.0
40048,0.0
40049,0.0
40050,0.0
40051,0.0
40052,0.0
40053,0.0
40054,0.0
40055,0.0
40056,0.0
40057,0.0
40058,0.0
40059,0.0
40060,0.0
40061,0.0
40062,0.0
40063,0.0
40064,0.0
40065,0.0
40066,0.0
40067,0.0
40068,0.0
40069,0.0
40070,0.0
40071,0.0
40072,0.0
40073,0.0
40074,0.0
40075,0.0
40076,0.0
40077,0.0
40078,0.0
40079,0.0
40080,0.0
40081,0.0
40082,0.0
40083,0.0
40084,0.0
40085,0.0
40086,0.0
40087,0.0
40088,0.0
40089,0.0
40090,0.0
40091,0.0
40092,0.0
40093,0.0
40094,0.0
40095,0.0
40096,0.0
40097,5557.351669062514
40098,0.0
40099,0.0
40100,0.0
40101,0.0
40102,0.0
40103,0.0
40104,0.0
40105,0.0
40106,0.0
40107,0.0
40108,0.0
40109,0.0
40110,0.0
40111,0.0
40112,10724.565250399339
40113,0.0
40114,0.0
40115,0.0
40116,0.0
40117,0.0
40118,0.0
40119,0.0
40120,0.0
40121,0.0
40122,0.0
40123,0.0
40124,0.0
40125,0.0
40126,0.0
40127,0.0
40128,0.0
40129,0.0
40130,0.0
40131,0.0
40132,0.0
40133,0.0
40134,0.0
40135,0.0
40136,0.0
40137,0.0
40138,0.0
40139,0.0
40140,0.0
40141,0.0
40142,0.0
40143,0.0
40144,0.0
40145,0.0
40146,0.0
40147,0.0
40148,0.0
40149,0.0
40150,0.0
40151,0.0
40152,0.0
40153,0.0
40154,0.0
40155,0.0
40156,0.0
40157,0.0
40158,0.0
40159,0.0
40160,0.0
40161,0.0
40162,0.0
40163,0.0
40164,0.0
40165,0.0
40166,0.0
40167,0.0
40168,0.0
40169,0.0
40170,0.0
40171,0.0
40172,0.0
40173,0.0
40174,0.0
40175,0.0
40176,5804.972807233578
40177,0.0
40178,0.0
40179,0.0
40180,0.0
40181,0.0
40182,0.0
40183,0.0
40184,0.0
40185,0.0
40186,0.0
40187,0.0
40188,0.0
40189,0.0
40190,0.0
40191,0.0
40192,0.0
40193,0.0
40194,0.0
40195,0.0
40196,0.0
40197,0.0
40198,0.0
40199,0.0
40200,0.0
40201,0.0
40202,0.0
40203,0.0
40204,0.0
40205,0.0
40206,0.0
40207,0.0
40208,0.0
40209,0.0
40210,0.0
40211,0.0
40212,0.0
40213,0.0
40214,0.0
40215,0.0
40216,0.0
40217,13310.056940676683
40218,8298.685246055618
40219,0.0
40220,0.0
40221,0.0
40222,0.0
40223,0.0
40224,0.0
40225,0.0
40226,0.0
40227,0.0
40228,0.0
40229,0.0
40230,0.0
40231,0.0
40232,0.0
40233,5991.932497425021
40234,5274.124508150579
40235,7432.745192694516
40236,5722.08488845622
40237,7386.602933218638
40238,5453.762318718223
40239,7821.312170358303
40240,7621.413895240264
40241,5240.776764574261
40242,5428.5283628398365
40243,8109.624673325797
40244,7758.673474271209
40245,6879.7181521110315
40246,6584.20463998621
40247,7426.692173999885
40248,5236.090268251206
40249,8344.93651341732
40250,9049.907049341495
40251,10514.037904680708
40252,8697.119352316755
40253,8492.016348832807
40254,5794.548942191808
40255,7906.564429834925
40256,4682.017220171522
40257,9503.137551076012
40258,9638.188800411996
40259,9597.31397804918
40260,6258.77684827493
40261,5020.295988250507
40262,5640.271905555555
40263,7396.883915324212
40264,9578.018842362533
40265,6358.135368502749
40266,6193.287031958921
40267,6063.298122782883
40268,8444.721884864566
40269,4833.266675137631
40270,8127.074015575159
40271,5988.109661358854
40272,7003.0101633805725
40273,7945.371004383377
40274,6150.627436932417
40275,8189.2382565732205
40276,7024.015129920014
40277,6458.943997514702
40278,6079.34294631299
40279,7615.990869950114
40280,9907.378143364056
40281,6705.470096825683
40282,8600.229505291432
40283,8194.413893192836
40284,8489.653720154345
40285,8351.563833461962
40286,6913.609563977687
40287,5107.540840458272
40288,7193.8118860766845
40289,6652.710212921031
40290,7877.316764860595
40291,9572.626169663255
40292,8093.03373783425
40293,5346.403572890336
40294,7136.004696827456
40295,6252.351874976202
40296,7105.366756590892
40297,5319.138140991819
40298,10588.783202257744
40299,5022.263173678984
40300,5782.082361308666
40301,7239.196955984307
40302,6666.344455450623
40303,6526.204243814836
40304,5636.841697846862
40305,7666.51064039151
40306,7129.868758424343
40307,6938.372423726283
40308,7566.38419265787
40309,8111.866675782028
40310,6631.944410075949
40311,5993.594163137562
40312,6805.574427597041
40313,10026.2108020715
40314,7339.883630662473
40315,5841.47388708219
40316,8075.9031052344135
40317,6191.474536832982
40318,8349.001782944883
40319,8171.151217244106
40320,5245.396166166215
40321,8529.087591674714
40322,7451.932651883311
40323,6965.647589536576
40324,6933.3120332480075
40325,5491.6297218176305
40326,6453.157053959158
40327,5865.104223813526
40328,8157.7404361705485
40329,7238.632306740641
40330,5892.682633753563
40331,6210.432711197377
40332,7641.283599418097
40333,6776.945520941447
40334,6700.098232411319
40335,6302.921029574232
40336,5844.642389818515
40337,7358.43243215764
40338,6727.708169520495
40339,5442.721920232953
40340,6873.011470114162
40341,7946.506958574603
40342,6776.292251853695
40343,8651.528520898204
40344,8953.723227040191
40345,6559.24972782941
40346,8717.683328553821
40347,6377.58488276337
40348,5799.736603175514
40349,9157.945585622287
40350,6844.209341186023
40351,8579.976257162114
40352,8727.227322172355
40353,7723.0321949665895
40354,7388.941225500188
40355,7827.483702295871
40356,8425.836249854314
40357,5322.357337507541
40358,4532.904978095451
40359,7370.629844336661
40360,6539.671638835783
40361,6420.370806256087
40362,5830.484363542516
40363,7485.8327540609625
40364,6513.942995684804
40365,5711.918279606227
40366,6605.09890068349
40367,5570.9596021173475
40368,8248.800155954195
40369,7206.28421067257
40370,6058.396430834727
40371,6624.073792736042
40372,5862.745536518728
40373,8174.5188861762745
40374,5289.412962362392
40375,6209.160340337801
40376,5536.860124129774
40377,7787.348376815966
40378,5539.407620571851
40379,6080.742418194343
40380,9456.638539594927
40381,6299.859938795288
40382,6851.812376854134
40383,12163.1664940313
40384,7017.735357808029
40385,7976.633900009988
40386,6277.467605829974
40387,6066.548516203425
40388,8270.96796939892
40389,5359.94061202998
40390,7658.425905308109
40391,8442.848872592418
40392,6548.085920196717
40393,4498.204717440659
40394,5206.047648684908
40395,8478.461638393988
40396,7872.419061211108
40397,6428.392435092787
40398,6646.151750452436
40399,6202.707607807576
40400,6098.2941300878265
40401,5233.875112081913
40402,4861.664132240117
40403,7114.546173264966
40404,8251.098620361743
40405,6583.945396573908
40406,6348.978270972742
40407,8227.074465351097
40408,8172.066676500368
40409,8141.158279309801
40410,6992.3579802659415
40411,7975.090042032077
40412,9080.186280033078
40413,5846.579449833389
40414,6840.806983253113
40415,7681.4136628871875
40416,7946.81617271725
40417,6145.773978331588
40418,6042.8974938453475
40419,6132.7853615095155
40420,8524.120202929365
40421,7248.85780298659
40422,8785.081256804664
40423,8869.473011630218
40424,7659.071057873024
40425,7194.475678321607
40426,18667.215168771218
40427,9752.736198955832
40428,7470.138922829416
40429,4650.223911579612
40430,7542.479579685609
40431,9822.940312597966
40432,4696.586041710385
40433,11445.548446666155
40434,17578.18772405329
40435,7087.887090423152
40436,5560.339731835912
40437,8373.044677044118
40438,5915.92153084235
40439,9486.919972541486
40440,5255.54079545716
40441,7581.21850065033
40442,5586.256203449817
40443,6445.08637254745
40444,7799.618181304997
40445,7380.222383029714
40446,8961.090836689053
40447,6918.2491674747735
40448,8336.023711867143
40449,6702.505286672138
40450,6136.677635300052
40451,6384.4761983251055
40452,7616.610547316698
40453,6004.262419568315
40454,6627.551057258688
40455,5751.58067780481
40456,5482.00139323687
40457,5293.9962028986065
40458,5357.258762908266
40459,6223.682918669505
40460,8612.480869963963
40461,8439.327976977658
40462,8085.359688243016
40463,7335.717554637649
40464,6426.50689699465
40465,5630.495436103185
40466,6240.9430808598345
40467,6895.63827436136
40468,5116.579727469243
40469,6082.320716616997
40470,6820.475486271042
40471,7413.8306716913075
40472,8073.861075299484
40473,6988.937630595933
40474,4867.636641626795
40475,5909.685146367826
40476,8140.516749069458
40477,6528.408688340064
40478,7265.535135093605
40479,14727.235873295811
40480,8111.020336217737
40481,6701.2798880140945
40482,6521.552260455091
40483,5391.268222214203
40484,5817.99303936734
40485,5649.538711860823
40486,7100.585560692713
40487,8093.036794174994
40488,6994.519021786403
40489,11054.612456868703
40490,9737.835186539054
40491,7161.241341147384
40492,7143.0876914594155
40493,6589.919290733355
40494,7378.303701059975
40495,6678.251961035771
40496,10262.376152593406
40497,6879.581363496002
40498,8706.860553369563
40499,6406.92953133093
40500,7386.777486136549
40501,7225.574060380917
40502,7588.195749359718
40503,6877.768041873058
40504,5800.997724973946
40505,7413.323643249186
40506,7261.765846754204
40507,9876.017928640802
40508,7927.1595120088605
40509,7466.373828843975
40510,7645.11419291136
40511,8301.852782566173
40512,11017.55733527491
40513,5312.971376588977
40514,6409.718608871837
40515,8252.378518513358
40516,9255.77468090602
40517,8314.029333739421
40518,7036.136377416029
40519,8025.432295786346
40520,8223.471795336407
40521,7058.974105581587
40522,8241.587454917268
40523,7700.115277888424
40524,6447.611749904508
40525,11877.683406230419
40526,17157.26521545049
40527,7633.214129878978
40528,8571.840909017164
40529,8315.400165318391
40530,8619.670662409046
40531,8843.369008042437
40532,6309.258691365735
40533,7147.287528009299
40534,7923.992368875846
40535,7888.5984053208895
40536,5439.562675704972
40537,7027.223201197815
40538,6849.975613695566
40539,5444.646040402108
40540,5838.1446884490415
40541,5668.6960403157345
40542,4861.306962959157
40543,7269.395578310599
40544,4586.9253113034665
40545,5417.938329760202
40546,7148.436054218445
40547,6811.056435477144
40548,9255.55541674172
40549,9005.842126555566
40550,8517.475746563308
40551,7997.896258723617
40552,8066.5028804208305
40553,9296.761231716691
40554,7399.386680618238
40555,4985.636843784095
40556,7069.991889090076
40557,10205.199643048334
40558,6263.809470542656
40559,7441.572296543608
40560,6529.322627888075
40561,6002.964745439603
40562,8876.127056663614
40563,6548.432126815907
40564,7299.563022758333
40565,8988.383198938142
40566,9598.043396800598
40567,9262.354094514654
40568,6249.100009116531
40569,8557.13476090346
40570,5077.087670292451
40571,6099.951697328465
40572,6976.190488127938
40573,5796.354486640504
40574,8173.789698270084
40575,5155.572289216349
40576,8024.096090202584
40577,8137.465258441285
40578,9257.117943091767
40579,9261.272647050853
40580,5705.13659214936
40581,6430.284618786533
40582,8006.691835252144
40583,8415.00828379434
40584,8466.170186462614
40585,7544.494004807304
40586,8096.039343371679
40587,7879.738339919802
40588,7527.211827079335
40589,6391.590903919715
40590,8435.439866473029
40591,7774.614101680597
40592,12395.668148471532
40593,8825.300353164288
40594,13781.647024967933
40595,6889.971120760188
40596,8077.473511357959
40597,4502.975592446325
40598,6990.511460459683
40599,7038.829334235166
40600,7162.921249214038
40601,8621.456790998416
40602,7526.648119078104
40603,4584.931966517325
40604,7513.031919212834
40605,6519.3990399149
40606,7666.673865250633
40607,7788.59908674344
40608,6536.550982949699
40609,8132.198250013584
40610,6833.619979359591
40611,8700.566880805573
40612,6137.676240655649
40613,6863.093261120816
40614,7644.087909364437
40615,8137.085595486704
40616,10161.694083894563
40617,8446.773477716013
40618,5131.3736985347605
40619,5921.200606161466
40620,7675.076410525045
40621,7384.395111971279
40622,5848.235865085982
40623,7731.91055742925
40624,5973.7585559078025
40625,7076.24524514773
40626,7372.325666306831
40627,8587.68759080477
40628,6941.642312431742
40629,6573.5807098034065
40630,7569.636350921316
40631,7514.0516915180715
40632,5996.945137225455
40633,6132.953632735724
40634,8925.202438086144
40635,8264.982001222912
40636,9767.292764792592
40637,10031.141558681738
40638,8810.659005750325
40639,6458.281082478378
40640,7001.175337718372
40641,10004.011808519173
40642,8802.454646707996
40643,7004.332620132994
40644,6637.199682558587
40645,8075.244423990982
40646,5607.308606564756
40647,4956.387649200311
40648,9320.110856246543
40649,7323.499771231119
40650,7927.362973743102
40651,6020.441628820589
40652,5038.058030627147
40653,9154.365707822693
40654,7216.143323751471
40655,7694.967025703003
40656,6261.193248732853
40657,7538.167218485664
40658,7076.006955581542
40659,6002.677948095513
40660,8122.32621089351
40661,7900.036391941744
40662,5634.059225557354
40663,5770.868128297147
40664,5387.629941534929
40665,7177.71069498437
40666,17111.45341407952
40667,5391.401330632524
40668,7506.50760293364
40669,8305.122101058021
40670,5153.510857716935
40671,5595.721933433126
40672,7342.753251173192
40673,5422.802991514866
40674,7946.468933316448
40675,8256.425712497132
40676,5400.225340284675
40677,7864.803157954679
40678,4575.9873279289
40679,6005.0075510809065
40680,7811.200355124562
40681,8290.632439656789
40682,10193.555446272618
40683,5727.3703985076545
40684,6792.111709616546
40685,5525.426479926065
40686,7588.892483205698
40687,14732.297596956141
40688,9819.39770897301
40689,7639.831952538855
40690,5778.949037456985
40691,7748.741164279336
40692,6054.846617105154
40693,4807.038409648873
40694,8134.420785653431
40695,6058.114815049349
40696,6404.3712998382
40697,7933.376450252952
40698,6845.105710527354
40699,5545.57292737171
40700,6044.14918659794
40701,7439.786229789194
40702,6928.819850555037
40703,5017.211527691058
40704,5564.439889371142
40705,8037.157602399902
40706,7961.510726639521
40707,7219.27544437454
40708,8461.86946502803
40709,4540.683199159134
40710,8258.063114353294
40711,5898.783572570049
40712,6529.348544359728
40713,6160.132772454352
40714,7378.657815313053
40715,5693.51975826802
40716,8107.00882882277
40717,7319.599495237682
40718,6651.398072924314
40719,7465.160493862646
40720,6790.9084189381
40721,6774.192098054481
40722,6591.473462226626
40723,8254.910412682413
40724,7159.586653587583
40725,5040.060783280824
40726,10031.802037616511
40727,5624.328681617428
40728,6521.66190574099
40729,7079.494647382095
40730,8854.65575023729
40731,9178.053169082656
40732,6296.356030220752
40733,7260.126934558884
40734,6272.195654216896
40735,7565.724675408573
40736,7737.773827933131
40737,7617.412203069875
40738,4544.9963820510475
40739,7320.595340304982
40740,7628.822289563085
40741,6320.489880533669
40742,4560.131340433462
40743,8294.066588230758
40744,7453.340646421104
40745,6316.162330626065
40746,7704.8608685242825
40747,8397.322325798177
40748,9430.072631575387
40749,6071.756541713731
40750,5536.112759174645
40751,6268.467986789107
40752,7729.343047382082
40753,6345.444806197203
40754,5118.557094044951
40755,8745.513704662015
40756,7197.912859649402
40757,7194.826156329442
40758,6214.35181941588
40759,5790.604409463445
40760,7978.594653866382
40761,5605.762658135422
40762,9554.777171084435
40763,6524.319761522524
40764,6299.484673441884
40765,8838.958926021362
40766,6380.308010048798
40767,6378.960905117728
40768,7946.088651295451
40769,5957.598296012613
40770,8873.5584306106
40771,9225.11569784025
40772,7389.648626053095
40773,6838.762777248465
40774,6374.099420382301
40775,4522.495445234794
40776,4386.399303992379
40777,6725.216772587656
40778,6689.678469851201
40779,7787.043771587805
40780,6194.244959343282
40781,6256.381317928794
40782,5330.788989726857
40783,10628.004484160405
40784,7016.315470700673
40785,6512.813515196758
40786,7467.34777160056
40787,7013.822696691676
40788,7589.573993050168
40789,6977.328950046945
40790,8101.872124895866
40791,9631.163270946665
40792,7892.802245873744
40793,8450.704269638689
40794,7679.333776581488
40795,5299.320181170423
40796,6480.549084313418
40797,9671.523804581977
40798,6919.518829748252
40799,7101.766470031424
40800,15434.589788240228
40801,6077.589165297296
40802,7339.365323335728
40803,5738.09700861337
40804,8517.913183622004
40805,9293.929692469044
40806,7394.254570358497
40807,8529.290933965965
40808,8785.635378451043
40809,6412.86473339941
40810,7873.886146959662
40811,6165.929438918697
40812,5869.25195830654
40813,6425.342757304676
40814,5304.110211466915
40815,5534.138216426363
40816,8354.102744866748
40817,17693.141740332103
40818,8115.607376669261
40819,5522.633622154368
40820,6774.668033736155
40821,6435.922818865075
40822,7689.4930811454005
40823,4634.294805781581
40824,7245.962184968521
40825,8279.025932648183
40826,7133.112661500321
40827,11446.283031320158
40828,11305.31111614431
40829,8299.614842318997
40830,5552.181980341011
40831,6552.158329495026
40832,6243.399137110805
40833,8202.23720010709
40834,8376.98361596026
40835,5678.33416099681
40836,6390.796499301081
40837,4626.379691815103
40838,6996.792759121239
40839,6079.645847680618
40840,7239.038366107795
40841,5790.516598678384
40842,8232.540712136184
40843,6005.115414726001
40844,6236.568085954241
40845,6192.559104922275
40846,5620.993324742876
40847,7084.369988237427
40848,4681.188550703428
40849,9779.961374658735
40850,6427.36954709316
40851,5388.918079291973
40852,7571.505052339984
40853,6175.1293376212025
40854,6666.290023553551
40855,5890.009174161255
40856,6386.429458900703
40857,7933.834960895852
40858,7804.372851066139
40859,8048.675656896938
40860,5337.459833477745
40861,6097.099763368001
40862,7158.911486445769
40863,7713.431858717664
40864,6366.647361254342
40865,8305.219831683666
40866,10643.374838581763
40867,7956.600396179795
40868,6301.066518741085
40869,5333.321227390952
40870,5753.794581312439
40871,8404.270679853864
40872,6608.887212908507
40873,9784.709722731413
40874,6529.123377223427
40875,6920.14814105484
40876,5077.231038731842
40877,5386.569227064188
40878,7000.619999487929
40879,18244.326463870842
40880,4558.802739527711
40881,6177.997175151807
40882,7940.391701009264
40883,8044.652318096907
40884,7345.477128017735
40885,8846.624227683546
40886,6005.1960950903285
40887,6624.928247483919
40888,5605.653860818334
40889,7386.969864389737
40890,5469.224268948941
40891,7283.705503152505
40892,6919.606478974471
40893,5346.938419676379
40894,7566.678636156583
40895,7518.988810157683
40896,5813.495602966248
40897,8909.617590986143
40898,7057.3787594527075
40899,4910.019163329904
40900,8421.685774835907
40901,6470.026145050851
40902,6682.891168118026
40903,9576.06700332604
40904,7682.461243026952
40905,7859.987899988047
40906,5561.873159305317
40907,5847.9055246282205
40908,6397.6600572714915
40909,4696.524294425316
40910,8305.835703403192
40911,5125.1446722591745
40912,6910.41672504451
40913,4892.418524037256
40914,7751.651216987828
40915,5605.510135921595
40916,6657.161100722343
40917,6161.049986113349
40918,7208.116380246255
40919,6090.662995623857
40920,8308.569498943565
40921,6761.734946386466
40922,7830.354473729985
40923,8752.507873934332
40924,9033.165349490806
40925,6229.515608433117
40926,5654.039958584392
40927,7789.884409921068
40928,5703.9386507447325
40929,9226.290172806823
40930,7277.758876145452
40931,8447.214391453907
40932,8562.763753900903
40933,8791.553444249486
40934,5080.939974444149
40935,8659.563946260214
40936,8492.531954102498
40937,7484.813199338219
40938,7480.02039053213
40939,8651.371418602883
40940,7564.441565419677
40941,6882.894136051759
40942,6082.46274754613
40943,6119.942335414746
40944,6069.0207063420185
40945,7113.200161756633
40946,5417.750025821685
40947,6358.384136365619
40948,7788.854501026709
40949,6742.938246418236
40950,7760.065711800382
40951,7489.212372206052
40952,7850.266670920237
40953,7028.43383871522
40954,6407.066656526177
40955,6982.298239575394
40956,6094.656004435462
40957,6650.489223932608
40958,6829.40648831878
40959,7119.522436425381
40960,6974.232923911425
40961,5861.712079340675
40962,7654.984135985734
40963,7611.99090173655
40964,6880.104441022547
40965,6312.361164965774
40966,5357.596713361462
40967,6619.943937770774
40968,7665.328931220698
40969,5572.424423873112
40970,7730.457581667319
40971,8261.70443653168
40972,6875.401885005457
40973,6538.744635417142
40974,4509.366545765372
40975,6609.125306128962
40976,8286.858816829446
40977,6986.958594185268
40978,7507.05416182131
40979,8913.858331755102
40980,5745.478565341152
40981,7821.663739347296
40982,5848.156474800638
40983,5206.960698224619
40984,7736.981862586667
40985,9325.245807545669
40986,6941.040589876697
40987,6878.844188172136
40988,5228.072694566866
40989,6304.44828462003
40990,9379.14637625042
40991,6259.948552716975
40992,8162.913929490528
40993,5372.766465254252
40994,5930.512844677852
40995,5018.390589232214
40996,6481.487268020346
40997,5527.816378743289
40998,5348.396914985544
40999,7582.0507392673
41000,4608.944147315168
41001,6769.840998201643
41002,6958.462135245261
41003,6648.202363211076
41004,6278.897428282769
41005,8456.728050841983
41006,6993.305579448061
41007,6481.631378672863
41008,8213.729622840958
41009,7965.517287176025
41010,7652.290467836955
41011,5272.946125807053
41012,9310.767309018383
41013,7191.038935589892
41014,6851.520745806377
41015,9060.134677121661
41016,8414.415735242883
41017,8468.477438256316
41018,7897.943788694215
41019,6963.589055325542
41020,7881.087340757768
41021,11675.89350375562
41022,5673.849344278971
41023,5980.367446601028
41024,7004.277232740753
41025,8486.466076686467
41026,6642.566422653676
41027,9395.510630241684
41028,6917.802147532836
41029,6012.515316697643
41030,5216.679222339279
41031,7034.313106340003
41032,7100.40499812261
41033,5181.8044174749475
41034,7573.485100300558
41035,4870.061774271505
41036,7638.974663610621
41037,7037.606797387594
41038,6741.232857670687
41039,7986.735843150356
41040,6204.439093744017
41041,6739.063076218048
41042,7954.622166676141
41043,7850.677003066671
41044,8316.804118832784
41045,7382.439753680525
41046,8268.73973319855
41047,6339.225815721762
41048,6062.874809018524
41049,9624.282299965576
41050,5400.906308301684
41051,10044.079332868769
41052,8030.928426368353
41053,6852.915020165848
41054,7774.126441596923
41055,5583.2101663153935
41056,6725.388756731024
41057,7510.9813522935165
41058,5631.5101339985285
41059,4762.6019119763205
41060,7694.008436489667
41061,6946.136873087299
41062,8918.790424261648
41063,7059.498508783218
41064,6570.359739516443
41065,6411.571374992391
41066,8191.167161311878
41067,5418.878134213475
41068,9471.476015185593
41069,7863.890050360808
41070,11393.644169478493
41071,5846.458113354355
41072,6393.743672086851
41073,11031.175821600078
41074,9773.398378550371
41075,5727.474855862903
41076,9867.152423868205
41077,5962.05931006168
41078,6651.1464959925115
41079,5724.619670376674
41080,6467.171950511341
41081,5751.869397945311
41082,5746.265786221312
41083,5768.274846303772
41084,5407.10163575555
41085,9158.085725467225
41086,7301.419698394826
41087,22506.693354854568
41088,7361.925421858997
